Timestamp,Value,category
2020/7/1 8:06,42166.3734,
2020/7/1 20:10,42166.3274,
2020/7/2 18:34,42166.2355,
2020/7/3 18:00,42166.1365,
2020/7/4 6:45,42166.0818,
2020/7/5 5:53,42165.9818,
2020/7/6 6:14,42165.8783,
2020/7/7 6:31,42165.7785,
2020/7/8 7:13,42165.6815,
2020/7/9 19:24,42165.5497,
2020/7/10 7:24,42165.508,0.0
2020/7/11 18:27,42165.395,0.0
2020/7/12 21:10,42165.317,0.0
2020/7/13 7:49,42165.2898,0.0
2020/7/14 7:04,42165.2315,0.0
2020/7/15 8:03,42165.1771,0.0
2020/7/16 8:10,42165.1323,0.0
2020/7/17 5:40,42165.0981,0.0
2020/7/18 6:41,42165.0673,0.0
2020/7/19 6:48,42165.0437,0.0
2020/7/20 19:25,42165.0103,0.0
2020/7/21 7:03,42165.005,0.0
2020/7/22 7:10,42164.9829,0.0
2020/7/23 21:04,42164.931,0.0
2020/7/24 7:24,42164.9153,0.0
2020/7/25 20:50,42164.834,0.0
2020/7/26 19:42,42164.7695,0.0
2020/7/27 19:49,42164.6908,0.0
2020/7/28 7:53,42164.6453,0.0
2020/7/29 8:00,42164.5534,0.0
2020/7/30 19:25,42164.4099,0.0
2020/7/31 8:14,42164.3552,0.0
2020/8/1 20:25,42164.2041,0.0
2020/8/2 17:12,42164.1186,0.0
2020/8/3 6:52,42164.0611,0.0
2020/8/4 17:50,42163.9263,0.0
2020/8/5 6:41,42163.8764,0.0
2020/8/6 7:39,42163.7873,0.0
2020/8/7 17:41,42163.674,0.0
2020/8/8 19:31,42163.5944,0.0
2020/8/9 19:39,42163.5268,0.0
2020/8/10 16:19,42163.4758,0.0
2020/8/11 19:53,42163.4133,0.0
2020/8/12 6:21,42163.394,0.0
2020/8/13 17:20,42163.3357,0.0
2020/8/14 8:11,42163.3177,0.0
2020/8/15 7:21,42163.2931,0.0
2020/8/16 18:22,42163.2622,0.0
2020/8/17 18:34,42163.2446,0.0
2020/8/18 19:00,42163.2244,0.0
2020/8/19 19:07,42163.1972,0.0
2020/8/20 17:52,42163.1624,0.0
2020/8/21 19:45,42163.1086,0.0
2020/8/22 19:28,42163.0456,0.0
2020/8/23 17:16,42162.9752,0.0
2020/8/24 17:59,42162.8855,0.0
2020/8/25 7:46,42162.8286,0.0
2020/8/26 5:53,42162.7383,0.0
2020/8/27 19:12,42166.6518,0.0
2020/8/28 8:07,42166.5848,0.0
2020/8/29 6:56,42166.4861,0.0
2020/8/30 16:59,42166.3454,0.0
2020/8/31 8:29,42166.2812,0.0
2020/9/1 18:26,42166.1519,0.0
2020/9/2 8:43,42166.0992,0.0
2020/9/3 17:27,42165.9854,0.0
2020/9/4 19:18,42165.9019,0.0
2020/9/5 7:21,42165.8674,0.0
2020/9/6 6:13,42165.8026,0.0
2020/9/7 7:35,42165.7387,0.0
2020/9/8 7:43,42165.6843,0.0
2020/9/9 7:50,42165.638,0.0
2020/9/10 7:57,42165.6002,0.0
2020/9/11 8:04,42165.571,0.0
2020/9/12 6:28,42165.5509,0.0
2020/9/13 16:55,42165.5256,0.0
2020/9/14 17:02,42165.5113,0.0
2020/9/15 18:53,42165.4917,0.0
2020/9/16 19:00,42165.4645,0.0
2020/9/17 19:07,42165.4255,0.0
2020/9/18 19:14,42165.3717,0.0
2020/9/19 17:38,42165.3084,0.0
2020/9/20 16:02,42165.2324,0.0
2020/9/21 14:25,42165.1474,0.0
2020/9/22 14:32,42165.0488,0.0
2020/9/23 6:03,42164.9803,0.0
2020/9/24 18:13,42164.827,0.0
2020/9/25 6:17,42164.7737,0.0
2020/9/26 5:59,42164.6737,0.0
2020/9/27 18:35,42164.5259,0.0
2020/9/28 6:34,42164.4774,0.0
2020/9/29 6:45,42164.3858,0.0
2020/9/30 6:53,42164.2989,0.0
2020/10/1 13:53,42164.1949,0.0
2020/10/2 17:27,42164.1071,0.0
2020/10/3 4:55,42164.0757,0.0
2020/10/4 5:38,42164.009,0.0
2020/10/5 5:32,42163.951,0.0
2020/10/6 5:52,42163.8991,0.0
2020/10/7 6:03,42163.8554,0.0
2020/10/8 6:06,42163.8198,0.0
2020/10/9 6:13,42163.7926,0.0
2020/10/10 6:56,42163.7724,0.0
2020/10/11 5:58,42163.7584,0.0
2020/10/12 16:55,42163.7351,0.0
2020/10/13 17:02,42163.7163,0.0
2020/10/14 17:09,42163.6883,0.0
2020/10/15 5:13,42163.6701,0.0
2020/10/16 5:20,42163.6199,0.0
2020/10/17 17:31,42163.5201,0.0
2020/10/18 17:38,42163.4346,0.0
2020/10/19 16:02,42163.3449,0.0
2020/10/20 16:09,42163.242,0.0
2020/10/21 4:12,42163.1863,0.0
2020/10/22 4:19,42163.0797,0.0
2020/10/23 16:30,42162.9236,0.0
2020/10/24 6:35,42162.862,0.0
2020/10/25 4:41,42162.7692,0.0
2020/10/26 4:48,42162.6719,0.0
2020/10/27 4:55,42162.5791,0.0
2020/10/28 1:35,42162.5037,0.0
2020/10/29 15:29,42166.427,0.0
2020/10/30 3:33,42166.3818,0.0
2020/10/31 15:44,42166.2899,0.0
2020/11/1 3:47,42166.2585,0.0
2020/11/2 2:11,42166.2049,0.0
2020/11/3 4:02,42166.1522,0.0
2020/11/4 4:09,42166.1088,0.0
2020/11/5 5:37,42166.0737,0.0
2020/11/6 5:41,42166.0488,0.0
2020/11/7 14:50,42166.0196,0.0
2020/11/10 15:11,42165.963,0.0
2020/11/11 15:19,42165.9324,0.0
2020/11/12 5:56,42165.9066,0.0
2020/11/13 4:49,42165.857,0.0
2020/11/14 1:53,42165.799,0.0
2020/11/15 15:47,42165.675,0.0
2020/11/16 1:40,42165.6327,0.0
2020/11/17 3:02,42165.529,0.0
2020/11/18 2:21,42166.0129,0.0
2020/11/19 0:47,42164.8853,0.0
2020/11/20 14:39,42164.7435,0.0
2020/11/21 3:58,42164.7093,0.0
2020/11/22 2:50,42164.6044,0.0
2020/11/23 15:00,42164.4592,0.0
2020/11/24 15:08,42164.3695,0.0
2020/11/25 1:28,42164.3328,0.0
2020/11/26 5:45,42164.2369,0.0
2020/11/27 4:31,42164.1679,0.0
2020/11/28 4:37,42164.1018,0.0
2020/11/29 20:53,42164.0051,0.0
2020/11/30 5:25,42163.9871,0.0
2020/12/1 5:41,42163.9403,0.0
2020/12/2 2:18,42163.9089,0.0
2020/12/3 2:25,42163.8772,0.0
2020/12/4 0:03,42163.8551,0.0
2020/12/5 0:55,42163.8327,0.0
2020/12/6 6:57,42163.8063,0.0
2020/12/7 23:28,42163.7702,0.0
2020/12/8 23:15,42163.7379,0.0
2020/12/10 6:50,42163.6791,0.0
2020/12/11 0:56,42163.6359,0.0
2020/12/12 4:02,42163.5582,0.0
2020/12/13 18:17,42163.4268,0.0
2020/12/14 22:40,42163.311,0.0
2020/12/15 11:30,42163.26,0.0
2020/12/16 0:30,42163.2014,0.0
2020/12/17 11:17,42166.2139,0.0
2020/12/18 7:38,42166.3084,0.0
2020/12/19 17:52,42166.2419,0.0
2020/12/20 7:52,42166.1822,0.0
2020/12/21 21:46,42166.0325,0.0
2020/12/22 10:25,42165.9837,0.0
2020/12/23 6:05,42165.915,0.0
2020/12/24 19:07,42165.7978,0.0
2020/12/25 20:31,42165.7264,0.0
2020/12/26 7:00,42165.7003,0.0
2020/12/27 5:42,42165.6484,0.0
2020/12/28 7:19,42165.5985,0.0
2020/12/29 6:16,42165.5604,0.0
2020/12/30 18:45,42165.5152,0.0
2020/12/31 7:27,42165.4995,0.0
2021/1/1 19:37,42165.4687,0.0
2021/1/2 7:41,42165.455,0.0
2021/1/3 21:35,42165.4196,0.0
2021/1/4 7:55,42165.4056,0.0
2021/1/5 8:02,42165.3717,0.0
2021/1/6 8:09,42165.3283,0.0
2021/1/7 20:20,42165.2399,0.0
2021/1/8 22:10,42165.1631,0.0
2021/1/9 18:51,42165.095,0.0
2021/1/10 6:45,42165.0527,0.0
2021/1/11 7:06,42164.9604,0.0
2021/1/12 20:55,42164.8051,0.0
2021/1/13 7:16,42164.7648,0.0
2021/1/14 4:55,42164.6734,0.0
2021/1/15 17:50,42164.5192,0.0
2021/1/16 6:47,42164.4685,0.0
2021/1/17 7:44,42164.3692,0.0
2021/1/18 7:51,42164.2773,0.0
2021/1/19 20:02,42164.1497,0.0
2021/1/20 20:09,42164.0724,0.0
2021/1/21 6:43,42164.0396,0.0
2021/1/22 8:19,42163.9686,0.0
2021/1/23 6:43,42163.9145,0.0
2021/1/24 6:50,42163.8638,0.0
2021/1/25 6:57,42163.8215,0.0
2021/1/26 6:40,42163.7875,0.0
2021/1/27 7:08,42163.759,0.0
2021/1/28 21:05,42163.727,0.0
2021/1/29 17:46,42163.7088,0.0
2021/1/30 7:33,42163.6925,0.0
2021/1/31 18:00,42163.653,0.0
2021/2/1 5:32,42163.6353,0.0
2021/2/2 7:14,42163.5902,0.0
2021/2/3 20:04,42163.5011,0.0
2021/2/4 20:12,42163.4304,0.0
2021/2/5 17:20,42163.3626,0.0
2021/2/6 16:59,42163.2785,0.0
2021/2/7 6:46,42163.2266,0.0
2021/2/8 6:53,42163.1319,0.0
2021/2/9 20:47,42162.9741,0.0
2021/2/10 19:11,42162.881,0.0
2021/2/11 7:02,42162.835,0.0
2021/2/12 19:22,42162.6831,0.0
2021/2/13 7:27,42162.636,0.0
2021/2/14 7:22,42162.5407,0.0
2021/2/15 17:11,42162.4154,0.0
2021/2/16 7:50,42162.3608,0.0
2021/2/17 7:57,42162.2798,0.0
2021/2/18 6:20,42166.4483,0.0
2021/2/19 6:18,42166.5579,0.0
2021/2/20 6:23,42166.5027,0.0
2021/2/21 8:25,42166.4508,0.0
2021/2/22 8:13,42166.4152,0.0
2021/2/23 8:39,42166.3841,0.0
2021/2/24 8:46,42166.3569,0.0
2021/2/25 18:39,42166.3358,0.0
2021/2/26 9:04,42166.3185,0.0
2021/2/27 19:28,42166.2871,0.0
2021/2/28 9:02,42166.266,0.0
2021/3/1 19:42,42166.2044,0.0
2021/3/2 18:05,42166.1491,0.0
2021/3/3 19:56,42166.0771,0.0
2021/3/4 7:59,42166.0437,0.0
2021/3/5 5:55,42165.9672,0.0
2021/3/6 8:14,42165.8702,0.0
2021/3/7 18:41,42165.7297,0.0
2021/3/8 18:48,42165.6313,0.0
2021/3/9 18:55,42165.5312,0.0
2021/3/10 6:59,42165.4844,0.0
2021/3/11 19:09,42165.3333,0.0
2021/3/12 6:19,42165.291,0.0
2021/3/13 17:09,42165.1547,0.0
2021/3/14 5:28,42165.1057,0.0
2021/3/15 7:00,42165.0137,0.0
2021/3/16 7:41,42164.9296,0.0
2021/3/17 14:41,42164.8354,0.0
2021/3/18 6:22,42164.7878,0.0
2021/3/19 4:27,42164.7311,0.0
2021/3/20 5:27,42164.677,0.0
2021/3/21 6:33,42164.6299,0.0
2021/3/22 13:33,42164.5918,0.0
2021/3/23 6:18,42164.5685,0.0
2021/3/24 18:57,42164.545,0.0
2021/3/25 7:01,42164.5321,0.0
2021/3/26 17:28,42164.5127,0.0
2021/3/27 17:35,42164.4867,0.0
2021/3/28 17:42,42164.4502,0.0
2021/3/29 6:46,42164.4272,0.0
2021/3/30 17:56,42164.3403,0.0
2021/3/31 7:24,42164.3056,0.0
2021/4/1 16:27,42164.1892,0.0
2021/4/2 18:18,42164.0928,0.0
2021/4/3 6:21,42164.0488,0.0
2021/4/4 15:05,42163.9134,0.0
2021/4/5 4:18,42163.8596,0.0
2021/4/6 1:32,42163.7704,0.0
2021/4/7 15:26,42163.6081,0.0
2021/4/8 5:13,42163.5521,0.0
2021/4/9 5:20,42163.4531,0.0
2021/4/10 3:44,42163.364,0.0
2021/4/11 17:38,42163.2244,0.0
2021/4/12 5:41,42163.1798,0.0
2021/4/13 16:09,42163.0705,0.0
2021/4/14 3:40,42163.0335,0.0
2021/4/15 3:59,42162.9662,0.0
2021/4/16 4:26,42162.9062,0.0
2021/4/17 4:36,42162.8549,0.0
2021/4/18 6:27,42162.8101,0.0
2021/4/19 4:47,42162.7781,0.0
2021/4/20 3:11,42162.7526,0.0
2021/4/21 3:18,42162.7322,0.0
2021/4/22 15:29,42166.6891,0.0
2021/4/23 13:52,42166.6563,0.0
2021/4/24 3:39,42166.6159,0.0
2021/4/25 3:46,42166.5812,0.0
2021/4/26 3:53,42166.5335,0.0
2021/4/27 6:00,42166.4732,0.0
2021/4/28 4:07,42166.4107,0.0
2021/4/29 16:18,42166.2823,0.0
2021/4/30 4:22,42166.2394,0.0
2021/5/1 14:49,42166.0975,0.0
2021/5/2 3:01,42166.0476,0.0
2021/5/3 15:03,42165.8915,0.0
2021/5/4 15:10,42165.7869,0.0
2021/5/5 18:45,42165.6694,0.0
2021/5/6 3:20,42165.6344,0.0
2021/5/7 3:27,42165.5349,0.0
2021/5/8 3:34,42165.4396,0.0
2021/5/9 3:41,42165.3496,0.0
2021/5/10 3:48,42165.266,0.0
2021/5/11 2:12,42165.1951,0.0
2021/5/12 14:23,42165.0959,0.0
2021/5/13 1:55,42165.0647,0.0
2021/5/14 1:58,42165.0101,0.0
2021/5/15 0:57,42164.9652,0.0
2021/5/16 12:39,42164.9122,0.0
2021/5/17 14:58,42164.8814,0.0
2021/5/18 3:01,42164.8671,0.0
2021/5/19 15:12,42164.8433,0.0
2021/5/20 3:16,42164.8315,0.0
2021/5/22 1:49,42164.7939,0.0
2021/5/23 1:53,42164.7634,0.0
2021/5/24 0:20,42164.7236,0.0
2021/5/25 2:08,42164.6655,0.0
2021/5/26 2:08,42164.5977,0.0
2021/5/27 14:25,42164.4718,0.0
2021/5/28 14:32,42164.3796,0.0
2021/5/29 1:53,42164.3356,0.0
2021/5/30 0:59,42164.2397,0.0
2021/5/31 2:23,42164.1307,0.0
2021/6/1 1:13,42164.0323,0.0
2021/6/2 7:27,42163.8997,0.0
2021/6/3 7:42,42163.7979,0.0
2021/6/4 1:34,42163.7245,0.0
2021/6/5 1:41,42163.6294,0.0
2021/6/6 7:00,42163.524,0.0
2021/6/7 7:21,42163.4439,0.0
2021/6/8 7:36,42163.3716,0.0
2021/6/9 21:06,42163.2754,0.0
2021/6/10 6:37,42163.2535,0.0
2021/6/11 6:55,42163.2048,0.0
2021/6/12 5:46,42163.1652,0.0
2021/6/13 6:12,42163.1305,0.0
2021/6/14 1:01,42163.1047,0.0
2021/6/15 6:47,42163.0775,0.0
2021/6/16 23:39,42163.0397,0.0
2021/6/17 23:46,42163.0175,0.0
2021/6/18 7:31,42163.0091,0.0
2021/6/19 6:25,42162.9791,0.0
2021/6/20 6:47,42162.9388,0.0
2021/6/21 20:48,42162.8538,0.0
2021/6/23 21:02,42166.7152,0.0
2021/6/24 21:08,42166.6375,0.0
2021/6/25 17:22,42166.5582,0.0
2021/6/26 7:36,42166.4968,0.0
2021/6/27 17:55,42166.3549,0.0
2021/6/28 18:18,42166.2501,0.0
2021/6/29 20:00,42166.1388,0.0
2021/6/30 8:04,42166.0858,0.0
2021/7/1 8:10,42165.9843,0.0
2021/7/2 20:21,42165.8391,0.0
2021/7/3 20:28,42165.7516,0.0
2021/7/4 20:35,42165.6722,0.0
2021/7/5 20:42,42165.6016,0.0
2021/7/6 6:45,42165.5747,0.0
2021/7/7 19:13,42165.4875,0.0
2021/7/8 7:16,42165.4639,0.0
2021/7/9 5:56,42165.4233,0.0
2021/7/10 7:57,42165.3849,0.0
2021/7/11 6:42,42165.3563,0.0
2021/7/12 7:07,42165.3299,0.0
2021/7/13 7:12,42165.3061,0.0
2021/7/14 18:19,42165.2699,0.0
2021/7/15 6:16,42165.2576,0.0
2021/7/16 6:38,42165.2271,0.0
2021/7/17 6:49,42165.1898,0.0
2021/7/18 20:30,42165.116,0.0
2021/7/19 18:16,42165.0614,0.0
2021/7/20 7:50,42165.0227,0.0
2021/7/21 19:08,42164.9131,0.0
2021/7/22 19:15,42164.8278,0.0
2021/7/23 19:22,42164.7362,0.0
2021/7/24 7:25,42164.6854,0.0
2021/7/25 7:44,42164.5859,0.0
2021/7/26 7:39,42164.4856,0.0
2021/7/27 6:58,42164.3869,0.0
2021/7/28 7:53,42164.2826,0.0
2021/7/29 8:00,42164.1839,0.0
2021/7/30 7:42,42164.0911,0.0
2021/7/31 6:24,42164.007,0.0
2021/8/1 6:40,42163.9255,0.0
2021/8/2 7:02,42163.852,0.0
2021/8/3 7:16,42163.7881,0.0
2021/8/4 7:35,42163.7332,0.0
2021/8/5 6:30,42163.6894,0.0
2021/8/6 7:13,42163.6505,0.0
2021/8/7 7:20,42163.6191,0.0
2021/8/8 7:12,42163.5924,0.0
2021/8/9 7:34,42163.5675,0.0
2021/8/10 21:28,42163.5252,0.0
2021/8/11 19:52,42163.4991,0.0
2021/8/12 6:50,42163.4837,0.0
2021/8/13 8:02,42163.4436,0.0
2021/8/14 20:13,42163.3744,0.0
2021/8/15 20:20,42163.3158,0.0
2021/8/16 17:00,42163.2572,0.0
2021/8/17 20:34,42163.1725,0.0
2021/8/18 18:57,42163.096,0.0
2021/8/19 7:37,42163.0484,0.0
2021/8/20 7:08,42162.9589,0.0
2021/8/21 7:15,42162.8628,0.0
2021/8/22 19:25,42162.7148,0.0
2021/8/23 7:29,42162.6621,0.0
2021/8/24 19:51,42164.3496,0.0
2021/8/25 1:46,42166.1898,0.0
2021/8/26 7:50,42166.4715,0.0
2021/8/27 7:57,42166.3748,0.0
2021/8/28 8:04,42166.2871,0.0
2021/8/29 8:10,42166.2105,0.0
2021/8/30 6:07,42166.1463,0.0
2021/8/31 6:33,42166.0844,0.0
2021/9/1 4:21,42166.0375,0.0
2021/9/2 6:21,42165.9924,0.0
2021/9/3 7:12,42165.9576,0.0
2021/9/4 7:31,42165.9299,0.0
2021/9/5 17:36,42165.8932,0.0
2021/9/6 19:27,42165.8685,0.0
2021/9/7 19:34,42165.8424,0.0
2021/9/8 19:41,42165.8107,0.0
2021/9/9 19:21,42165.7729,0.0
2021/9/10 5:21,42165.7513,0.0
2021/9/11 16:35,42165.6759,0.0
2021/9/12 17:30,42165.61,0.0
2021/9/13 5:43,42165.5722,0.0
2021/9/14 18:39,42165.4567,0.0
2021/9/15 18:46,42165.3717,0.0
2021/9/16 18:53,42165.2814,0.0
2021/9/17 19:00,42165.187,0.0
2021/9/18 7:04,42165.1362,0.0
2021/9/19 17:31,42164.996,0.0
2021/9/20 6:03,42164.9428,0.0
2021/9/21 5:41,42164.8458,0.0
2021/9/22 6:39,42164.746,0.0
2021/9/23 5:33,42164.6574,0.0
2021/9/24 7:17,42164.5643,0.0
2021/9/25 4:43,42164.4906,0.0
2021/9/26 6:16,42164.4127,0.0
2021/9/27 6:23,42164.3476,0.0
2021/9/28 5:21,42164.2935,0.0
2021/9/29 13:31,42164.2324,0.0
2021/9/30 5:01,42164.21,0.0
2021/10/1 5:00,42164.1811,0.0
2021/10/2 5:03,42164.1573,0.0
2021/10/3 5:22,42164.1368,0.0
2021/10/4 15:49,42164.1054,0.0
2021/10/5 17:39,42164.078,0.0
2021/10/6 17:46,42164.0457,0.0
2021/10/7 16:10,42164.0073,0.0
2021/10/8 16:17,42163.9569,0.0
2021/10/9 16:24,42163.8966,0.0
2021/10/10 16:31,42163.8273,0.0
2021/10/11 14:54,42163.7567,0.0
2021/10/12 2:58,42163.7133,0.0
2021/10/13 1:21,42163.6339,0.0
2021/10/14 14:23,42163.4941,0.0
2021/10/15 15:22,42163.3915,0.0
2021/10/16 4:47,42163.3323,0.0
2021/10/17 15:36,42163.1865,0.0
2021/10/18 3:40,42163.135,0.0
2021/10/19 4:09,42163.0341,0.0
2021/10/20 4:20,42162.9376,0.0
2021/10/21 14:21,42162.8084,0.0
2021/10/22 4:08,42162.7619,0.0
2021/10/23 4:15,42162.6826,0.0
2021/10/24 14:42,42162.5819,0.0
2021/10/25 1:02,42162.5556,0.0
2021/10/26 2:52,42162.4959,0.0
2021/10/27 15:02,42166.3555,0.0
2021/10/28 15:09,42166.0824,0.0
2021/10/29 3:13,42166.0572,0.0
2021/10/30 4:16,42166.0389,0.0
2021/10/31 3:27,42166.0227,0.0
2021/11/1 3:34,42166.0017,0.0
2021/11/2 15:44,42165.9621,0.0
2021/11/3 15:51,42165.9307,0.0
2021/11/4 14:15,42165.8915,0.0
2021/11/5 14:22,42165.8402,0.0
2021/11/6 1:33,42165.8088,0.0
2021/11/7 6:37,42165.7286,0.0
2021/11/8 14:43,42165.6251,0.0
2021/11/9 2:46,42165.5794,0.0
2021/11/10 7:24,42165.4724,0.0
2021/11/11 15:03,42165.3445,0.0
2021/11/12 19:48,42165.2192,0.0
2021/11/13 5:10,42165.1788,0.0
2021/11/14 5:45,42165.072,0.0
2021/11/15 1:44,42164.9871,0.0
2021/11/16 4:27,42164.8769,0.0
2021/11/17 1:17,42164.7953,0.0
2021/11/18 2:05,42164.7039,0.0
2021/11/19 2:12,42164.6221,0.0
2021/11/20 2:19,42164.5472,0.0
2021/11/21 14:29,42164.4494,0.0
2021/11/22 14:36,42164.3947,0.0
2021/11/23 0:56,42164.3743,0.0
2021/11/24 1:03,42164.3311,0.0
2021/11/25 1:10,42164.2958,0.0
2021/11/26 1:17,42164.2675,0.0
2021/11/27 1:24,42164.2448,0.0
2021/11/28 1:31,42164.2246,0.0
2021/11/29 1:38,42164.2044,0.0
2021/11/30 1:45,42164.1806,0.0
2021/12/1 1:52,42164.1508,0.0
2021/12/2 0:20,42164.1161,0.0
2021/12/3 6:30,42164.0572,0.0
2021/12/4 21:09,42163.9571,0.0
2021/12/5 21:00,42163.8823,0.0
2021/12/6 0:43,42163.8686,0.0
2021/12/7 6:05,42163.7648,0.0
2021/12/8 17:10,42163.6224,0.0
2021/12/9 21:44,42163.4985,0.0
2021/12/10 1:11,42163.4834,0.0
2021/12/11 21:58,42163.283,0.0
2021/12/12 20:21,42163.1837,0.0
2021/12/13 20:28,42163.0817,0.0
2021/12/14 20:35,42162.9853,0.0
2021/12/15 6:57,42162.9472,0.0
2021/12/16 1:47,42162.8805,0.0
2021/12/17 5:57,42166.538,0.0
2021/12/18 6:22,42166.4553,0.0
2021/12/19 21:10,42166.3622,0.0
2021/12/20 5:17,42166.3375,0.0
2021/12/21 5:38,42166.2843,0.0
2021/12/22 7:44,42166.2408,0.0
2021/12/23 7:51,42166.2066,0.0
2021/12/24 7:58,42166.1786,0.0
2021/12/25 8:04,42166.1547,0.0
2021/12/26 21:58,42166.1197,0.0
2021/12/27 20:22,42166.0956,0.0
2021/12/28 23:55,42166.0605,0.0
2021/12/29 18:43,42166.0317,0.0
2021/12/30 20:42,42165.982,0.0
2021/12/31 20:49,42165.9271,0.0
2022/1/1 20:56,42165.862,0.0
2022/1/2 21:03,42165.7872,0.0
2022/1/3 7:23,42165.7558,0.0
2022/1/4 7:30,42165.6678,0.0
2022/1/5 21:24,42165.5108,0.0
2022/1/6 7:44,42165.4681,0.0
2022/1/7 19:54,42165.3058,0.0
2022/1/8 7:58,42165.2512,0.0
2022/1/9 8:04,42165.1429,0.0
2022/1/10 7:11,42165.044,0.0
2022/1/11 5:57,42164.9526,0.0
2022/1/12 22:12,42165.0995,0.0
2022/1/13 20:35,42165.0238,0.0
2022/1/14 6:56,42164.9899,0.0
2022/1/15 6:59,42164.9304,0.0
2022/1/16 7:08,42164.8752,0.0
2022/1/17 7:16,42164.8278,0.0
2022/1/18 19:38,42164.7698,0.0
2022/1/19 6:36,42164.751,0.0
2022/1/20 6:56,42164.7208,0.0
2022/1/21 7:44,42164.6924,0.0
2022/1/22 19:54,42164.654,0.0
2022/1/23 7:58,42164.6411,0.0
2022/1/24 18:24,42164.5977,0.0
2022/1/25 20:15,42164.5596,0.0
2022/1/26 20:22,42164.5175,0.0
2022/1/27 20:28,42164.4679,0.0
2022/1/28 20:29,42164.4104,0.0
2022/1/29 20:42,42164.3437,0.0
2022/1/30 20:49,42164.268,0.0
2022/1/31 20:56,42164.1836,0.0
2022/2/1 21:26,42140.5725,0.0
2022/2/2 4:41,42141.208,0.0
2022/2/11 18:46,42125.7783,0.0
2022/2/12 6:50,42125.7386,0.0
2022/2/13 6:57,42125.6659,0.0
2022/2/14 7:04,42125.5968,0.0
2022/2/15 19:14,42125.5045,0.0
2022/2/16 7:18,42125.4718,0.0
2022/2/17 7:25,42125.4122,0.0
2022/2/18 19:35,42125.3216,0.0
2022/2/19 19:42,42125.257,0.0
2022/2/20 6:45,42125.2279,0.0
2022/2/21 18:13,42125.1196,0.0
2022/2/22 18:20,42125.0391,0.0
2022/2/23 17:11,42124.956,0.0
2022/2/24 6:30,42124.9057,0.0
2022/2/25 15:13,42124.765,0.0
2022/2/26 6:46,42124.6937,0.0
2022/2/27 18:54,42124.5074,0.0
2022/2/28 6:56,42124.4445,0.0
2022/3/1 17:25,42124.2401,0.0
2022/3/2 17:32,42124.0902,0.0
2022/3/3 18:27,42123.9291,0.0
2022/3/4 7:12,42123.8444,0.0
2022/3/5 5:49,42123.6925,0.0
2022/3/6 16:16,42123.4665,0.0
2022/3/7 6:03,42123.374,0.0
2022/3/8 5:11,42123.2288,0.0
2022/3/9 6:17,42123.0792,0.0
2022/3/10 4:42,42122.9528,0.0
2022/3/11 4:48,42122.8242,0.0
2022/3/12 4:54,42122.7037,0.0
2022/3/13 5:01,42122.5904,0.0
2022/3/14 17:12,42122.4352,0.0
2022/3/15 17:19,42122.3354,0.0
2022/3/16 4:36,42122.287,0.0
2022/3/17 15:49,42122.1475,0.0
2022/3/18 19:40,42122.032,0.0
2022/3/19 12:37,42121.9615,0.0
2022/3/20 16:10,42121.8377,0.0
2022/3/21 16:30,42121.7241,0.0
2022/3/22 12:58,42121.6257,0.0
2022/3/23 13:04,42121.5007,0.0
2022/3/24 19:01,42121.3349,0.0
2022/3/25 13:18,42121.2284,0.0
2022/3/26 18:48,42121.0466,0.0
2022/3/27 11:49,42120.9362,0.0
2022/3/28 11:56,42120.7732,0.0
2022/3/29 15:29,42120.5777,0.0
2022/3/30 12:09,42120.4281,0.0
2022/3/31 15:43,42120.224,0.0
2022/4/1 12:23,42120.0705,0.0
2022/4/2 14:01,42119.881,0.0
2022/4/3 2:17,42119.7887,0.0
2022/4/4 12:44,42119.5485,0.0
2022/4/5 14:34,42119.376,0.0
2022/4/6 12:58,42119.2346,0.0
2022/4/7 14:48,42119.0811,0.0
2022/4/8 2:51,42119.0129,0.0
2022/4/9 14:16,42118.8297,0.0
2022/4/10 14:06,42118.7168,0.0
2022/4/11 1:29,42118.6617,0.0
2022/4/12 11:56,42118.5194,0.0
2022/4/13 14:07,42118.4115,0.0
2022/4/14 12:09,42118.3234,0.0
2022/4/15 21:56,42118.1859,0.0
2022/4/16 12:23,42118.1252,0.0
2022/4/17 12:30,42118.0215,0.0
2022/4/18 15:58,42117.8971,0.0
2022/4/19 14:09,42117.7925,0.0
2022/4/20 11:07,42117.6897,0.0
2022/4/21 0:54,42142.6338,0.0
2022/4/22 1:01,42166.2178,0.0
2022/4/23 13:11,42165.9596,0.0
2022/4/24 11:34,42165.8177,0.0
2022/4/25 11:41,42165.6669,0.0
2022/4/26 1:27,42165.5764,0.0
2022/4/27 0:47,42165.4154,0.0
2022/4/28 12:01,42165.1673,0.0
2022/4/29 0:04,42165.0807,0.0
2022/4/30 20:51,42164.7782,0.0
2022/5/1 14:28,42164.6658,0.0
2022/5/2 12:27,42164.5273,0.0
2022/5/3 15:23,42164.3653,0.0
2022/5/4 20:42,42164.201,0.0
2022/5/6 0:52,42164.0555,0.0
2022/5/7 0:43,42163.9417,0.0
2022/5/8 23:36,42163.7407,0.0
2022/5/9 11:30,42163.6981,0.0
2022/5/10 22:17,42163.5655,0.0
2022/5/11 11:44,42163.519,0.0
2022/5/12 11:50,42163.431,0.0
2022/5/13 11:57,42163.3413,0.0
2022/5/14 21:52,42163.2104,0.0
2022/5/16 22:37,42163.0004,0.0
2022/5/17 16:51,42162.9189,0.0
2022/5/19 22:10,42163.0873,0.0
2022/5/20 23:03,42162.4765,0.0
2022/5/21 19:43,42162.3524,0.0
2022/5/22 19:50,42162.194,0.0
2022/5/23 19:56,42162.1514,0.0
2022/5/24 11:26,42161.942,0.0
2022/5/25 20:09,42166.6072,0.0
2022/5/26 22:06,42166.4135,0.0
2022/5/27 22:43,42166.2086,0.0
2022/5/28 22:11,42166.0409,0.0
2022/5/29 20:51,42165.9321,0.0
2022/5/30 20:30,42165.7917,0.0
2022/5/31 21:01,42165.6549,0.0
2022/6/1 21:39,42165.5225,0.0
2022/6/2 20:20,42165.4073,0.0
2022/6/3 22:52,42165.2868,0.0
2022/6/4 21:55,42165.1844,0.0
2022/6/5 21:18,42165.0866,0.0
2022/6/6 19:45,42165.0014,0.0
2022/6/7 19:51,42164.9136,0.0
2022/6/8 21:41,42164.8214,0.0
2022/6/9 20:05,42164.7407,0.0
2022/6/10 21:17,42164.647,0.0
2022/6/11 21:18,42164.5548,0.0
2022/6/12 22:08,42164.4525,0.0
2022/6/13 21:22,42164.3513,0.0
2022/6/14 20:37,42164.2403,0.0
2022/6/15 21:07,42164.1138,0.0
2022/6/18 19:20,42163.6911,0.0
2022/6/19 19:58,42163.5229,0.0
2022/6/20 17:50,42163.3671,0.0
2022/6/22 21:29,42166.0423,0.0
2022/6/23 19:53,42165.8626,0.0
2022/6/25 20:06,42165.5332,0.0
2022/6/27 4:49,42165.3297,0.0
2022/6/28 4:55,42165.199,0.0
2022/6/29 5:02,42165.0706,0.0
2022/6/30 23:02,42164.8663,0.0
2022/7/1 20:45,42164.767,0.0
2022/7/2 20:51,42164.6636,0.0
2022/7/4 5:39,42164.5357,0.0
2022/7/5 19:27,42164.3928,0.0
2022/7/7 6:20,42164.2647,0.0
2022/7/8 4:17,42164.1822,0.0
2022/7/9 4:24,42164.0906,0.0
2022/7/10 16:34,42163.9459,0.0
2022/7/12 4:18,42163.787,0.0
2022/7/13 5:31,42163.6639,0.0
2022/7/14 4:56,42163.5386,0.0
2022/7/15 6:03,42163.3923,0.0
2022/7/16 5:09,42163.2468,0.0
2022/7/17 5:16,42163.0856,0.0
2022/7/18 5:22,42162.9163,0.0
2022/7/19 5:35,42162.742,0.0
2022/7/21 3:59,42166.2402,0.0
2022/7/22 4:50,42166.0872,0.0
2022/7/23 4:11,42165.926,0.0
2022/7/24 5:52,42165.7642,0.0
2022/7/25 5:52,42165.6198,0.0
2022/7/26 16:34,42165.432,0.0
2022/7/27 4:37,42165.3728,0.0
2022/7/28 4:43,42165.2556,0.0
2022/7/29 4:53,42165.1446,0.0
2022/7/30 4:35,42165.0403,0.0
2022/7/31 18:18,42164.882,0.0
2022/8/1 18:56,42164.7864,0.0
2022/8/2 5:16,42164.7474,0.0
2022/8/3 5:22,42164.6557,0.0
2022/8/4 15:48,42164.5268,0.0
2022/8/5 19:29,42164.4222,0.0
2022/8/6 5:41,42164.3793,0.0
2022/8/7 5:48,42164.2812,0.0
2022/8/8 18:16,42164.1242,0.0
2022/8/9 18:16,42164.0096,0.0
2022/8/10 4:24,42163.9552,0.0
2022/8/11 3:45,42163.8293,0.0
2022/8/12 4:37,42163.6835,0.0
2022/8/13 16:47,42163.4509,0.0
2022/8/15 22:04,42163.0711,0.0
2022/8/16 23:03,42162.8891,0.0
2022/8/18 5:16,42166.0989,0.0
2022/8/20 17:32,42165.6964,0.0
2022/8/21 5:35,42165.6294,0.0
2022/8/22 3:58,42165.5018,0.0
2022/8/23 4:05,42165.3745,0.0
2022/8/24 4:11,42165.2556,0.0
2022/8/25 3:42,42165.1463,0.0
2022/8/26 4:23,42165.0356,0.0
2022/8/27 2:47,42164.9394,0.0
2022/8/28 4:36,42164.8309,0.0
2022/8/29 4:43,42164.7337,0.0
2022/8/30 4:49,42164.6389,0.0
2022/8/31 4:56,42164.545,0.0
2022/9/1 3:19,42164.4575,0.0
2022/9/2 15:13,42164.3176,0.0
2022/9/3 17:55,42164.2086,0.0
2022/9/4 12:15,42164.1304,0.0
2022/9/5 12:21,42164.0225,0.0
2022/9/6 17:03,42163.8809,0.0
2022/9/7 3:57,42163.8215,0.0
2022/9/8 12:40,42163.6418,0.0
2022/9/9 15:16,42163.4755,0.0
2022/9/10 15:13,42163.3161,0.0
2022/9/11 14:43,42163.1512,0.0
2022/9/12 2:46,42163.0674,0.0
2022/9/13 2:52,42162.8945,0.0
2022/9/14 1:16,42162.7336,0.0
2022/9/15 19:49,42165.9882,0.0
2022/9/16 15:15,42165.864,0.0
2022/9/17 13:00,42165.7311,0.0
2022/9/18 12:01,42165.5991,0.0
2022/9/19 12:07,42165.4684,0.0
2022/9/20 15:40,42165.3299,0.0
2022/9/21 16:56,42165.2119,0.0
2022/9/22 12:26,42165.1239,0.0
2022/9/23 12:33,42165.021,0.0
2022/9/24 2:19,42164.9655,0.0
2022/9/25 11:02,42164.8323,0.0
2022/9/26 12:52,42164.7294,0.0
2022/9/27 12:58,42164.6347,0.0
2022/9/28 15:00,42164.5321,0.0
2022/9/29 13:11,42164.4429,0.0
2022/9/30 15:12,42164.3364,0.0
2022/10/1 15:17,42164.2335,0.0
2022/10/2 11:46,42164.1436,0.0
2022/10/3 13:36,42164.0205,0.0
2022/10/4 11:59,42163.9081,0.0
2022/10/5 12:06,42163.7755,0.0
2022/10/6 12:12,42163.6314,0.0
2022/10/7 16:54,42163.4458,0.0
2022/10/8 12:29,42163.3144,0.0
2022/10/9 14:14,42163.1336,0.0
2022/10/10 13:50,42162.9659,0.0
2022/10/11 23:04,42166.1749,0.0
2022/10/12 20:01,42166.1289,0.0
2022/10/13 12:56,42166.0213,0.0
2022/10/14 11:19,42165.8822,0.0
2022/10/15 11:25,42165.7373,0.0
2022/10/16 13:15,42165.5909,0.0
2022/10/17 13:21,42165.4648,0.0
2022/10/18 11:44,42165.3569,0.0
2022/10/19 12:40,42165.2411,0.0
2022/10/20 12:25,42165.1385,0.0
2022/10/21 12:03,42165.042,0.0
2022/10/22 12:09,42164.9456,0.0
2022/10/23 11:36,42164.8542,0.0
2022/10/24 12:21,42164.758,0.0
2022/10/25 0:24,42164.7079,0.0
2022/10/26 12:34,42164.5688,0.0
2022/10/27 11:37,42164.4757,0.0
2022/10/28 20:38,42164.3356,0.0
2022/10/29 22:36,42164.2184,0.0
2022/10/30 21:08,42164.1108,0.0
2022/10/31 14:03,42164.0261,0.0
2022/11/1 11:28,42163.912,0.0
2022/11/2 11:34,42163.7713,0.0
2022/11/3 11:40,42163.6202,0.0
2022/11/4 23:50,42163.3777,0.0
2022/11/5 20:29,42163.2339,0.0
2022/11/6 11:59,42163.1238,0.0
2022/11/7 20:42,42162.8964,0.0
2022/11/8 0:08,42162.8737,0.0
2022/11/9 22:37,42166.1954,0.0
2022/11/10 22:44,42166.0378,0.0
2022/11/11 10:12,42165.9602,0.0
2022/11/12 22:04,42165.7594,0.0
2022/11/13 23:02,42165.633,0.0
2022/11/14 23:08,42165.5133,0.0
2022/11/15 11:12,42165.455,0.0
2022/11/16 11:18,42165.347,0.0
2022/11/17 11:24,42165.2458,0.0
2022/11/18 23:33,42165.1012,0.0
2022/11/22 22:14,42164.7409,0.0
2022/11/23 21:09,42164.9187,0.0
2022/11/24 22:26,42164.8287,0.0
2022/11/25 22:32,42164.7081,0.0
2022/11/26 19:12,42164.6145,0.0
2022/11/27 21:01,42164.4931,0.0
2022/11/28 23:41,42164.3479,0.0
2022/11/30 23:55,42164.0522,0.0
2022/12/1 21:26,42163.9075,0.0
2022/12/2 21:32,42163.7416,0.0
2022/12/4 20:01,42163.4066,0.0
2022/12/5 18:24,42163.2507,0.0
2022/12/6 18:30,42163.089,0.0
2022/12/8 23:39,42166.0493,0.0
2022/12/9 20:54,42165.8449,0.0
2022/12/10 14:50,42165.7519,0.0
2022/12/11 20:37,42165.5982,0.0
2022/12/12 20:17,42165.4853,0.0
2022/12/13 22:00,42165.333,0.0
2022/12/14 22:40,42165.2262,0.0
2022/12/15 17:12,42165.1443,0.0
2022/12/16 21:14,42165.0389,0.0
2022/12/17 19:37,42164.9534,0.0
2022/12/18 19:43,42164.8637,0.0
2022/12/19 21:33,42164.7642,0.0
2022/12/20 19:55,42164.6815,0.0
2022/12/21 23:09,42164.5781,0.0
2022/12/22 21:37,42164.4892,0.0
2022/12/23 18:30,42164.4003,0.0
2022/12/24 6:56,42164.3482,0.0
2022/12/25 17:48,42164.1716,0.0
2022/12/26 20:46,42164.0202,0.0
2022/12/27 14:20,42163.912,0.0
2022/12/28 17:17,42163.7337,0.0
2022/12/29 20:50,42163.5423,0.0
2022/12/31 5:32,42163.3029,0.0
2023/1/1 5:38,42163.1296,0.0
2023/1/2 6:22,42162.957,0.0
2023/1/3 17:53,42162.721,0.0
2023/1/4 19:42,42166.1343,0.0
2023/1/5 16:22,42166.0168,0.0
2023/1/6 18:11,42165.873,0.0
2023/1/7 18:17,42165.7449,0.0
2023/1/8 5:54,42165.6826,0.0
2023/1/9 16:46,42165.5138,0.0
2023/1/10 16:52,42165.4079,0.0
2023/1/11 6:14,42165.3473,0.0
2023/1/12 5:01,42165.2498,0.0
2023/1/13 17:10,42165.1048,0.0
2023/1/14 18:59,42165.0059,0.0
2023/1/15 19:05,42164.9162,0.0
2023/1/16 17:28,42164.8343,0.0
2023/1/17 5:31,42164.7922,0.0
2023/1/18 4:02,42164.7095,0.0
2023/1/19 3:59,42164.6198,0.0
2023/1/20 4:05,42164.5245,0.0
2023/1/21 4:11,42164.42,0.0
2023/1/23 4:23,42164.1713,0.0
2023/1/24 5:37,42164.018,0.0
2023/1/25 4:35,42163.8646,0.0
2023/1/26 2:58,42163.7057,0.0
2023/1/27 5:17,42163.5126,0.0
2023/1/28 18:38,42163.2409,0.0
2023/1/29 18:44,42163.0685,0.0
2023/1/30 5:04,42162.9948,0.0
2023/1/31 5:03,42162.8353,0.0
2023/2/1 19:39,42166.0675,0.0
2023/2/2 5:21,42166.0664,0.0
2023/2/3 5:00,42165.9176,0.0
2023/2/4 5:33,42165.7771,0.0
2023/2/5 5:39,42165.6546,0.0
2023/2/6 4:01,42165.5433,0.0
2023/2/7 17:53,42165.3695,0.0
2023/2/8 16:16,42165.2713,0.0
2023/2/9 4:19,42165.2209,0.0
2023/2/10 14:44,42165.0782,0.0
2023/2/11 4:30,42165.0258,0.0
2023/2/12 4:36,42164.9335,0.0
2023/2/13 4:42,42164.8427,0.0
2023/2/14 3:55,42164.7558,0.0
2023/2/15 15:13,42164.6215,0.0
2023/2/16 3:18,42164.5781,0.0
2023/2/17 17:08,42164.4169,0.0
2023/2/18 5:11,42164.3656,0.0
2023/2/19 4:35,42164.2495,0.0
2023/2/20 4:03,42164.1189,0.0
2023/2/21 4:49,42163.9655,0.0
2023/2/22 4:34,42163.8049,0.0
2023/2/23 4:30,42163.6328,0.0
2023/2/24 15:16,42163.3786,0.0
2023/2/25 11:25,42163.2286,0.0
2023/2/26 16:16,42163.0228,0.0
2023/2/27 12:55,42162.8819,0.0
2023/2/28 2:41,42162.7908,0.0
2023/3/1 16:29,42166.2537,0.0
2023/3/2 14:55,42166.1211,0.0
2023/3/3 2:58,42166.0549,0.0
2023/3/4 19:58,42165.8433,0.0
2023/3/6 15:18,42165.6352,0.0
2023/3/7 13:40,42165.5332,0.0
2023/3/8 1:43,42165.4794,0.0
2023/3/9 3:32,42165.3686,0.0
2023/3/10 1:55,42165.2756,0.0
2023/3/11 3:43,42165.1721,0.0
2023/3/12 12:25,42165.0434,0.0
2023/3/13 12:31,42164.9512,0.0
2023/3/14 14:20,42164.8517,0.0
2023/3/15 12:42,42164.7648,0.0
2023/3/16 3:12,42164.7084,0.0
2023/3/17 2:57,42164.6081,0.0
2023/3/18 13:15,42164.4424,0.0
2023/3/19 14:47,42164.3047,0.0
2023/3/20 11:26,42164.1836,0.0
2023/3/21 14:58,42164.0056,0.0
2023/3/22 13:20,42163.8506,0.0
2023/3/23 1:23,42163.7606,0.0
2023/3/24 1:28,42163.584,0.0
2023/3/25 1:34,42163.4077,0.0
2023/3/26 1:39,42163.2356,0.0
2023/3/27 0:46,42163.0778,0.0
2023/3/28 1:50,42162.9144,0.0
2023/3/29 12:15,42166.0134,0.0
2023/3/30 12:21,42165.8957,0.0
2023/3/31 16:30,42165.7443,0.0
2023/4/2 2:18,42165.5716,0.0
2023/4/3 12:03,42165.4188,0.0
2023/4/4 12:29,42165.3092,0.0
2023/4/5 12:53,42165.2027,0.0
2023/4/6 12:59,42165.1015,0.0
2023/4/7 12:03,42165.0081,0.0
2023/4/8 1:07,42164.9574,0.0
2023/4/9 13:15,42164.8141,0.0
2023/4/10 13:20,42164.721,0.0
2023/4/11 11:24,42164.635,0.0
2023/4/12 23:50,42164.4881,0.0
2023/4/13 11:53,42164.4317,0.0
2023/4/14 11:58,42164.319,0.0
2023/4/15 12:04,42164.196,0.0
2023/4/16 23:25,42163.9936,0.0
2023/4/18 14:30,42163.7393,0.0
2023/4/19 11:02,42163.5964,0.0
2023/4/20 12:30,42163.4142,0.0
2023/4/21 10:52,42163.2524,0.0
2023/4/22 12:41,42163.0688,0.0
2023/4/23 12:46,42162.9037,0.0
2023/4/24 12:52,42162.7467,0.0
2023/4/25 10:07,42162.6167,0.0
2023/4/26 0:28,42166.2798,0.0
2023/4/28 11:29,42165.8948,0.0
2023/4/29 11:35,42165.8719,0.0
2023/4/30 21:59,42165.7076,0.0
2023/5/1 20:48,42165.6066,0.0
2023/5/2 11:50,42165.5433,0.0
2023/5/3 23:58,42165.395,0.0
2023/5/5 15:43,42165.2369,0.0
2023/5/7 9:50,42165.0768,0.0
2023/5/8 21:50,42164.9389,0.0
2023/5/10 21:56,42164.7376,0.0
2023/5/11 22:47,42164.619,0.0
2023/5/12 23:02,42164.4912,0.0
2023/5/13 21:38,42164.3608,0.0
2023/5/14 21:25,42164.2117,0.0
2023/5/15 21:34,42164.051,0.0
2023/5/16 19:56,42163.8963,0.0
2023/5/17 21:24,42163.7149,0.0
2023/5/18 23:30,42163.5291,0.0
2023/5/19 21:48,42163.3746,0.0
2023/5/20 20:16,42163.2233,0.0
2023/5/21 14:22,42163.1064,0.0
2023/5/22 20:38,42162.9163,0.0
2023/5/23 20:32,42162.7765,0.0
2023/5/24 14:39,42166.1287,0.0
2023/5/25 13:42,42166.0011,0.0
2023/5/26 22:11,42165.8458,0.0
2023/5/27 21:14,42165.7395,0.0
2023/5/28 21:51,42165.6299,0.0
2023/5/29 21:02,42165.5307,0.0
2023/5/30 20:56,42165.4328,0.0
2023/5/31 14:39,42165.3591,0.0
2023/6/1 3:07,42165.3112,0.0
2023/6/2 20:29,42165.1539,0.0
2023/6/3 16:00,42165.0816,0.0
2023/6/4 18:21,42164.9851,0.0
2023/6/5 20:13,42164.8864,0.0
2023/6/6 20:00,42164.7889,0.0
2023/6/7 21:54,42164.6709,0.0
2023/6/8 21:53,42164.5492,0.0
2023/6/9 20:15,42164.4242,0.0
2023/6/10 18:18,42164.2882,0.0
2023/6/11 21:59,42164.1049,0.0
2023/6/12 7:55,42164.0393,0.0
2023/6/13 20:36,42163.7772,0.0
2023/6/14 21:41,42163.5986,0.0
2023/6/15 21:41,42163.431,0.0
2023/6/16 19:08,42163.2861,0.0
2023/6/17 17:29,42163.1397,0.0
2023/6/18 19:18,42162.9772,0.0
2023/6/19 19:23,42162.8328,0.0
2023/6/20 7:23,42162.7664,0.0
2023/6/21 20:43,42166.1943,0.0
2023/6/23 6:41,42165.9476,0.0
2023/6/24 18:05,42165.7805,0.0
2023/6/25 18:15,42165.672,0.0
2023/6/26 21:55,42165.5548,0.0
2023/6/28 20:22,42165.372,0.0
2023/7/1 16:56,42165.1169,0.0
2023/7/2 20:27,42165.0185,0.0
2023/7/3 21:18,42164.9226,0.0
2023/7/5 5:13,42164.7836,0.0
2023/7/6 5:18,42164.6652,0.0
2023/7/7 5:23,42164.5324,0.0
2023/7/8 19:14,42164.2932,0.0
2023/7/9 19:19,42164.1259,0.0
2023/7/11 20:00,42163.7752,0.0
2023/7/13 4:10,42163.5493,0.0
2023/7/14 4:15,42163.385,0.0
2023/7/15 4:20,42163.2275,0.0
2023/7/16 5:56,42163.0688,0.0
2023/7/17 19:31,42162.8465,0.0
2023/7/18 20:31,42162.7083,0.0
2023/7/19 18:25,42166.2809,0.0
2023/7/20 18:44,42166.1183,0.0
2023/7/24 5:04,42165.6933,0.0
2023/7/25 5:09,42165.5915,0.0
2023/7/26 18:57,42165.4482,0.0
2023/7/27 20:13,42165.3574,0.0
2023/7/31 15:57,42165.0345,0.0
2023/8/1 17:45,42164.9251,0.0
2023/8/3 17:55,42164.6759,0.0
2023/8/5 2:25,42164.4715,0.0
2023/8/6 14:43,42164.2167,0.0
2023/8/7 16:31,42164.0272,0.0
2023/8/8 16:36,42163.8515,0.0
2023/8/9 16:40,42163.6799,0.0
2023/8/10 16:45,42163.5148,0.0
2023/8/12 4:52,42163.2824,0.0
2023/8/13 4:57,42163.1361,0.0
2023/8/14 5:02,42162.9965,0.0
2023/8/15 5:07,42162.8628,0.0
2023/8/16 18:16,42165.9492,0.0
2023/8/17 22:59,42165.7866,0.0
2023/8/19 2:00,42165.6613,0.0
2023/8/20 2:04,42165.5511,0.0
2023/8/21 3:52,42165.4382,0.0
2023/8/22 3:57,42165.3375,0.0
2023/8/24 18:17,42165.1079,0.0
2023/8/25 16:15,42165.0317,0.0
2023/8/26 3:01,42164.9938,0.0
2023/8/27 16:23,42164.8688,0.0
2023/8/28 16:28,42164.7777,0.0
2023/8/29 4:30,42164.7244,0.0
2023/8/30 17:52,42164.5486,0.0
2023/8/31 17:28,42164.4149,0.0
2023/9/1 3:01,42164.3566,0.0
2023/9/2 13:25,42164.1256,0.0
2023/9/3 13:30,42163.9524,0.0
2023/9/4 3:15,42163.8545,0.0
2023/9/5 3:20,42163.6763,0.0
2023/9/6 3:24,42163.5016,0.0
2023/9/7 19:28,42163.2255,0.0
2023/9/8 18:25,42163.0789,0.0
2023/9/9 12:14,42162.9693,0.0
2023/9/10 3:43,42162.879,0.0
2023/9/11 12:24,42162.6921,0.0
2023/9/12 14:16,42162.5528,0.0
2023/9/13 12:33,42165.8971,0.0
2023/9/14 18:49,42166.1483,0.0
2023/9/15 12:42,42166.0594,0.0
2023/9/16 12:47,42165.949,0.0
2023/9/17 2:00,42165.8895,0.0
2023/9/18 2:37,42165.783,0.0
2023/9/19 2:42,42165.6843,0.0
2023/9/20 2:46,42165.5912,0.0
2023/9/21 13:10,42165.4687,0.0
2023/9/22 13:14,42165.3852,0.0
2023/9/23 15:59,42165.2912,0.0
2023/9/24 13:24,42165.2158,0.0
2023/9/25 13:28,42165.1216,0.0
2023/9/26 1:31,42165.0653,0.0
2023/9/27 11:54,42164.9021,0.0
2023/9/28 1:40,42164.8239,0.0
2023/9/29 13:46,42164.5999,0.0
2023/9/30 1:49,42164.5214,0.0
2023/10/1 13:56,42164.2605,0.0
2023/10/2 14:00,42164.0838,0.0
2023/10/3 12:21,42163.9232,0.0
2023/10/4 2:07,42163.8265,0.0
2023/10/5 12:30,42163.5916,0.0
2023/10/6 14:24,42163.4262,0.0
2023/10/7 12:39,42163.2914,0.0
2023/10/8 12:44,42163.1521,0.0
2023/10/9 12:48,42163.0189,0.0
2023/10/10 20:22,42163.5201,0.0
2023/10/11 12:57,42165.9994,0.0
2023/10/12 14:18,42165.8699,0.0
2023/10/13 13:06,42165.76,0.0
2023/10/14 13:10,42165.6484,0.0
2023/10/15 13:15,42165.5466,0.0
2023/10/16 15:25,42165.4367,0.0
2023/10/17 23:43,42165.3092,0.0
2023/10/18 14:28,42165.2559,0.0
2023/10/19 14:23,42165.1699,0.0
2023/10/20 14:26,42165.0844,0.0
2023/10/21 14:13,42164.9977,0.0
2023/10/22 12:02,42164.9153,0.0
2023/10/23 0:04,42164.8612,0.0
2023/10/24 0:09,42164.7547,0.0
2023/10/25 20:36,42165.1141,0.0
2023/10/26 20:09,42164.945,0.0
2023/10/27 15:04,42164.8332,0.0
2023/10/28 16:47,42164.6636,0.0
2023/10/29 21:41,42164.4595,0.0
2023/10/31 10:58,42164.1898,0.0
2023/11/1 23:04,42163.944,0.0
2023/11/2 21:26,42163.8004,0.0
2023/11/3 23:13,42163.6423,0.0
2023/11/4 23:17,42163.5022,0.0
2023/11/5 21:39,42163.3769,0.0
2023/11/7 11:28,42163.1748,0.0
2023/11/8 21:56,42165.9262,0.0
2023/11/9 23:39,42165.7726,0.0
2023/11/10 20:17,42165.6793,0.0
2023/11/11 21:24,42165.573,0.0
2023/11/12 20:25,42165.4824,0.0
2023/11/13 20:29,42165.3882,0.0
2023/11/14 22:16,42165.2943,0.0
2023/11/15 20:59,42165.2122,0.0
2023/11/16 20:42,42165.1267,0.0
2023/11/17 20:47,42165.0406,0.0
2023/11/18 22:33,42164.9372,0.0
2023/11/19 22:37,42164.8332,0.0
2023/11/20 22:42,42164.7174,0.0
2023/11/21 22:46,42164.5879,0.0
2023/11/22 21:31,42164.4522,0.0
2023/11/23 20:59,42164.3036,0.0
2023/11/24 21:16,42164.1391,0.0
2023/11/25 20:25,42163.9773,0.0
2023/11/26 19:41,42163.8133,0.0
2023/11/27 21:28,42163.6331,0.0
2023/11/28 19:49,42163.4812,0.0
2023/11/29 20:38,42163.318,0.0
2023/11/30 21:40,42163.1605,0.0
2023/12/1 19:20,42163.0307,0.0
2023/12/2 21:48,42162.8779,0.0
2023/12/3 21:52,42162.7459,0.0
2023/12/4 20:34,42162.6259,0.0
2023/12/5 20:17,42162.5051,0.0
2023/12/6 20:33,42165.6582,0.0
2023/12/7 20:25,42166.3958,0.0
2023/12/8 20:29,42166.2972,0.0
2023/12/9 18:50,42166.2016,0.0
2023/12/10 18:54,42166.106,0.0
2023/12/11 20:41,42166.0104,0.0
2023/12/12 19:02,42165.9279,0.0
2023/12/13 20:49,42165.8396,0.0
2023/12/14 20:53,42165.7549,0.0
2023/12/15 20:57,42165.6647,0.0
2023/12/16 19:18,42165.5727,0.0
2023/12/17 21:05,42165.4527,0.0
2023/12/18 21:09,42165.3271,0.0
2023/12/19 19:30,42165.1982,0.0
2023/12/21 19:38,42164.8873,0.0
2023/12/22 19:42,42164.7216,0.0
2023/12/23 19:46,42164.5531,0.0
2023/12/24 19:50,42164.3855,0.0
2023/12/25 19:54,42164.2229,0.0
2023/12/26 19:58,42164.0648,0.0
2023/12/27 18:15,42163.9221,0.0
2023/12/28 20:06,42163.7632,0.0
2023/12/29 20:10,42163.6224,0.0
2023/12/30 20:14,42163.4907,0.0
2024/1/1 4:54,42163.3079,0.0
2024/1/2 4:58,42163.1863,0.0
2024/1/3 17:00,42163.0097,0.0
2024/1/4 18:50,42165.9268,0.0
2024/1/6 17:15,42165.7272,0.0
2024/1/7 19:02,42165.6296,0.0
2024/1/8 19:06,42165.5464,0.0
2024/1/9 19:10,42165.4651,0.0
2024/1/10 19:13,42165.3843,0.0
2024/1/11 19:17,42165.2997,0.0
2024/1/12 3:53,42165.2725,0.0
2024/1/13 19:25,42165.1031,0.0
2024/1/14 17:18,42164.9946,0.0
2024/1/15 17:10,42164.8618,0.0
2024/1/16 17:53,42164.7101,0.0
2024/1/17 17:57,42164.5506,0.0
2024/1/18 16:18,42164.3947,0.0
2024/1/19 17:10,42164.2187,0.0
2024/1/20 18:09,42164.0429,0.0
2024/1/21 4:28,42163.97,0.0
2024/1/22 17:18,42163.7217,0.0
2024/1/23 4:35,42163.6468,0.0
2024/1/24 4:39,42163.4932,0.0
2024/1/25 18:28,42163.2656,0.0
2024/1/26 4:46,42163.2031,0.0
2024/1/27 4:50,42163.066,0.0
2024/1/28 12:30,42162.8947,0.0
2024/1/29 3:15,42162.8157,0.0
2024/1/30 3:18,42162.6932,0.0
2024/1/31 3:22,42162.576,0.0
2024/2/1 15:20,42166.3137,0.0
2024/2/2 5:13,42166.2529,0.0
2024/2/3 5:16,42166.1505,0.0
2024/2/4 18:21,42166.0098,0.0
2024/2/5 18:23,42165.9274,0.0
2024/2/6 5:28,42165.8937,0.0
2024/2/7 17:33,42165.7737,0.0
2024/2/8 14:11,42165.7028,0.0
2024/2/9 14:14,42165.6111,0.0
2024/2/10 19:56,42165.4782,0.0
2024/2/11 4:03,42165.4393,0.0
2024/2/12 17:23,42165.2271,0.0
2024/2/13 16:12,42165.0799,0.0
2024/2/14 16:53,42164.9097,0.0
2024/2/15 18:11,42164.7283,0.0
2024/2/16 14:51,42164.5769,0.0
2024/2/17 19:29,42164.3743,0.0
2024/2/18 16:30,42164.2285,0.0
2024/2/19 4:50,42164.145,0.0
2024/2/20 16:37,42163.9148,0.0
2024/2/21 6:05,42163.8304,0.0
2024/2/22 1:17,42163.7124,0.0
2024/2/23 15:05,42163.4949,0.0
2024/2/24 6:02,42163.4102,0.0
2024/2/25 13:22,42163.2404,0.0
2024/2/26 13:32,42163.1142,0.0
2024/2/27 3:17,42163.0458,0.0
2024/3/1 12:25,42165.7488,0.0
2024/3/2 13:46,42165.6633,0.0
2024/3/3 3:31,42165.6066,0.0
2024/3/4 1:52,42165.5225,0.0
2024/3/5 13:57,42165.3981,0.0
2024/3/6 3:42,42165.3557,0.0
2024/3/7 12:21,42165.2458,0.0
2024/3/8 14:08,42165.1553,0.0
2024/3/9 2:09,42165.1138,0.0
2024/3/10 14:15,42164.952,0.0
2024/3/11 12:35,42164.8357,0.0
2024/3/12 14:22,42164.6835,0.0
2024/3/13 14:25,42164.5254,0.0
2024/3/14 14:29,42164.356,0.0
2024/3/15 14:32,42164.1808,0.0
2024/3/16 2:34,42164.0895,0.0
2024/3/17 12:56,42163.8459,0.0
2024/3/18 14:42,42163.6676,0.0
2024/3/19 13:02,42163.5204,0.0
2024/3/20 14:49,42163.3556,0.0
2024/3/21 14:52,42163.2084,0.0
2024/3/22 20:19,42163.0338,0.0
2024/3/23 21:24,42162.8919,0.0
2024/3/24 22:45,42162.7535,0.0
2024/3/25 14:34,42162.6691,0.0
2024/3/26 18:56,42162.5242,0.0
2024/3/27 21:11,42166.3258,0.0
2024/3/28 21:47,42166.2131,0.0
2024/3/29 14:45,42166.1491,0.0
2024/3/30 1:41,42166.1124,0.0
2024/3/31 16:26,42166.0569,0.0
2024/4/1 0:39,42166.0275,0.0
2024/4/2 0:05,42165.9453,0.0
2024/4/3 1:51,42165.8604,0.0
2024/4/4 13:56,42165.7356,0.0
2024/4/5 13:59,42165.6473,0.0
2024/4/6 12:19,42165.557,0.0
2024/4/7 12:23,42165.4446,0.0
2024/4/8 12:26,42165.3165,0.0
2024/4/9 12:30,42165.171,0.0
2024/4/10 12:33,42165.0123,0.0
2024/4/11 12:36,42164.843,0.0
2024/4/12 12:39,42164.6692,0.0
2024/4/13 12:42,42164.4954,0.0
2024/4/14 12:46,42164.3252,0.0
2024/4/15 12:49,42164.1612,0.0
2024/4/16 12:52,42164.0034,0.0
2024/4/17 11:12,42163.8632,0.0
2024/4/18 0:57,42163.7749,0.0
2024/4/19 13:02,42163.5636,0.0
2024/4/20 11:22,42163.4363,0.0
2024/4/21 23:27,42163.2395,0.0
2024/4/22 22:30,42163.1204,0.0
2024/4/23 11:32,42163.054,0.0
2024/4/24 11:35,42162.9382,0.0
2024/4/25 22:12,42162.7835,0.0
2024/4/26 0:22,42166.1494,0.0
2024/4/27 11:45,42166.0146,0.0
2024/4/28 11:47,42165.9128,0.0
2024/4/29 16:06,42165.8049,0.0
2024/4/30 11:53,42165.7395,0.0
2024/5/1 22:15,42165.6243,0.0
2024/5/2 11:59,42165.5685,0.0
2024/5/3 21:44,42165.4348,0.0
2024/5/4 20:49,42165.3263,0.0
2024/5/5 22:50,42165.1889,0.0
2024/5/6 21:15,42165.0572,0.0
2024/5/7 20:50,42164.9069,0.0
2024/5/8 21:45,42164.7379,0.0
2024/5/9 21:13,42164.5736,0.0
2024/5/10 20:49,42164.4068,0.0
2024/5/11 21:25,42164.2341,0.0
2024/5/12 21:46,42164.0679,0.0
2024/5/13 22:05,42163.9078,0.0
2024/5/14 22:41,42163.7514,0.0
2024/5/15 21:11,42163.6135,0.0
2024/5/16 22:06,42163.466,0.0
2024/5/18 21:22,42163.2011,0.0
2024/5/19 21:05,42163.0755,0.0
2024/5/20 19:45,42162.9601,0.0
2024/5/22 0:02,42162.8233,0.0
2024/5/23 21:53,42162.7277,0.0
2024/5/24 21:22,42166.0036,0.0
2024/5/25 21:43,42165.9383,0.0
2024/5/26 21:46,42165.8595,0.0
2024/5/27 21:49,42165.7729,0.0
2024/5/28 21:07,42165.6879,0.0
2024/5/29 21:13,42165.5999,0.0
2024/5/30 20:15,42165.5063,0.0
2024/5/31 20:52,42165.3941,0.0
2024/6/1 20:52,42165.2727,0.0
2024/6/2 20:57,42165.1373,0.0
2024/6/3 20:49,42164.9918,0.0
2024/6/4 21:32,42164.8298,0.0
2024/6/5 20:31,42164.6672,0.0
2024/6/6 21:21,42164.4959,0.0
2024/6/7 20:36,42164.3395,0.0
2024/6/8 14:57,42164.0662,0.0
2024/6/9 21:40,42163.8683,0.0
2024/6/10 21:40,42163.8683,0.0
2024/6/11 21:45,42163.7183,0.0
2024/6/12 20:50,42163.579,0.0
2024/6/13 21:12,42163.4371,0.0
2024/6/14 20:23,42163.3065,0.0
2024/6/15 19:15,42163.1823,0.0
2024/6/16 19:18,42163.057,0.0
2024/6/17 14:54,42162.9547,0.0
2024/6/18 17:40,42162.8297,0.0
2024/6/19 21:25,42162.7154,0.0
