序号,时间,半长轴,星下点经度(°),异常值,控制状态,日期
1,2020/7/1 8:06,42166.3734,3.8067,0,0,2020/7/1
2,2020/7/1 20:10,42166.3274,3.8262,0,0,2020/7/1
5,2020/7/2 18:34,42166.2355,3.8402,0,0,2020/7/2
7,2020/7/3 18:00,42166.1365,3.8204,0,0,2020/7/3
8,2020/7/4 6:45,42166.0818,3.7599,0,0,2020/7/4
10,2020/7/5 5:53,42165.9818,3.7361,0,0,2020/7/5
13,2020/7/6 6:14,42165.8783,3.7254,0,0,2020/7/6
15,2020/7/7 6:31,42165.7785,3.7123,0,0,2020/7/7
17,2020/7/8 7:13,42165.6815,3.6934,0,0,2020/7/8
20,2020/7/9 19:24,42165.5497,3.7105,0,0,2020/7/9
21,2020/7/10 7:24,42165.508,3.6652,0,0,2020/7/10
24,2020/7/11 18:27,42165.395,3.7082,0,0,2020/7/11
27,2020/7/12 21:10,42165.317,3.5926,0,0,2020/7/12
29,2020/7/13 7:49,42165.2898,3.6233,0,0,2020/7/13
32,2020/7/14 7:04,42165.2315,3.6342,0,0,2020/7/14
34,2020/7/15 8:03,42165.1771,3.5981,0,0,2020/7/15
36,2020/7/16 8:10,42165.1323,3.586,0,0,2020/7/16
37,2020/7/17 5:40,42165.0981,3.6281,0,0,2020/7/17
40,2020/7/18 6:41,42165.0673,3.615,0,0,2020/7/18
42,2020/7/19 6:48,42165.0437,3.6068,0,0,2020/7/19
45,2020/7/20 19:25,42165.0103,3.6046,0,0,2020/7/20
46,2020/7/21 7:03,42165.005,3.5891,0,0,2020/7/21
47,2020/7/22 7:10,42164.9829,3.5798,0,0,2020/7/22
50,2020/7/23 21:04,42164.931,3.5046,0,0,2020/7/23
51,2020/7/24 7:24,42164.9153,3.5611,0,0,2020/7/24
55,2020/7/25 20:50,42164.834,3.5058,0,0,2020/7/25
57,2020/7/26 19:42,42164.7695,3.5592,0,0,2020/7/26
59,2020/7/27 19:49,42164.6908,3.5503,0,0,2020/7/27
60,2020/7/28 7:53,42164.6453,3.5282,0,0,2020/7/28
63,2020/7/29 8:00,42164.5534,3.5221,0,0,2020/7/29
66,2020/7/30 19:25,42164.4099,3.5689,0,0,2020/7/30
67,2020/7/31 8:14,42164.3552,3.5139,0,0,2020/7/31
70,2020/8/1 20:25,42164.2041,3.5219,0,0,2020/8/1
72,2020/8/2 17:12,42164.1186,3.6607,0,0,2020/8/2
73,2020/8/3 6:52,42164.0611,3.5736,0,0,2020/8/3
76,2020/8/4 17:50,42163.9263,3.6579,0,0,2020/8/4
77,2020/8/5 6:41,42163.8764,3.5938,0,0,2020/8/5
79,2020/8/6 7:39,42163.7873,3.5667,0,0,2020/8/6
83,2020/8/7 17:41,42163.674,3.6895,0,0,2020/8/7
86,2020/8/8 19:31,42163.5944,3.616,0,0,2020/8/8
89,2020/8/9 19:39,42163.5268,3.6211,0,0,2020/8/9
91,2020/8/10 16:19,42163.4758,3.7553,0,0,2020/8/10
93,2020/8/11 19:53,42163.4133,3.634,0,0,2020/8/11
94,2020/8/12 6:21,42163.394,3.688,0,0,2020/8/12
97,2020/8/13 17:20,42163.3357,3.7769,0,0,2020/8/13
98,2020/8/14 8:11,42163.3177,3.6517,0,0,2020/8/14
99,2020/8/15 7:21,42163.2931,3.6947,0,0,2020/8/15
103,2020/8/16 18:22,42163.2622,3.7765,0,0,2020/8/16
106,2020/8/17 18:34,42163.2446,3.7823,0,0,2020/8/17
108,2020/8/18 19:00,42163.2244,3.7763,0,0,2020/8/18
111,2020/8/19 19:07,42163.1972,3.7865,0,0,2020/8/19
112,2020/8/20 17:52,42163.1624,3.8643,0,0,2020/8/20
115,2020/8/21 19:45,42163.1086,3.7924,0,0,2020/8/21
117,2020/8/22 19:28,42163.0456,3.8225,0,0,2020/8/22
119,2020/8/23 17:16,42162.9752,3.9482,0,0,2020/8/23
122,2020/8/24 17:59,42162.8855,3.9336,0,2,2020/8/24
124,2020/8/25 7:46,42162.8286,3.8619,0,2,2020/8/25
126,2020/8/26 5:53,42162.7383,3.9453,0,2,2020/8/26
129,2020/8/27 19:12,42166.6518,3.8381,0,2,2020/8/27
130,2020/8/28 8:07,42166.5848,3.7962,0,2,2020/8/28
132,2020/8/29 6:56,42166.4861,3.8017,0,2,2020/8/29
135,2020/8/30 16:59,42166.3454,3.8673,0,0,2020/8/30
136,2020/8/31 8:29,42166.2812,3.7227,0,0,2020/8/31
139,2020/9/1 18:26,42166.1519,3.7503,0,0,2020/9/1
140,2020/9/2 8:43,42166.0992,3.6836,0,0,2020/9/2
143,2020/9/3 17:27,42165.9854,3.756,0,0,2020/9/3
146,2020/9/4 19:18,42165.9019,3.6586,0,0,2020/9/4
147,2020/9/5 7:21,42165.8674,3.6422,0,0,2020/9/5
149,2020/9/6 6:13,42165.8026,3.6608,0,0,2020/9/6
151,2020/9/7 7:35,42165.7387,3.6068,0,0,2020/9/7
153,2020/9/8 7:43,42165.6843,3.5914,0,0,2020/9/8
156,2020/9/9 7:50,42165.638,3.5776,0,0,2020/9/9
159,2020/9/10 7:57,42165.6002,3.5651,0,0,2020/9/10
161,2020/9/11 8:04,42165.571,3.5539,0,0,2020/9/11
163,2020/9/12 6:28,42165.5509,3.5657,0,0,2020/9/12
166,2020/9/13 16:55,42165.5256,3.6171,0,0,2020/9/13
169,2020/9/14 17:02,42165.5113,3.5975,0,0,2020/9/14
171,2020/9/15 18:53,42165.4917,3.5139,0,0,2020/9/15
173,2020/9/16 19:00,42165.4645,3.5001,0,0,2020/9/16
175,2020/9/17 19:07,42165.4255,3.4875,0,0,2020/9/17
177,2020/9/18 19:14,42165.3717,3.4764,0,0,2020/9/18
179,2020/9/19 17:38,42165.3084,3.5099,0,0,2020/9/19
182,2020/9/20 16:02,42165.2324,3.5762,0,0,2020/9/20
184,2020/9/21 14:25,42165.1474,3.6325,0,0,2020/9/21
186,2020/9/22 14:32,42165.0488,3.6227,0,0,2020/9/22
187,2020/9/23 6:03,42164.9803,3.4639,0,0,2020/9/23
190,2020/9/24 18:13,42164.827,3.4567,0,0,2020/9/24
191,2020/9/25 6:17,42164.7737,3.4509,0,0,2020/9/25
193,2020/9/26 5:59,42164.6737,3.4542,0,0,2020/9/26
196,2020/9/27 18:35,42164.5259,3.4483,0,0,2020/9/27
197,2020/9/28 6:34,42164.4774,3.4468,0,0,2020/9/28
198,2020/9/29 6:45,42164.3858,3.449,0,0,2020/9/29
200,2020/9/30 6:53,42164.2989,3.4537,0,0,2020/9/30
203,2020/10/1 13:53,42164.1949,3.633,0,0,2020/10/1
205,2020/10/2 17:27,42164.1071,3.4894,0,0,2020/10/2
206,2020/10/3 4:55,42164.0757,3.4994,0,0,2020/10/3
207,2020/10/4 5:38,42164.009,3.4868,0,0,2020/10/4
209,2020/10/5 5:32,42163.951,3.4966,0,0,2020/10/5
212,2020/10/6 5:52,42163.8991,3.5003,0,0,2020/10/6
214,2020/10/7 6:03,42163.8554,3.509,0,0,2020/10/7
216,2020/10/8 6:06,42163.8198,3.5197,0,0,2020/10/8
218,2020/10/9 6:13,42163.7926,3.5314,0,0,2020/10/9
221,2020/10/10 6:56,42163.7724,3.5535,0,0,2020/10/10
222,2020/10/11 5:58,42163.7584,3.5555,0,0,2020/10/11
225,2020/10/12 16:55,42163.7351,3.5869,0,0,2020/10/12
227,2020/10/13 17:02,42163.7163,3.5949,0,0,2020/10/13
229,2020/10/14 17:09,42163.6883,3.6041,0,0,2020/10/14
230,2020/10/15 5:13,42163.6701,3.6097,0,0,2020/10/15
231,2020/10/16 5:20,42163.6199,3.6219,0,0,2020/10/16
234,2020/10/17 17:31,42163.5201,3.6403,0,0,2020/10/17
236,2020/10/18 17:38,42163.4346,3.6558,0,0,2020/10/18
238,2020/10/19 16:02,42163.3449,3.6999,0,0,2020/10/19
240,2020/10/20 16:09,42163.242,3.7121,0,0,2020/10/20
241,2020/10/21 4:12,42163.1863,3.7156,0,0,2020/10/21
242,2020/10/22 4:19,42163.0797,3.731,0,0,2020/10/22
245,2020/10/23 16:30,42162.9236,3.7613,0,0,2020/10/23
246,2020/10/24 6:35,42162.862,3.795,0,0,2020/10/24
248,2020/10/25 4:41,42162.7692,3.7899,0,0,2020/10/25
250,2020/10/26 4:48,42162.6719,3.8137,0,2,2020/10/26
252,2020/10/27 4:55,42162.5791,3.8397,0,2,2020/10/27
254,2020/10/28 1:35,42162.5037,3.966,0,2,2020/10/28
256,2020/10/29 15:29,42166.427,3.8293,0,2,2020/10/29
257,2020/10/30 3:33,42166.3818,3.8234,0,2,2020/10/30
260,2020/10/31 15:44,42166.2899,3.7762,0,2,2020/10/31
261,2020/11/1 3:47,42166.2585,3.7718,0,0,2020/11/1
263,2020/11/2 2:11,42166.2049,3.8106,0,0,2020/11/2
265,2020/11/3 4:02,42166.1522,3.7262,0,0,2020/11/3
267,2020/11/4 4:09,42166.1088,3.7057,0,0,2020/11/4
269,2020/11/5 5:37,42166.0737,3.7011,0,0,2020/11/5
271,2020/11/6 5:41,42166.0488,3.6873,0,0,2020/11/6
275,2020/11/7 14:50,42166.0196,3.655,0,0,2020/11/7
276,2020/11/10 15:11,42165.963,3.5902,0,0,2020/11/10
277,2020/11/11 15:19,42165.9324,3.5709,0,0,2020/11/11
278,2020/11/12 5:56,42165.9066,3.6142,0,0,2020/11/12
279,2020/11/13 4:49,42165.857,3.5667,0,0,2020/11/13
280,2020/11/14 1:53,42165.799,3.5898,0,0,2020/11/14
283,2020/11/15 15:47,42165.675,3.5092,0,0,2020/11/15
284,2020/11/16 1:40,42165.6327,3.5672,0,0,2020/11/16
285,2020/11/17 3:02,42165.529,3.5113,0,0,2020/11/17
286,2020/11/18 2:21,42166.0129,3.5206,0,0,2020/11/18
287,2020/11/19 0:47,42164.8853,3.5793,0,0,2020/11/19
290,2020/11/20 14:39,42164.7435,3.4864,0,0,2020/11/20
291,2020/11/21 3:58,42164.7093,3.4983,0,0,2020/11/21
293,2020/11/22 2:50,42164.6044,3.4978,0,0,2020/11/22
296,2020/11/23 15:00,42164.4592,3.4847,0,0,2020/11/23
298,2020/11/24 15:08,42164.3695,3.4885,0,0,2020/11/24
299,2020/11/25 1:28,42164.3328,3.5373,0,0,2020/11/25
300,2020/11/26 5:45,42164.2369,3.5835,0,0,2020/11/26
301,2020/11/27 4:31,42164.1679,3.5403,0,0,2020/11/27
302,2020/11/28 4:37,42164.1018,3.5534,0,0,2020/11/28
304,2020/11/29 20:53,42164.0051,3.7325,0,0,2020/11/29
306,2020/11/30 5:25,42163.9871,3.6085,0,0,2020/11/30
308,2020/12/1 5:41,42163.9403,3.6336,0,0,2020/12/1
310,2020/12/2 2:18,42163.9089,3.5596,0,0,2020/12/2
311,2020/12/3 2:25,42163.8772,3.5687,0,0,2020/12/3
313,2020/12/4 0:03,42163.8551,3.6517,0,0,2020/12/4
314,2020/12/5 0:55,42163.8327,3.6218,0,0,2020/12/5
317,2020/12/6 6:57,42163.8063,3.7536,0,0,2020/12/6
319,2020/12/7 23:28,42163.7702,3.7136,0,0,2020/12/7
321,2020/12/8 23:15,42163.7379,3.7332,0,0,2020/12/8
322,2020/12/10 6:50,42163.6791,3.8105,0,0,2020/12/10
323,2020/12/11 0:56,42163.6359,3.6829,0,0,2020/12/11
324,2020/12/12 4:02,42163.5582,3.7281,0,0,2020/12/12
328,2020/12/13 18:17,42163.4268,3.8612,0,0,2020/12/13
330,2020/12/14 22:40,42163.311,3.8298,0,2,2020/12/14
331,2020/12/15 11:30,42163.26,3.7673,0,2,2020/12/15
333,2020/12/16 0:30,42163.2014,3.766,0,2,2020/12/16
335,2020/12/17 11:17,42166.2139,3.7698,0,2,2020/12/17
337,2020/12/18 7:38,42166.3084,3.8799,0,2,2020/12/18
339,2020/12/19 17:52,42166.2419,3.8356,0,2,2020/12/19
340,2020/12/20 7:52,42166.1822,3.8347,0,0,2020/12/20
343,2020/12/21 21:46,42166.0325,3.7568,0,0,2020/12/21
344,2020/12/22 10:25,42165.9837,3.6959,0,0,2020/12/22
345,2020/12/23 6:05,42165.915,3.7701,0,0,2020/12/23
346,2020/12/24 19:07,42165.7978,3.7865,0,0,2020/12/24
349,2020/12/25 20:31,42165.7264,3.744,0,0,2020/12/25
350,2020/12/26 7:00,42165.7003,3.7402,0,0,2020/12/26
352,2020/12/27 5:42,42165.6484,3.7093,0,0,2020/12/27
353,2020/12/28 7:19,42165.5985,3.7117,0,0,2020/12/28
354,2020/12/29 6:16,42165.5604,3.6999,0,0,2020/12/29
357,2020/12/30 18:45,42165.5152,3.7161,0,0,2020/12/30
358,2020/12/31 7:27,42165.4995,3.6728,0,0,2020/12/31
359,2021/1/1 19:37,42165.4687,3.6813,0,0,2021/1/1
360,2021/1/2 7:41,42165.455,3.6438,0,0,2021/1/2
363,2021/1/3 21:35,42165.4196,3.5691,0,0,2021/1/3
364,2021/1/4 7:55,42165.4056,3.6137,0,0,2021/1/4
365,2021/1/5 8:02,42165.3717,3.5984,0,0,2021/1/5
366,2021/1/6 8:09,42165.3283,3.5831,0,0,2021/1/6
369,2021/1/7 20:20,42165.2399,3.5864,0,0,2021/1/7
371,2021/1/8 22:10,42165.1631,3.484,0,0,2021/1/8
373,2021/1/9 18:51,42165.095,3.6205,0,0,2021/1/9
374,2021/1/10 6:45,42165.0527,3.5992,0,0,2021/1/10
375,2021/1/11 7:06,42164.9604,3.5849,0,0,2021/1/11
378,2021/1/12 20:55,42164.8051,3.5174,0,0,2021/1/12
379,2021/1/13 7:16,42164.7648,3.5712,0,0,2021/1/13
380,2021/1/14 4:55,42164.6734,3.5924,0,0,2021/1/14
383,2021/1/15 17:50,42164.5192,3.619,0,0,2021/1/15
384,2021/1/16 6:47,42164.4685,3.5832,0,0,2021/1/16
386,2021/1/17 7:44,42164.3692,3.5459,0,0,2021/1/17
388,2021/1/18 7:51,42164.2773,3.5412,0,0,2021/1/18
391,2021/1/19 20:02,42164.1497,3.5616,0,0,2021/1/19
393,2021/1/20 20:09,42164.0724,3.5601,0,0,2021/1/20
394,2021/1/21 6:43,42164.0396,3.6003,0,0,2021/1/21
396,2021/1/22 8:19,42163.9686,3.5315,0,0,2021/1/22
398,2021/1/23 6:43,42163.9145,3.6129,0,0,2021/1/23
400,2021/1/24 6:50,42163.8638,3.6153,0,0,2021/1/24
402,2021/1/25 6:57,42163.8215,3.6177,0,0,2021/1/25
404,2021/1/26 6:40,42163.7875,3.6384,0,0,2021/1/26
406,2021/1/27 7:08,42163.759,3.6253,0,0,2021/1/27
410,2021/1/28 21:05,42163.727,3.5746,0,0,2021/1/28
412,2021/1/29 17:46,42163.7088,3.7344,0,0,2021/1/29
413,2021/1/30 7:33,42163.6925,3.6317,0,0,2021/1/30
414,2021/1/31 18:00,42163.653,3.7492,0,0,2021/1/31
415,2021/2/1 5:32,42163.6353,3.7412,0,0,2021/2/1
416,2021/2/2 7:14,42163.5902,3.679,0,0,2021/2/2
419,2021/2/3 20:04,42163.5011,3.6852,0,0,2021/2/3
421,2021/2/4 20:12,42163.4304,3.692,0,0,2021/2/4
423,2021/2/5 17:20,42163.3626,3.8318,0,0,2021/2/5
425,2021/2/6 16:59,42163.2785,3.8549,0,0,2021/2/6
426,2021/2/7 6:46,42163.2266,3.7713,0,0,2021/2/7
427,2021/2/8 6:53,42163.1319,3.7813,0,0,2021/2/8
430,2021/2/9 20:47,42162.9741,3.7494,0,0,2021/2/9
432,2021/2/10 19:11,42162.881,3.838,0,0,2021/2/10
433,2021/2/11 7:02,42162.835,3.8284,0,0,2021/2/11
436,2021/2/12 19:22,42162.6831,3.8712,0,0,2021/2/12
437,2021/2/13 7:27,42162.636,3.8499,0,0,2021/2/13
439,2021/2/14 7:22,42162.5407,3.8779,0,0,2021/2/14
442,2021/2/15 17:11,42162.4154,4.0482,0,2,2021/2/15
443,2021/2/16 7:50,42162.3608,3.9076,0,2,2021/2/16
444,2021/2/17 7:57,42162.2798,3.9305,0,2,2021/2/17
446,2021/2/18 6:20,42166.4483,3.9785,0,2,2021/2/18
448,2021/2/19 6:18,42166.5579,3.9527,0,2,2021/2/19
449,2021/2/20 6:23,42166.5027,3.9203,0,2,2021/2/20
451,2021/2/21 8:25,42166.4508,3.8132,0,0,2021/2/21
452,2021/2/22 8:13,42166.4152,3.7929,0,0,2021/2/22
454,2021/2/23 8:39,42166.3841,3.7624,0,0,2021/2/23
456,2021/2/24 8:46,42166.3569,3.7391,0,0,2021/2/24
459,2021/2/25 18:39,42166.3358,3.7922,0,0,2021/2/25
460,2021/2/26 9:04,42166.3185,3.6963,0,0,2021/2/26
461,2021/2/27 19:28,42166.2871,3.707,0,0,2021/2/27
462,2021/2/28 9:02,42166.266,3.6551,0,0,2021/2/28
466,2021/3/1 19:42,42166.2044,3.6554,0,0,2021/3/1
467,2021/3/2 18:05,42166.1491,3.7046,0,0,2021/3/2
469,2021/3/3 19:56,42166.0771,3.6096,0,0,2021/3/3
470,2021/3/4 7:59,42166.0437,3.5806,0,0,2021/3/4
471,2021/3/5 5:55,42165.9672,3.6384,0,0,2021/3/5
473,2021/3/6 8:14,42165.8702,3.5457,0,0,2021/3/6
476,2021/3/7 18:41,42165.7297,3.5778,0,0,2021/3/7
478,2021/3/8 18:48,42165.6313,3.5572,0,0,2021/3/8
480,2021/3/9 18:55,42165.5312,3.5391,0,0,2021/3/9
481,2021/3/10 6:59,42165.4844,3.5136,0,0,2021/3/10
482,2021/3/11 19:09,42165.3333,3.5084,0,0,2021/3/11
483,2021/3/12 6:19,42165.291,3.5152,0,0,2021/3/12
486,2021/3/13 17:09,42165.1547,3.5762,0,0,2021/3/13
487,2021/3/14 5:28,42165.1057,3.5357,0,0,2021/3/14
488,2021/3/15 7:00,42165.0137,3.4697,0,0,2021/3/15
490,2021/3/16 7:41,42164.9296,3.4587,0,0,2021/3/16
493,2021/3/17 14:41,42164.8354,3.6662,0,0,2021/3/17
494,2021/3/18 6:22,42164.7878,3.4723,0,0,2021/3/18
495,2021/3/19 4:27,42164.7311,3.5571,0,0,2021/3/19
497,2021/3/20 5:27,42164.677,3.5011,0,0,2021/3/20
499,2021/3/21 6:33,42164.6299,3.4604,0,0,2021/3/21
501,2021/3/22 13:33,42164.5918,3.6803,0,0,2021/3/22
503,2021/3/23 6:18,42164.5685,3.4642,0,0,2021/3/23
506,2021/3/24 18:57,42164.545,3.4727,0,0,2021/3/24
507,2021/3/25 7:01,42164.5321,3.4554,0,0,2021/3/25
509,2021/3/26 17:28,42164.5127,3.5125,0,0,2021/3/26
511,2021/3/27 17:35,42164.4867,3.5079,0,0,2021/3/27
513,2021/3/28 17:42,42164.4502,3.5046,0,0,2021/3/28
514,2021/3/29 6:46,42164.4272,3.4647,0,0,2021/3/29
516,2021/3/30 17:56,42164.3403,3.5021,0,0,2021/3/30
517,2021/3/31 7:24,42164.3056,3.4806,0,0,2021/3/31
519,2021/4/1 16:27,42164.1892,3.5643,0,0,2021/4/1
521,2021/4/2 18:18,42164.0928,3.5111,0,0,2021/4/2
522,2021/4/3 6:21,42164.0488,3.494,0,0,2021/4/3
525,2021/4/4 15:05,42163.9134,3.6493,0,0,2021/4/4
526,2021/4/5 4:18,42163.8596,3.573,0,0,2021/4/5
528,2021/4/6 1:32,42163.7704,3.7226,0,0,2021/4/6
532,2021/4/7 15:26,42163.6081,3.6549,0,0,2021/4/7
533,2021/4/8 5:13,42163.5521,3.5665,0,0,2021/4/8
535,2021/4/9 5:20,42163.4531,3.5773,0,0,2021/4/9
537,2021/4/10 3:44,42163.364,3.6554,0,0,2021/4/10
541,2021/4/11 17:38,42163.2244,3.6283,0,0,2021/4/11
542,2021/4/12 5:41,42163.1798,3.6225,0,0,2021/4/12
543,2021/4/13 16:09,42163.0705,3.7049,0,0,2021/4/13
544,2021/4/14 3:40,42163.0335,3.7207,0,0,2021/4/14
545,2021/4/15 3:59,42162.9662,3.7239,0,0,2021/4/15
547,2021/4/16 4:26,42162.9062,3.7258,0,0,2021/4/16
548,2021/4/17 4:36,42162.8549,3.7418,0,0,2021/4/17
550,2021/4/18 6:27,42162.8101,3.7663,0,0,2021/4/18
552,2021/4/19 4:47,42162.7781,3.7815,0,2,2021/4/19
554,2021/4/20 3:11,42162.7526,3.8628,0,2,2021/4/20
556,2021/4/21 3:18,42162.7322,3.8783,0,2,2021/4/21
560,2021/4/22 15:29,42166.6891,3.8535,0,2,2021/4/22
562,2021/4/23 13:52,42166.6563,3.9134,0,2,2021/4/23
564,2021/4/24 3:39,42166.6159,3.7782,0,2,2021/4/24
566,2021/4/25 3:46,42166.5812,3.7476,0,0,2021/4/25
567,2021/4/26 3:53,42166.5335,3.7181,0,0,2021/4/26
568,2021/4/27 6:00,42166.4732,3.6954,0,0,2021/4/27
569,2021/4/28 4:07,42166.4107,3.6638,0,0,2021/4/28
572,2021/4/29 16:18,42166.2823,3.649,0,0,2021/4/29
573,2021/4/30 4:22,42166.2394,3.617,0,0,2021/4/30
576,2021/5/1 14:49,42166.0975,3.6554,0,0,2021/5/1
577,2021/5/2 3:01,42166.0476,3.616,0,0,2021/5/2
580,2021/5/3 15:03,42165.8915,3.605,0,0,2021/5/3
582,2021/5/4 15:10,42165.7869,3.5826,0,0,2021/5/4
584,2021/5/5 18:45,42165.6694,3.6109,0,0,2021/5/5
585,2021/5/6 3:20,42165.6344,3.5375,0,0,2021/5/6
586,2021/5/7 3:27,42165.5349,3.5214,0,0,2021/5/7
588,2021/5/8 3:34,42165.4396,3.5075,0,0,2021/5/8
590,2021/5/9 3:41,42165.3496,3.4955,0,0,2021/5/9
592,2021/5/10 3:48,42165.266,3.4857,0,0,2021/5/10
594,2021/5/11 2:12,42165.1951,3.523,0,0,2021/5/11
597,2021/5/12 14:23,42165.0959,3.5179,0,0,2021/5/12
598,2021/5/13 1:55,42165.0647,3.519,0,0,2021/5/13
599,2021/5/14 1:58,42165.0101,3.5087,0,0,2021/5/14
600,2021/5/15 0:57,42164.9652,3.5555,0,0,2021/5/15
602,2021/5/16 12:39,42164.9122,3.5813,0,0,2021/5/16
604,2021/5/17 14:58,42164.8814,3.4702,0,0,2021/5/17
605,2021/5/18 3:01,42164.8671,3.4518,0,0,2021/5/18
608,2021/5/19 15:12,42164.8433,3.4604,0,0,2021/5/19
609,2021/5/20 3:16,42164.8315,3.4437,0,0,2021/5/20
610,2021/5/22 1:49,42164.7939,3.4718,0,0,2021/5/22
611,2021/5/23 1:53,42164.7634,3.4659,0,0,2021/5/23
612,2021/5/24 0:20,42164.7236,3.5425,0,0,2021/5/24
613,2021/5/25 2:08,42164.6655,3.4536,0,0,2021/5/25
614,2021/5/26 2:08,42164.5977,3.4532,0,0,2021/5/26
617,2021/5/27 14:25,42164.4718,3.4625,0,0,2021/5/27
619,2021/5/28 14:32,42164.3796,3.463,0,0,2021/5/28
620,2021/5/29 1:53,42164.3356,3.4655,0,0,2021/5/29
621,2021/5/30 0:59,42164.2397,3.5043,0,0,2021/5/30
622,2021/5/31 2:23,42164.1307,3.4659,0,0,2021/5/31
623,2021/6/1 1:13,42164.0323,3.5033,0,0,2021/6/1
624,2021/6/2 7:27,42163.8997,3.6926,0,0,2021/6/2
625,2021/6/3 7:42,42163.7979,3.7132,0,0,2021/6/3
626,2021/6/4 1:34,42163.7245,3.5169,0,0,2021/6/4
627,2021/6/5 1:41,42163.6294,3.5258,0,0,2021/6/5
629,2021/6/6 7:00,42163.524,3.7387,0,0,2021/6/6
631,2021/6/7 7:21,42163.4439,3.7686,0,0,2021/6/7
633,2021/6/8 7:36,42163.3716,3.7929,0,0,2021/6/8
636,2021/6/9 21:06,42163.2754,3.8038,0,0,2021/6/9
637,2021/6/10 6:37,42163.2535,3.8028,0,0,2021/6/10
638,2021/6/11 6:55,42163.2048,3.8352,0,0,2021/6/11
639,2021/6/12 5:46,42163.1652,3.8051,0,0,2021/6/12
640,2021/6/13 6:12,42163.1305,3.8505,0,0,2021/6/13
642,2021/6/14 1:01,42163.1047,3.6836,0,0,2021/6/14
645,2021/6/15 6:47,42163.0775,3.9179,0,0,2021/6/15
648,2021/6/16 23:39,42163.0397,3.7892,0,0,2021/6/16
649,2021/6/17 23:46,42163.0175,3.8019,0,0,2021/6/17
650,2021/6/18 7:31,42163.0091,3.9938,0,0,2021/6/18
651,2021/6/19 6:25,42162.9791,3.998,0,2,2021/6/19
653,2021/6/20 6:47,42162.9388,4.0308,0,2,2021/6/20
655,2021/6/21 20:48,42162.8538,4.0431,0,2,2021/6/21
657,2021/6/23 21:02,42166.7152,3.9548,0,2,2021/6/23
659,2021/6/24 21:08,42166.6375,3.9205,0,2,2021/6/24
661,2021/6/25 17:22,42166.5582,3.9299,0,2,2021/6/25
662,2021/6/26 7:36,42166.4968,3.9231,0,0,2021/6/26
665,2021/6/27 17:55,42166.3549,3.9093,0,0,2021/6/27
667,2021/6/28 18:18,42166.2501,3.8973,0,0,2021/6/28
669,2021/6/29 20:00,42166.1388,3.853,0,0,2021/6/29
670,2021/6/30 8:04,42166.0858,3.8225,0,0,2021/6/30
671,2021/7/1 8:10,42165.9843,3.7988,0,0,2021/7/1
674,2021/7/2 20:21,42165.8391,3.7771,0,0,2021/7/2
676,2021/7/3 20:28,42165.7516,3.7528,0,0,2021/7/3
679,2021/7/4 20:35,42165.6722,3.7293,0,0,2021/7/4
681,2021/7/5 20:42,42165.6016,3.706,0,0,2021/7/5
682,2021/7/6 6:45,42165.5747,3.7631,0,0,2021/7/6
683,2021/7/7 19:13,42165.4875,3.7485,0,0,2021/7/7
684,2021/7/8 7:16,42165.4639,3.7279,0,0,2021/7/8
685,2021/7/9 5:56,42165.4233,3.7347,0,0,2021/7/9
687,2021/7/10 7:57,42165.3849,3.6759,0,0,2021/7/10
689,2021/7/11 6:42,42165.3563,3.7101,0,0,2021/7/11
691,2021/7/12 7:07,42165.3299,3.6882,0,0,2021/7/12
692,2021/7/13 7:12,42165.3061,3.675,0,0,2021/7/13
695,2021/7/14 18:19,42165.2699,3.702,0,0,2021/7/14
696,2021/7/15 6:16,42165.2576,3.6804,0,0,2021/7/15
697,2021/7/16 6:38,42165.2271,3.6636,0,0,2021/7/16
699,2021/7/17 6:49,42165.1898,3.6491,0,0,2021/7/17
703,2021/7/18 20:30,42165.116,3.5612,0,0,2021/7/18
704,2021/7/19 18:16,42165.0614,3.6694,0,0,2021/7/19
705,2021/7/20 7:50,42165.0227,3.5752,0,0,2021/7/20
708,2021/7/21 19:08,42164.9131,3.6226,0,0,2021/7/21
710,2021/7/22 19:15,42164.8278,3.611,0,0,2021/7/22
712,2021/7/23 19:22,42164.7362,3.6,0,0,2021/7/23
713,2021/7/24 7:25,42164.6854,3.574,0,0,2021/7/24
714,2021/7/25 7:44,42164.5859,3.5531,0,0,2021/7/25
716,2021/7/26 7:39,42164.4856,3.5565,0,0,2021/7/26
717,2021/7/27 6:58,42164.3869,3.5943,0,0,2021/7/27
719,2021/7/28 7:53,42164.2826,3.5433,0,0,2021/7/28
720,2021/7/29 8:00,42164.1839,3.5385,0,0,2021/7/29
722,2021/7/30 7:42,42164.0911,3.56,0,0,2021/7/30
724,2021/7/31 6:24,42164.007,3.6369,0,0,2021/7/31
726,2021/8/1 6:40,42163.9255,3.6304,0,0,2021/8/1
728,2021/8/2 7:02,42163.852,3.6166,0,0,2021/8/2
730,2021/8/3 7:16,42163.7881,3.6103,0,0,2021/8/3
732,2021/8/4 7:35,42163.7332,3.5996,0,0,2021/8/4
734,2021/8/5 6:30,42163.6894,3.6718,0,0,2021/8/5
736,2021/8/6 7:13,42163.6505,3.6392,0,0,2021/8/6
738,2021/8/7 7:20,42163.6191,3.6416,0,0,2021/8/7
740,2021/8/8 7:12,42163.5924,3.6597,0,0,2021/8/8
742,2021/8/9 7:34,42163.5675,3.648,0,0,2021/8/9
745,2021/8/10 21:28,42163.5252,3.5943,0,0,2021/8/10
747,2021/8/11 19:52,42163.4991,3.6698,0,0,2021/8/11
748,2021/8/12 6:50,42163.4837,3.7237,0,0,2021/8/12
749,2021/8/13 8:02,42163.4436,3.669,0,0,2021/8/13
752,2021/8/14 20:13,42163.3744,3.691,0,0,2021/8/14
754,2021/8/15 20:20,42163.3158,3.701,0,0,2021/8/15
756,2021/8/16 17:00,42163.2572,3.9038,0,0,2021/8/16
758,2021/8/17 20:34,42163.1725,3.7256,0,0,2021/8/17
760,2021/8/18 18:57,42163.096,3.8227,0,0,2021/8/18
761,2021/8/19 7:37,42163.0484,3.7778,0,0,2021/8/19
762,2021/8/20 7:08,42162.9589,3.8203,0,0,2021/8/20
764,2021/8/21 7:15,42162.8628,3.8333,0,2,2021/8/21
767,2021/8/22 19:25,42162.7148,3.8739,0,2,2021/8/22
768,2021/8/23 7:29,42162.6621,3.8646,0,2,2021/8/23
771,2021/8/24 19:51,42164.3496,3.8646,0,2,2021/8/24
772,2021/8/25 1:46,42166.1898,4.0348,0,2,2021/8/25
775,2021/8/26 7:50,42166.4715,3.8227,0,2,2021/8/26
776,2021/8/27 7:57,42166.3748,3.7951,0,2,2021/8/27
778,2021/8/28 8:04,42166.2871,3.7698,0,0,2021/8/28
780,2021/8/29 8:10,42166.2105,3.7462,0,0,2021/8/29
782,2021/8/30 6:07,42166.1463,3.8108,0,0,2021/8/30
784,2021/8/31 6:33,42166.0844,3.7646,0,0,2021/8/31
786,2021/9/1 4:21,42166.0375,3.8713,0,0,2021/9/1
788,2021/9/2 6:21,42165.9924,3.734,0,0,2021/9/2
790,2021/9/3 7:12,42165.9576,3.6753,0,0,2021/9/3
792,2021/9/4 7:31,42165.9299,3.6482,0,0,2021/9/4
795,2021/9/5 17:36,42165.8932,3.7175,0,0,2021/9/5
797,2021/9/6 19:27,42165.8685,3.6047,0,0,2021/9/6
799,2021/9/7 19:34,42165.8424,3.5852,0,0,2021/9/7
801,2021/9/8 19:41,42165.8107,3.5672,0,0,2021/9/8
803,2021/9/9 19:21,42165.7729,3.5588,0,0,2021/9/9
804,2021/9/10 5:21,42165.7513,3.6401,0,0,2021/9/10
808,2021/9/11 16:35,42165.6759,3.6781,0,0,2021/9/11
810,2021/9/12 17:30,42165.61,3.6011,0,0,2021/9/12
811,2021/9/13 5:43,42165.5722,3.5705,0,0,2021/9/13
814,2021/9/14 18:39,42165.4567,3.513,0,0,2021/9/14
816,2021/9/15 18:46,42165.3717,3.4981,0,0,2021/9/15
818,2021/9/16 18:53,42165.2814,3.4853,0,0,2021/9/16
820,2021/9/17 19:00,42165.187,3.4748,0,0,2021/9/17
821,2021/9/18 7:04,42165.1362,3.4702,0,0,2021/9/18
824,2021/9/19 17:31,42164.996,3.5191,0,0,2021/9/19
825,2021/9/20 6:03,42164.9428,3.4815,0,0,2021/9/20
827,2021/9/21 5:41,42164.8458,3.4905,0,0,2021/9/21
829,2021/9/22 6:39,42164.746,3.4578,0,0,2021/9/22
831,2021/9/23 5:33,42164.6574,3.4893,0,0,2021/9/23
833,2021/9/24 7:17,42164.5643,3.4566,0,0,2021/9/24
835,2021/9/25 4:43,42164.4906,3.5288,0,0,2021/9/25
837,2021/9/26 6:16,42164.4127,3.4656,0,0,2021/9/26
839,2021/9/27 6:23,42164.3476,3.4665,0,0,2021/9/27
841,2021/9/28 5:21,42164.2935,3.4993,0,0,2021/9/28
842,2021/9/29 13:31,42164.2324,3.7195,0,0,2021/9/29
843,2021/9/30 5:01,42164.21,3.5199,0,0,2021/9/30
844,2021/10/1 5:00,42164.1811,3.5245,0,0,2021/10/1
846,2021/10/2 5:03,42164.1573,3.5258,0,0,2021/10/2
848,2021/10/3 5:22,42164.1368,3.5184,0,0,2021/10/3
851,2021/10/4 15:49,42164.1054,3.6087,0,0,2021/10/4
853,2021/10/5 17:39,42164.078,3.5253,0,0,2021/10/5
855,2021/10/6 17:46,42164.0457,3.5298,0,0,2021/10/6
857,2021/10/7 16:10,42164.0073,3.6003,0,0,2021/10/7
859,2021/10/8 16:17,42163.9569,3.5991,0,0,2021/10/8
861,2021/10/9 16:24,42163.8966,3.6001,0,0,2021/10/9
863,2021/10/10 16:31,42163.8273,3.6021,0,0,2021/10/10
865,2021/10/11 14:54,42163.7567,3.7076,0,0,2021/10/11
866,2021/10/12 2:58,42163.7133,3.6941,0,0,2021/10/12
868,2021/10/13 1:21,42163.6339,3.7961,0,0,2021/10/13
872,2021/10/14 14:23,42163.4941,3.7709,0,0,2021/10/14
874,2021/10/15 15:22,42163.3915,3.7179,0,0,2021/10/15
875,2021/10/16 4:47,42163.3323,3.6528,0,0,2021/10/16
876,2021/10/17 15:36,42163.1865,3.7321,0,0,2021/10/17
878,2021/10/18 3:40,42163.135,3.7274,0,0,2021/10/18
879,2021/10/19 4:09,42163.0341,3.7239,0,0,2021/10/19
881,2021/10/20 4:20,42162.9376,3.7367,0,0,2021/10/20
884,2021/10/21 14:21,42162.8084,3.879,0,0,2021/10/21
885,2021/10/22 4:08,42162.7619,3.7864,0,0,2021/10/22
887,2021/10/23 4:15,42162.6826,3.8064,0,0,2021/10/23
890,2021/10/24 14:42,42162.5819,3.9192,0,2,2021/10/24
891,2021/10/25 1:02,42162.5556,4.0296,0,2,2021/10/25
892,2021/10/26 2:52,42162.4959,3.9391,0,2,2021/10/26
894,2021/10/27 15:02,42166.3555,3.9245,0,2,2021/10/27
896,2021/10/28 15:09,42166.0824,3.8967,0,2,2021/10/28
897,2021/10/29 3:13,42166.0572,3.8702,0,2,2021/10/29
899,2021/10/30 4:16,42166.0389,3.8161,0,0,2021/10/30
900,2021/10/31 3:27,42166.0227,3.8201,0,0,2021/10/31
901,2021/11/1 3:34,42166.0017,3.7969,0,0,2021/11/1
904,2021/11/2 15:44,42165.9621,3.7772,0,0,2021/11/2
906,2021/11/3 15:51,42165.9307,3.7574,0,0,2021/11/3
909,2021/11/4 14:15,42165.8915,3.8046,0,0,2021/11/4
911,2021/11/5 14:22,42165.8402,3.7797,0,0,2021/11/5
912,2021/11/6 1:33,42165.8088,3.8095,0,0,2021/11/6
913,2021/11/7 6:37,42165.7286,3.7849,0,0,2021/11/7
916,2021/11/8 14:43,42165.6251,3.714,0,0,2021/11/8
917,2021/11/9 2:46,42165.5794,3.6906,0,0,2021/11/9
919,2021/11/10 7:24,42165.4724,3.8156,0,0,2021/11/10
922,2021/11/11 15:03,42165.3445,3.6654,0,0,2021/11/11
924,2021/11/12 19:48,42165.2192,3.8378,0,0,2021/11/12
925,2021/11/13 5:10,42165.1788,3.6619,0,0,2021/11/13
926,2021/11/14 5:45,42165.072,3.6907,0,0,2021/11/14
927,2021/11/15 1:44,42164.9871,3.6769,0,0,2021/11/15
928,2021/11/16 4:27,42164.8769,3.6279,0,0,2021/11/16
930,2021/11/17 1:17,42164.7953,3.6915,0,0,2021/11/17
931,2021/11/18 2:05,42164.7039,3.6435,0,0,2021/11/18
933,2021/11/19 2:12,42164.6221,3.6362,0,0,2021/11/19
934,2021/11/20 2:19,42164.5472,3.6311,0,0,2021/11/20
937,2021/11/21 14:29,42164.4494,3.6397,0,0,2021/11/21
938,2021/11/22 14:36,42164.3947,3.6391,0,0,2021/11/22
939,2021/11/23 0:56,42164.3743,3.7012,0,0,2021/11/23
940,2021/11/24 1:03,42164.3311,3.6948,0,0,2021/11/24
941,2021/11/25 1:10,42164.2958,3.6892,0,0,2021/11/25
943,2021/11/26 1:17,42164.2675,3.6848,0,0,2021/11/26
945,2021/11/27 1:24,42164.2448,3.6814,0,0,2021/11/27
946,2021/11/28 1:31,42164.2246,3.6794,0,0,2021/11/28
947,2021/11/29 1:38,42164.2044,3.6785,0,0,2021/11/29
948,2021/11/30 1:45,42164.1806,3.679,0,0,2021/11/30
949,2021/12/1 1:52,42164.1508,3.681,0,0,2021/12/1
950,2021/12/2 0:20,42164.1161,3.756,0,0,2021/12/2
953,2021/12/3 6:30,42164.0572,3.8899,0,0,2021/12/3
957,2021/12/4 21:09,42163.9571,3.9571,0,0,2021/12/4
959,2021/12/5 21:00,42163.8823,3.9698,0,0,2021/12/5
960,2021/12/6 0:43,42163.8686,3.7546,0,0,2021/12/6
963,2021/12/7 6:05,42163.7648,3.9216,0,0,2021/12/7
966,2021/12/8 17:10,42163.6224,3.8972,0,0,2021/12/8
967,2021/12/9 21:44,42163.4985,3.9803,0,0,2021/12/9
968,2021/12/10 1:11,42163.4834,3.7778,0,0,2021/12/10
972,2021/12/11 21:58,42163.283,3.9931,0,0,2021/12/11
974,2021/12/12 20:21,42163.1837,4.0821,0,0,2021/12/12
977,2021/12/13 20:28,42163.0817,4.0983,0,0,2021/12/13
979,2021/12/14 20:35,42162.9853,4.1147,0,2,2021/12/14
980,2021/12/15 6:57,42162.9472,4.1186,0,2,2021/12/15
981,2021/12/16 1:47,42162.8805,3.8837,0,2,2021/12/16
983,2021/12/17 5:57,42166.538,4.0352,0,2,2021/12/17
984,2021/12/18 6:22,42166.4553,4.0327,0,2,2021/12/18
987,2021/12/19 21:10,42166.3622,3.9865,0,2,2021/12/19
988,2021/12/20 5:17,42166.3375,3.9424,0,0,2021/12/20
990,2021/12/21 5:38,42166.2843,3.945,0,0,2021/12/21
991,2021/12/22 7:44,42166.2408,3.9637,0,0,2021/12/22
993,2021/12/23 7:51,42166.2066,3.9405,0,0,2021/12/23
995,2021/12/24 7:58,42166.1786,3.9168,0,0,2021/12/24
997,2021/12/25 8:04,42166.1547,3.8924,0,0,2021/12/25
1000,2021/12/26 21:58,42166.1197,3.7609,0,0,2021/12/26
1002,2021/12/27 20:22,42166.0956,3.8481,0,0,2021/12/27
1005,2021/12/28 23:55,42166.0605,3.6026,0,0,2021/12/28
1006,2021/12/29 18:43,42166.0317,3.8605,0,0,2021/12/29
1008,2021/12/30 20:42,42165.982,3.7629,0,0,2021/12/30
1010,2021/12/31 20:49,42165.9271,3.7346,0,0,2021/12/31
1012,2022/1/1 20:56,42165.862,3.7065,0,0,2022/1/1
1014,2022/1/2 21:03,42165.7872,3.6793,0,0,2022/1/2
1015,2022/1/3 7:23,42165.7558,3.7515,0,0,2022/1/3
1016,2022/1/4 7:30,42165.6678,3.732,0,0,2022/1/4
1019,2022/1/5 21:24,42165.5108,3.6037,0,0,2022/1/5
1020,2022/1/6 7:44,42165.4681,3.6937,0,0,2022/1/6
1023,2022/1/7 19:54,42165.3058,3.6827,0,0,2022/1/7
1024,2022/1/8 7:58,42165.2512,3.6571,0,0,2022/1/8
1026,2022/1/9 8:04,42165.1429,3.6397,0,0,2022/1/9
1028,2022/1/10 7:11,42165.044,3.6761,0,0,2022/1/10
1030,2022/1/11 5:57,42164.9526,3.6976,0,0,2022/1/11
1033,2022/1/12 22:12,42165.0995,3.4763,0,0,2022/1/12
1035,2022/1/13 20:35,42165.0238,3.5793,0,0,2022/1/13
1036,2022/1/14 6:56,42164.9899,3.6543,0,0,2022/1/14
1038,2022/1/15 6:59,42164.9304,3.6453,0,0,2022/1/15
1040,2022/1/16 7:08,42164.8752,3.6319,0,0,2022/1/16
1042,2022/1/17 7:16,42164.8278,3.6189,0,0,2022/1/17
1045,2022/1/18 19:38,42164.7698,3.6141,0,0,2022/1/18
1046,2022/1/19 6:36,42164.751,3.643,0,0,2022/1/19
1048,2022/1/20 6:56,42164.7208,3.6238,0,0,2022/1/20
1050,2022/1/21 7:44,42164.6924,3.5716,0,0,2022/1/21
1053,2022/1/22 19:54,42164.654,3.5747,0,0,2022/1/22
1054,2022/1/23 7:58,42164.6411,3.5488,0,0,2022/1/23
1057,2022/1/24 18:24,42164.5977,3.6649,0,0,2022/1/24
1059,2022/1/25 20:15,42164.5596,3.5379,0,0,2022/1/25
1061,2022/1/26 20:22,42164.5175,3.5267,0,0,2022/1/26
1063,2022/1/27 20:28,42164.4679,3.5165,0,0,2022/1/27
1065,2022/1/28 20:29,42164.4104,3.5143,0,0,2022/1/28
1067,2022/1/29 20:42,42164.3437,3.4996,0,3,2022/1/29
1069,2022/1/30 20:49,42164.268,3.4937,0,3,2022/1/30
1071,2022/1/31 20:56,42164.1836,3.4893,0,3,2022/1/31
1074,2022/2/1 21:26,42140.5725,3.5999,0,3,2022/2/1
1075,2022/2/2 4:41,42141.208,3.9874,0,3,2022/2/2
1076,2022/2/11 18:46,42125.7783,8.5877,0,3,2022/2/11
1077,2022/2/12 6:50,42125.7386,8.8115,0,3,2022/2/12
1079,2022/2/13 6:57,42125.6659,9.3004,0,3,2022/2/13
1080,2022/2/14 7:04,42125.5968,9.7911,0,0,2022/2/14
1083,2022/2/15 19:14,42125.5045,10.5469,0,0,2022/2/15
1084,2022/2/16 7:18,42125.4718,10.7775,0,0,2022/2/16
1085,2022/2/17 7:25,42125.4122,11.2736,0,0,2022/2/17
1088,2022/2/18 19:35,42125.3216,12.0356,0,0,2022/2/18
1089,2022/2/19 19:42,42125.257,12.536,0,0,2022/2/19
1090,2022/2/20 6:45,42125.2279,12.7971,0,0,2022/2/20
1093,2022/2/21 18:13,42125.1196,13.5912,0,0,2022/2/21
1095,2022/2/22 18:20,42125.0391,14.0884,0,0,2022/2/22
1097,2022/2/23 17:11,42124.956,14.6489,0,0,2022/2/23
1098,2022/2/24 6:30,42124.9057,14.8229,0,0,2022/2/24
1101,2022/2/25 15:13,42124.765,15.7418,0,0,2022/2/25
1102,2022/2/26 6:46,42124.6937,15.8326,0,0,2022/2/26
1105,2022/2/27 18:54,42124.5074,16.6095,0,0,2022/2/27
1106,2022/2/28 6:56,42124.4445,16.856,0,0,2022/2/28
1109,2022/3/1 17:25,42124.2401,17.6848,0,0,2022/3/1
1111,2022/3/2 17:32,42124.0902,18.1939,0,0,2022/3/2
1114,2022/3/3 18:27,42123.9291,18.6827,0,0,2022/3/3
1115,2022/3/4 7:12,42123.8444,18.937,0,0,2022/3/4
1118,2022/3/5 5:49,42123.6925,19.468,0,0,2022/3/5
1121,2022/3/6 16:16,42123.4665,20.3332,0,0,2022/3/6
1122,2022/3/7 6:03,42123.374,20.5129,0,0,2022/3/7
1124,2022/3/8 5:11,42123.2288,21.0611,0,0,2022/3/8
1126,2022/3/9 6:17,42123.0792,21.5719,0,0,2022/3/9
1128,2022/3/10 4:42,42122.9528,22.1363,0,0,2022/3/10
1130,2022/3/11 4:48,42122.8242,22.6638,0,0,2022/3/11
1132,2022/3/12 4:54,42122.7037,23.1927,0,0,2022/3/12
1134,2022/3/13 5:01,42122.5904,23.7245,0,0,2022/3/13
1138,2022/3/14 17:12,42122.4352,24.5424,0,0,2022/3/14
1139,2022/3/15 17:19,42122.3354,25.0806,0,0,2022/3/15
1140,2022/3/16 4:36,42122.287,25.3497,0,0,2022/3/16
1143,2022/3/17 15:49,42122.1475,26.2087,0,0,2022/3/17
1145,2022/3/18 19:40,42122.032,26.8114,0,0,2022/3/18
1146,2022/3/19 12:37,42121.9615,27.4201,0,0,2022/3/19
1149,2022/3/20 16:10,42121.8377,27.8227,0,0,2022/3/20
1151,2022/3/21 16:30,42121.7241,28.3616,0,0,2022/3/21
1152,2022/3/22 12:58,42121.6257,29.0551,0,0,2022/3/22
1154,2022/3/23 13:04,42121.5007,29.6007,0,0,2022/3/23
1157,2022/3/24 19:01,42121.3349,30.1133,0,0,2022/3/24
1159,2022/3/25 13:18,42121.2284,30.6931,0,0,2022/3/25
1162,2022/3/26 18:48,42121.0466,31.2269,0,0,2022/3/26
1163,2022/3/27 11:49,42120.9362,31.8448,0,0,2022/3/27
1165,2022/3/28 11:56,42120.7732,32.4043,0,0,2022/3/28
1168,2022/3/29 15:29,42120.5777,32.8204,0,0,2022/3/29
1169,2022/3/30 12:09,42120.4281,33.5252,0,0,2022/3/30
1172,2022/3/31 15:43,42120.224,33.9471,0,0,2022/3/31
1174,2022/4/1 12:23,42120.0705,34.6492,0,0,2022/4/1
1176,2022/4/2 14:01,42119.881,35.1373,0,0,2022/4/2
1177,2022/4/3 2:17,42119.7887,35.3975,0,0,2022/4/3
1179,2022/4/4 12:44,42119.5485,36.3446,0,0,2022/4/4
1182,2022/4/5 14:34,42119.376,36.8343,0,0,2022/4/5
1183,2022/4/6 12:58,42119.2346,37.4826,0,0,2022/4/6
1187,2022/4/7 14:48,42119.0811,37.9886,0,0,2022/4/7
1188,2022/4/8 2:51,42119.0129,38.2673,0,0,2022/4/8
1191,2022/4/9 14:16,42118.8297,39.1671,0,0,2022/4/9
1192,2022/4/10 14:06,42118.7168,39.7568,0,0,2022/4/10
1193,2022/4/11 1:29,42118.6617,40.0557,0,0,2022/4/11
1195,2022/4/12 11:56,42118.5194,41.0241,0,0,2022/4/12
1197,2022/4/13 14:07,42118.4115,41.5215,0,0,2022/4/13
1199,2022/4/14 12:09,42118.3234,42.1865,0,0,2022/4/14
1200,2022/4/15 21:56,42118.1859,43.1474,0,0,2022/4/15
1201,2022/4/16 12:23,42118.1252,43.3541,0,0,2022/4/16
1204,2022/4/17 12:30,42118.0215,43.9405,0,0,2022/4/17
1207,2022/4/18 15:58,42117.8971,44.5693,0,2,2022/4/18
1208,2022/4/19 14:09,42117.7925,45.0972,0,2,2022/4/19
1209,2022/4/20 11:07,42117.6897,45.7903,0,2,2022/4/20
1210,2022/4/21 0:54,42142.6338,45.7415,1,2,2022/4/21
1213,2022/4/22 1:01,42166.2178,45.7145,0,2,2022/4/22
1216,2022/4/23 13:11,42165.9596,45.6857,0,2,2022/4/23
1217,2022/4/24 11:34,42165.8177,45.7657,0,2,2022/4/24
1218,2022/4/25 11:41,42165.6669,45.739,0,0,2022/4/25
1220,2022/4/26 1:27,42165.5764,45.6279,0,0,2022/4/26
1221,2022/4/27 0:47,42165.4154,45.6405,0,0,2022/4/27
1222,2022/4/28 12:01,42165.1673,45.6742,0,0,2022/4/28
1223,2022/4/29 0:04,42165.0807,45.6596,0,0,2022/4/29
1227,2022/4/30 20:51,42164.7782,45.8631,0,0,2022/4/30
1229,2022/5/1 14:28,42164.6658,45.6059,0,0,2022/5/1
1231,2022/5/2 12:27,42164.5273,45.6266,0,0,2022/5/2
1234,2022/5/3 15:23,42164.3653,45.6584,0,0,2022/5/3
1236,2022/5/4 20:42,42164.201,45.8686,0,0,2022/5/4
1237,2022/5/6 0:52,42164.0555,45.6151,0,0,2022/5/6
1238,2022/5/7 0:43,42163.9417,45.6255,0,0,2022/5/7
1240,2022/5/8 23:36,42163.7407,45.6892,0,0,2022/5/8
1241,2022/5/9 11:30,42163.6981,45.7074,0,0,2022/5/9
1244,2022/5/10 22:17,42163.5655,45.7991,0,0,2022/5/10
1245,2022/5/11 11:44,42163.519,45.7155,0,0,2022/5/11
1246,2022/5/12 11:50,42163.431,45.7227,0,0,2022/5/12
1248,2022/5/13 11:57,42163.3413,45.7324,0,0,2022/5/13
1250,2022/5/14 21:52,42163.2104,45.8805,0,0,2022/5/14
1251,2022/5/16 22:37,42163.0004,45.8564,0,0,2022/5/16
1252,2022/5/17 16:51,42162.9189,46.0373,0,0,2022/5/17
1253,2022/5/19 22:10,42163.0873,45.9487,0,0,2022/5/19
1254,2022/5/20 23:03,42162.4765,45.915,0,0,2022/5/20
1255,2022/5/21 19:43,42162.3524,46.171,0,0,2022/5/21
1257,2022/5/22 19:50,42162.194,46.1927,0,2,2022/5/22
1259,2022/5/23 19:56,42162.1514,46.2151,0,2,2022/5/23
1260,2022/5/24 11:26,42161.942,46.0014,0,2,2022/5/24
1264,2022/5/25 20:09,42166.6072,46.1665,0,2,2022/5/25
1266,2022/5/26 22:06,42166.4135,45.9831,0,2,2022/5/26
1267,2022/5/27 22:43,42166.2086,45.9205,0,2,2022/5/27
1268,2022/5/28 22:11,42166.0409,45.93,0,0,2022/5/28
1269,2022/5/29 20:51,42165.9321,46.0098,0,0,2022/5/29
1270,2022/5/30 20:30,42165.7917,46.0181,0,0,2022/5/30
1271,2022/5/31 21:01,42165.6549,45.9568,0,0,2022/5/31
1272,2022/6/1 21:39,42165.5225,45.8909,0,0,2022/6/1
1273,2022/6/2 20:20,42165.4073,45.9807,0,0,2022/6/2
1276,2022/6/3 22:52,42165.2868,45.8015,0,0,2022/6/3
1277,2022/6/4 21:55,42165.1844,45.8347,0,0,2022/6/4
1278,2022/6/5 21:18,42165.0866,45.8662,0,0,2022/6/5
1279,2022/6/6 19:45,42165.0014,45.9829,0,0,2022/6/6
1280,2022/6/7 19:51,42164.9136,45.9659,0,0,2022/6/7
1283,2022/6/8 21:41,42164.8214,45.8177,0,0,2022/6/8
1284,2022/6/9 20:05,42164.7407,45.9346,0,0,2022/6/9
1285,2022/6/10 21:17,42164.647,45.8348,0,0,2022/6/10
1286,2022/6/11 21:18,42164.5548,45.831,0,0,2022/6/11
1288,2022/6/12 22:08,42164.4525,45.7878,0,0,2022/6/12
1289,2022/6/13 21:22,42164.3513,45.8267,0,0,2022/6/13
1290,2022/6/14 20:37,42164.2403,45.8796,0,0,2022/6/14
1291,2022/6/15 21:07,42164.1138,45.847,0,0,2022/6/15
1292,2022/6/18 19:20,42163.6911,46.0029,0,2,2022/6/18
1293,2022/6/19 19:58,42163.5229,45.9589,0,2,2022/6/19
1294,2022/6/20 17:50,42163.3671,46.1331,0,2,2022/6/20
1295,2022/6/22 21:29,42166.0423,45.8366,0,2,2022/6/22
1296,2022/6/23 19:53,42165.8626,45.9164,0,2,2022/6/23
1297,2022/6/25 20:06,42165.5332,45.8637,0,2,2022/6/25
1298,2022/6/27 4:49,42165.3297,46.0677,0,0,2022/6/27
1299,2022/6/28 4:55,42165.199,46.0546,0,0,2022/6/28
1300,2022/6/29 5:02,42165.0706,46.0423,0,0,2022/6/29
1302,2022/6/30 23:02,42164.8663,45.7792,0,0,2022/6/30
1303,2022/7/1 20:45,42164.767,45.7674,0,0,2022/7/1
1304,2022/7/2 20:51,42164.6636,45.7603,0,0,2022/7/2
1305,2022/7/4 5:39,42164.5357,45.9807,0,0,2022/7/4
1307,2022/7/5 19:27,42164.3928,45.8342,0,0,2022/7/5
1308,2022/7/7 6:20,42164.2647,45.927,0,0,2022/7/7
1309,2022/7/8 4:17,42164.1822,46.0559,0,0,2022/7/8
1310,2022/7/9 4:24,42164.0906,46.0559,0,0,2022/7/9
1312,2022/7/10 16:34,42163.9459,46.0756,0,0,2022/7/10
1313,2022/7/12 4:18,42163.787,46.0795,0,0,2022/7/12
1314,2022/7/13 5:31,42163.6639,46.0113,0,0,2022/7/13
1316,2022/7/14 4:56,42163.5386,46.062,0,0,2022/7/14
1317,2022/7/15 6:03,42163.3923,45.9913,0,0,2022/7/15
1318,2022/7/16 5:09,42163.2468,46.0716,0,0,2022/7/16
1319,2022/7/17 5:16,42163.0856,46.0787,0,2,2022/7/17
1320,2022/7/18 5:22,42162.9163,46.0878,0,2,2022/7/18
1321,2022/7/19 5:35,42162.742,46.0902,0,2,2022/7/19
1322,2022/7/21 3:59,42166.2402,46.144,0,2,2022/7/21
1323,2022/7/22 4:50,42166.0872,46.0601,0,2,2022/7/22
1324,2022/7/23 4:11,42165.926,46.0875,0,2,2022/7/23
1326,2022/7/24 5:52,42165.7642,45.9371,0,0,2022/7/24
1328,2022/7/25 5:52,42165.6198,45.9196,0,0,2022/7/25
1331,2022/7/26 16:34,42165.432,45.9907,0,0,2022/7/26
1332,2022/7/27 4:37,42165.3728,45.9888,0,0,2022/7/27
1334,2022/7/28 4:43,42165.2556,45.9669,0,0,2022/7/28
1336,2022/7/29 4:53,42165.1446,45.9419,0,0,2022/7/29
1338,2022/7/30 4:35,42165.0403,45.9555,0,0,2022/7/30
1341,2022/7/31 18:18,42164.882,45.8036,0,0,2022/7/31
1343,2022/8/1 18:56,42164.7864,45.7715,0,0,2022/8/1
1344,2022/8/2 5:16,42164.7474,45.8781,0,0,2022/8/2
1345,2022/8/3 5:22,42164.6557,45.8648,0,0,2022/8/3
1348,2022/8/4 15:48,42164.5268,45.977,0,0,2022/8/4
1350,2022/8/5 19:29,42164.4222,45.7655,0,0,2022/8/5
1351,2022/8/6 5:41,42164.3793,45.8354,0,0,2022/8/6
1352,2022/8/7 5:48,42164.2812,45.8296,0,0,2022/8/7
1355,2022/8/8 18:16,42164.1242,45.8014,0,0,2022/8/8
1357,2022/8/9 18:16,42164.0096,45.8077,0,0,2022/8/9
1358,2022/8/10 4:24,42163.9552,45.9347,0,0,2022/8/10
1359,2022/8/11 3:45,42163.8293,45.9918,0,0,2022/8/11
1360,2022/8/12 4:37,42163.6835,45.93,0,0,2022/8/12
1363,2022/8/13 16:47,42163.4509,45.9288,0,2,2022/8/13
1364,2022/8/15 22:04,42163.0711,46.077,0,2,2022/8/15
1365,2022/8/16 23:03,42162.8891,46.1795,0,2,2022/8/16
1366,2022/8/18 5:16,42166.0989,45.9048,0,2,2022/8/18
1369,2022/8/20 17:32,42165.6964,45.8517,0,2,2022/8/20
1370,2022/8/21 5:35,42165.6294,45.8364,0,2,2022/8/21
1372,2022/8/22 3:58,42165.5018,45.9211,0,0,2022/8/22
1374,2022/8/23 4:05,42165.3745,45.8976,0,0,2022/8/23
1376,2022/8/24 4:11,42165.2556,45.8763,0,0,2022/8/24
1378,2022/8/25 3:42,42165.1463,45.9028,0,0,2022/8/25
1380,2022/8/26 4:23,42165.0356,45.8412,0,0,2022/8/26
1382,2022/8/27 2:47,42164.9394,45.9616,0,0,2022/8/27
1385,2022/8/28 4:36,42164.8309,45.8143,0,0,2022/8/28
1387,2022/8/29 4:43,42164.7337,45.8041,0,0,2022/8/29
1389,2022/8/30 4:49,42164.6389,45.7964,0,0,2022/8/30
1391,2022/8/31 4:56,42164.545,45.7909,0,0,2022/8/31
1393,2022/9/1 3:19,42164.4575,45.8875,0,0,2022/9/1
1396,2022/9/2 15:13,42164.3176,45.8926,0,0,2022/9/2
1398,2022/9/3 17:55,42164.2086,45.8046,0,0,2022/9/3
1399,2022/9/4 12:15,42164.1304,46.1031,0,0,2022/9/4
1401,2022/9/5 12:21,42164.0225,46.1048,0,0,2022/9/5
1404,2022/9/6 17:03,42163.8809,45.8259,0,0,2022/9/6
1405,2022/9/7 3:57,42163.8215,45.8557,0,0,2022/9/7
1406,2022/9/8 12:40,42163.6418,46.1118,0,0,2022/9/8
1409,2022/9/9 15:16,42163.4755,45.9271,0,0,2022/9/9
1411,2022/9/10 15:13,42163.3161,45.9431,0,0,2022/9/10
1412,2022/9/11 14:43,42163.1512,45.9921,0,0,2022/9/11
1413,2022/9/12 2:46,42163.0674,45.9925,0,2,2022/9/12
1415,2022/9/13 2:52,42162.8945,46.0012,0,2,2022/9/13
1417,2022/9/14 1:16,42162.7336,46.1566,0,2,2022/9/14
1420,2022/9/15 19:49,42165.9882,46.0975,0,2,2022/9/15
1422,2022/9/16 15:15,42165.864,45.9273,0,2,2022/9/16
1423,2022/9/17 13:00,42165.7311,46.0681,0,2,2022/9/17
1425,2022/9/18 12:01,42165.5991,46.118,0,0,2022/9/18
1427,2022/9/19 12:07,42165.4684,46.0968,0,0,2022/9/19
1430,2022/9/20 15:40,42165.3299,45.8547,0,0,2022/9/20
1431,2022/9/21 16:56,42165.2119,45.854,0,0,2022/9/21
1432,2022/9/22 12:26,42165.1239,46.039,0,0,2022/9/22
1435,2022/9/23 12:33,42165.021,46.0215,0,0,2022/9/23
1437,2022/9/24 2:19,42164.9655,45.8754,0,0,2022/9/24
1441,2022/9/25 11:02,42164.8323,46.0999,0,0,2022/9/25
1445,2022/9/26 12:52,42164.7294,45.9752,0,0,2022/9/26
1451,2022/9/27 12:58,42164.6347,45.9618,0,0,2022/9/27
1459,2022/9/28 15:00,42164.5321,45.8339,1,0,2022/9/28
1461,2022/9/29 13:11,42164.4429,45.9393,0,0,2022/9/29
1466,2022/9/30 15:12,42164.3364,45.8334,0,0,2022/9/30
1468,2022/10/1 15:17,42164.2335,45.8372,0,0,2022/10/1
1469,2022/10/2 11:46,42164.1436,46.0507,0,0,2022/10/2
1472,2022/10/3 13:36,42164.0205,45.9144,0,0,2022/10/3
1473,2022/10/4 11:59,42163.9081,46.042,0,0,2022/10/4
1477,2022/10/5 12:06,42163.7755,46.0395,0,0,2022/10/5
1480,2022/10/6 12:12,42163.6314,46.0387,0,0,2022/10/6
1486,2022/10/7 16:54,42163.4458,45.9738,0,0,2022/10/7
1487,2022/10/8 12:29,42163.3144,46.0366,0,2,2022/10/8
1491,2022/10/9 14:14,42163.1336,45.9494,0,2,2022/10/9
1492,2022/10/10 13:50,42162.9659,45.9823,0,2,2022/10/10
1495,2022/10/11 23:04,42166.1749,46.1768,0,2,2022/10/11
1496,2022/10/12 20:01,42166.1289,46.2534,0,2,2022/10/12
1497,2022/10/13 12:56,42166.0213,45.9831,0,2,2022/10/13
1498,2022/10/14 11:19,42165.8822,46.0881,0,0,2022/10/14
1501,2022/10/15 11:25,42165.7373,46.0596,0,0,2022/10/15
1502,2022/10/16 13:15,42165.5909,45.9082,0,0,2022/10/16
1505,2022/10/17 13:21,42165.4648,45.8887,0,0,2022/10/17
1506,2022/10/18 11:44,42165.3569,45.9843,0,0,2022/10/18
1509,2022/10/19 12:40,42165.2411,45.9014,0,0,2022/10/19
1512,2022/10/20 12:25,42165.1385,45.907,0,0,2022/10/20
1513,2022/10/21 12:03,42165.042,45.9238,0,0,2022/10/21
1514,2022/10/22 12:09,42164.9456,45.9076,0,0,2022/10/22
1515,2022/10/23 11:36,42164.8542,45.9418,0,0,2022/10/23
1516,2022/10/24 12:21,42164.758,45.8804,0,0,2022/10/24
1517,2022/10/25 0:24,42164.7079,45.8682,0,0,2022/10/25
1520,2022/10/26 12:34,42164.5688,45.8612,0,0,2022/10/26
1522,2022/10/27 11:37,42164.4757,45.9222,0,0,2022/10/27
1524,2022/10/28 20:38,42164.3356,46.1535,0,0,2022/10/28
1526,2022/10/29 22:36,42164.2184,46.0089,0,0,2022/10/29
1528,2022/10/30 21:08,42164.1108,46.1321,0,0,2022/10/30
1530,2022/10/31 14:03,42164.0261,45.8574,0,0,2022/10/31
1534,2022/11/1 11:28,42163.912,45.942,0,0,2022/11/1
1536,2022/11/2 11:34,42163.7713,45.9411,0,0,2022/11/2
1538,2022/11/3 11:40,42163.6202,45.9426,0,0,2022/11/3
1545,2022/11/4 23:50,42163.3777,45.9399,0,0,2022/11/4
1546,2022/11/5 20:29,42163.2339,46.2296,0,0,2022/11/5
1548,2022/11/6 11:59,42163.1238,45.9645,0,2,2022/11/6
1549,2022/11/7 20:42,42162.8964,46.2514,0,2,2022/11/7
1550,2022/11/8 0:08,42162.8737,45.9707,0,2,2022/11/8
1551,2022/11/9 22:37,42166.1954,46.028,0,2,2022/11/9
1552,2022/11/10 22:44,42166.0378,45.9954,0,2,2022/11/10
1553,2022/11/11 10:12,42165.9602,46.0357,0,2,2022/11/11
1555,2022/11/12 22:04,42165.7594,46.0133,0,0,2022/11/12
1556,2022/11/13 23:02,42165.633,45.9115,0,0,2022/11/13
1557,2022/11/14 23:08,42165.5133,45.8885,0,0,2022/11/14
1558,2022/11/15 11:12,42165.455,45.8901,0,0,2022/11/15
1559,2022/11/16 11:18,42165.347,45.8713,0,0,2022/11/16
1560,2022/11/17 11:24,42165.2458,45.8547,0,0,2022/11/17
1563,2022/11/18 23:33,42165.1012,45.8208,0,0,2022/11/18
1565,2022/11/22 22:14,42164.7409,45.8747,0,0,2022/11/22
1568,2022/11/23 21:09,42164.9187,45.9606,0,0,2022/11/23
1569,2022/11/24 22:26,42164.8287,45.8436,0,0,2022/11/24
1570,2022/11/25 22:32,42164.7081,45.8313,0,0,2022/11/25
1571,2022/11/26 19:12,42164.6145,46.1038,0,0,2022/11/26
1574,2022/11/27 21:01,42164.4931,45.9477,1,0,2022/11/27
1575,2022/11/28 23:41,42164.3479,45.7886,0,0,2022/11/28
1576,2022/11/30 23:55,42164.0522,45.8021,0,0,2022/11/30
1577,2022/12/1 21:26,42163.9075,45.9136,0,0,2022/12/1
1579,2022/12/2 21:32,42163.7416,45.9114,0,0,2022/12/2
1580,2022/12/4 20:01,42163.4066,46.0674,0,2,2022/12/4
1584,2022/12/5 18:24,42163.2507,46.2064,0,2,2022/12/5
1585,2022/12/6 18:30,42163.089,46.2169,0,2,2022/12/6
1588,2022/12/8 23:39,42166.0493,45.8597,0,2,2022/12/8
1589,2022/12/9 20:54,42165.8449,45.9429,0,2,2022/12/9
1590,2022/12/10 14:50,42165.7519,46.0984,0,2,2022/12/10
1593,2022/12/11 20:37,42165.5982,45.931,0,0,2022/12/11
1594,2022/12/12 20:17,42165.4853,45.9449,0,0,2022/12/12
1596,2022/12/13 22:00,42165.333,45.8126,0,0,2022/12/13
1598,2022/12/14 22:40,42165.2262,45.7896,0,0,2022/12/14
1599,2022/12/15 17:12,42165.1443,46.1375,0,0,2022/12/15
1602,2022/12/16 21:14,42165.0389,45.8228,0,0,2022/12/16
1603,2022/12/17 19:37,42164.9534,45.9456,0,0,2022/12/17
1604,2022/12/18 19:43,42164.8637,45.9272,0,0,2022/12/18
1607,2022/12/19 21:33,42164.7642,45.7899,0,0,2022/12/19
1608,2022/12/20 19:55,42164.6815,45.8948,0,0,2022/12/20
1609,2022/12/21 23:09,42164.5781,45.7919,0,0,2022/12/21
1610,2022/12/22 21:37,42164.4892,45.7832,0,0,2022/12/22
1611,2022/12/23 18:30,42164.4003,46.0125,0,0,2022/12/23
1612,2022/12/24 6:56,42164.3482,45.965,0,0,2022/12/24
1617,2022/12/25 17:48,42164.1716,46.0713,0,0,2022/12/25
1621,2022/12/26 20:46,42164.0202,45.8287,0,0,2022/12/26
1622,2022/12/27 14:20,42163.912,46.1139,0,0,2022/12/27
1625,2022/12/28 17:17,42163.7337,46.125,0,0,2022/12/28
1627,2022/12/29 20:50,42163.5423,45.8519,0,0,2022/12/29
1628,2022/12/31 5:32,42163.3029,46.1179,0,0,2022/12/31
1630,2023/1/1 5:38,42163.1296,46.1234,0,2,2023/1/1
1632,2023/1/2 6:22,42162.957,46.0753,0,2,2023/1/2
1634,2023/1/3 17:53,42162.721,46.1613,0,2,2023/1/3
1635,2023/1/4 19:42,42166.1343,45.9394,0,2,2023/1/4
1637,2023/1/5 16:22,42166.0168,46.2054,0,2,2023/1/5
1638,2023/1/6 18:11,42165.873,46.0315,0,2,2023/1/6
1640,2023/1/7 18:17,42165.7449,46.0011,0,0,2023/1/7
1643,2023/1/8 5:54,42165.6826,46.019,0,0,2023/1/8
1649,2023/1/9 16:46,42165.5138,46.1057,0,0,2023/1/9
1653,2023/1/10 16:52,42165.4079,46.082,0,0,2023/1/10
1655,2023/1/11 6:14,42165.3473,45.9397,0,0,2023/1/11
1659,2023/1/12 5:01,42165.2498,46.0335,0,0,2023/1/12
1663,2023/1/13 17:10,42165.1048,46.0161,0,0,2023/1/13
1665,2023/1/14 18:59,42165.0059,45.8396,0,0,2023/1/14
1667,2023/1/15 19:05,42164.9162,45.8242,0,0,2023/1/15
1668,2023/1/16 17:28,42164.8343,45.958,0,0,2023/1/16
1670,2023/1/17 5:31,42164.7922,45.9425,0,0,2023/1/17
1672,2023/1/18 4:02,42164.7095,46.059,0,0,2023/1/18
1675,2023/1/19 3:59,42164.6198,46.0588,0,0,2023/1/19
1677,2023/1/20 4:05,42164.5245,46.0491,0,0,2023/1/20
1678,2023/1/21 4:11,42164.42,46.0397,0,0,2023/1/21
1679,2023/1/23 4:23,42164.1713,46.0236,0,0,2023/1/23
1680,2023/1/24 5:37,42164.018,45.9164,0,0,2023/1/24
1681,2023/1/25 4:35,42163.8646,46.0126,0,0,2023/1/25
1683,2023/1/26 2:58,42163.7057,46.1358,0,0,2023/1/26
1684,2023/1/27 5:17,42163.5126,45.9632,0,0,2023/1/27
1685,2023/1/28 18:38,42163.2409,45.8809,0,0,2023/1/28
1686,2023/1/29 18:44,42163.0685,45.8925,0,2,2023/1/29
1687,2023/1/30 5:04,42162.9948,46.019,0,2,2023/1/30
1689,2023/1/31 5:03,42162.8353,46.0363,0,2,2023/1/31
1692,2023/2/1 19:39,42166.0675,45.9068,0,2,2023/2/1
1694,2023/2/2 5:21,42166.0664,46.0067,0,2,2023/2/2
1696,2023/2/3 5:00,42165.9176,46.0135,0,2,2023/2/3
1703,2023/2/4 5:33,42165.7771,45.951,0,0,2023/2/4
1706,2023/2/5 5:39,42165.6546,45.9267,0,0,2023/2/5
1710,2023/2/6 4:01,42165.5433,46.0415,0,0,2023/2/6
1716,2023/2/7 17:53,42165.3695,45.8706,0,0,2023/2/7
1720,2023/2/8 16:16,42165.2713,45.9941,0,0,2023/2/8
1722,2023/2/9 4:19,42165.2209,45.9719,0,0,2023/2/9
1728,2023/2/10 14:44,42165.0782,46.1146,0,0,2023/2/10
1732,2023/2/11 4:30,42165.0258,45.9333,0,0,2023/2/11
1736,2023/2/12 4:36,42164.9335,45.9162,0,0,2023/2/12
1740,2023/2/13 4:42,42164.8427,45.9012,0,0,2023/2/13
1744,2023/2/14 3:55,42164.7558,45.9608,0,0,2023/2/14
1751,2023/2/15 15:13,42164.6215,46.0283,0,0,2023/2/15
1753,2023/2/16 3:18,42164.5781,46.0064,0,0,2023/2/16
1761,2023/2/17 17:08,42164.4169,45.8508,0,0,2023/2/17
1763,2023/2/18 5:11,42164.3656,45.8549,0,0,2023/2/18
1765,2023/2/19 4:35,42164.2495,45.8925,0,0,2023/2/19
1769,2023/2/20 4:03,42164.1189,45.9349,0,0,2023/2/20
1771,2023/2/21 4:49,42163.9655,45.885,0,0,2023/2/21
1773,2023/2/22 4:34,42163.8049,45.9066,0,0,2023/2/22
1778,2023/2/23 4:30,42163.6328,45.9192,0,0,2023/2/23
1783,2023/2/24 15:16,42163.3786,46.0388,0,0,2023/2/24
1787,2023/2/25 11:25,42163.2286,46.2805,0,0,2023/2/25
1794,2023/2/26 16:16,42163.0228,45.9768,0,2,2023/2/26
1795,2023/2/27 12:55,42162.8819,46.2901,0,2,2023/2/27
1797,2023/2/28 2:41,42162.7908,46.1322,0,2,2023/2/28
1803,2023/3/1 16:29,42166.2537,45.9354,0,2,2023/3/1
1806,2023/3/2 14:55,42166.1211,46.0449,0,2,2023/3/2
1807,2023/3/3 2:58,42166.0549,46.0298,0,2,2023/3/3
1813,2023/3/4 19:58,42165.8433,45.9786,0,0,2023/3/4
1816,2023/3/6 15:18,42165.6352,45.9229,0,0,2023/3/6
1817,2023/3/7 13:40,42165.5332,46.0675,0,0,2023/3/7
1819,2023/3/8 1:43,42165.4794,46.045,0,0,2023/3/8
1823,2023/3/9 3:32,42165.3686,45.8775,0,0,2023/3/9
1827,2023/3/10 1:55,42165.2756,45.9996,0,0,2023/3/10
1829,2023/3/11 3:43,42165.1721,45.8435,0,0,2023/3/11
1835,2023/3/12 12:25,42165.0434,46.1101,0,0,2023/3/12
1838,2023/3/13 12:31,42164.9512,46.0934,0,0,2023/3/13
1843,2023/3/14 14:20,42164.8517,45.908,0,0,2023/3/14
1845,2023/3/15 12:42,42164.7648,46.0614,0,0,2023/3/15
1849,2023/3/16 3:12,42164.7084,45.84,0,0,2023/3/16
1851,2023/3/17 2:57,42164.6081,45.8529,0,0,2023/3/17
1853,2023/3/18 13:15,42164.4424,45.9926,0,0,2023/3/18
1860,2023/3/19 14:47,42164.3047,45.8438,0,0,2023/3/19
1861,2023/3/20 11:26,42164.1836,46.1472,0,0,2023/3/20
1867,2023/3/21 14:58,42164.0056,45.8347,0,0,2023/3/21
1869,2023/3/22 13:20,42163.8506,45.9858,0,0,2023/3/22
1870,2023/3/23 1:23,42163.7606,45.9874,0,0,2023/3/23
1872,2023/3/24 1:28,42163.584,45.9862,0,0,2023/3/24
1874,2023/3/25 1:34,42163.4077,45.9871,0,0,2023/3/25
1876,2023/3/26 1:39,42163.2356,45.9908,0,2,2023/3/26
1880,2023/3/27 0:46,42163.0778,46.083,0,2,2023/3/27
1883,2023/3/28 1:50,42162.9144,46.0055,0,2,2023/3/28
1888,2023/3/29 12:15,42166.0134,46.129,0,2,2023/3/29
1894,2023/3/30 12:21,42165.8957,46.0962,0,2,2023/3/30
1898,2023/3/31 16:30,42165.7443,45.846,0,2,2023/3/31
1900,2023/4/2 2:18,42165.5716,45.8751,0,0,2023/4/2
1906,2023/4/3 12:03,42165.4188,46.0496,0,0,2023/4/3
1907,2023/4/4 12:29,42165.3092,45.988,0,0,2023/4/4
1908,2023/4/5 12:53,42165.2027,45.9315,0,0,2023/4/5
1909,2023/4/6 12:59,42165.1015,45.9099,0,0,2023/4/6
1910,2023/4/7 12:03,42165.0081,45.9939,0,0,2023/4/7
1911,2023/4/8 1:07,42164.9574,45.8847,0,0,2023/4/8
1914,2023/4/9 13:15,42164.8141,45.8557,0,0,2023/4/9
1915,2023/4/10 13:20,42164.721,45.8414,0,0,2023/4/10
1916,2023/4/11 11:24,42164.635,46.026,0,0,2023/4/11
1918,2023/4/12 23:50,42164.4881,45.9686,0,0,2023/4/12
1919,2023/4/13 11:53,42164.4317,45.966,0,0,2023/4/13
1920,2023/4/14 11:58,42164.319,45.9539,0,0,2023/4/14
1923,2023/4/15 12:04,42164.196,45.9435,0,0,2023/4/15
1928,2023/4/16 23:25,42163.9936,46.0077,0,0,2023/4/16
1929,2023/4/18 14:30,42163.7393,45.8078,0,0,2023/4/18
1931,2023/4/19 11:02,42163.5964,46.0653,0,0,2023/4/19
1935,2023/4/20 12:30,42163.4142,45.9254,0,0,2023/4/20
1941,2023/4/21 10:52,42163.2524,46.1021,0,0,2023/4/21
1943,2023/4/22 12:41,42163.0688,45.9373,0,0,2023/4/22
1947,2023/4/23 12:46,42162.9037,45.9476,0,2,2023/4/23
1950,2023/4/24 12:52,42162.7467,45.9611,0,2,2023/4/24
1951,2023/4/25 10:07,42162.6167,46.2418,0,2,2023/4/25
1953,2023/4/26 0:28,42166.2798,45.9885,0,2,2023/4/26
1955,2023/4/28 11:29,42165.8948,46.0187,0,2,2023/4/28
1957,2023/4/29 11:35,42165.8719,45.9883,0,2,2023/4/29
1959,2023/4/30 21:59,42165.7076,46.0901,0,0,2023/4/30
1960,2023/5/1 20:48,42165.6066,46.1636,0,0,2023/5/1
1961,2023/5/2 11:50,42165.5433,45.9069,0,0,2023/5/2
1968,2023/5/3 23:58,42165.395,45.87,0,0,2023/5/3
1973,2023/5/5 15:43,42165.2369,45.92,0,0,2023/5/5
1974,2023/5/7 9:50,42165.0768,46.0337,0,0,2023/5/7
1978,2023/5/8 21:50,42164.9389,45.997,0,0,2023/5/8
1983,2023/5/10 21:56,42164.7376,45.972,0,0,2023/5/10
1984,2023/5/11 22:47,42164.619,45.8897,0,0,2023/5/11
1986,2023/5/12 23:02,42164.4912,45.8669,0,0,2023/5/12
1987,2023/5/13 21:38,42164.3608,45.9882,0,0,2023/5/13
1989,2023/5/14 21:25,42164.2117,46.0078,0,0,2023/5/14
1997,2023/5/15 21:34,42164.051,45.9952,0,0,2023/5/15
1999,2023/5/16 19:56,42163.8963,46.1344,0,0,2023/5/16
2001,2023/5/17 21:24,42163.7149,46.0187,0,0,2023/5/17
2007,2023/5/18 23:30,42163.5291,45.8681,0,0,2023/5/18
2008,2023/5/19 21:48,42163.3746,45.998,0,0,2023/5/19
2012,2023/5/20 20:16,42163.2233,46.1482,0,0,2023/5/20
2015,2023/5/21 14:22,42163.1064,45.9687,0,2,2023/5/21
2020,2023/5/22 20:38,42162.9163,46.147,0,2,2023/5/22
2024,2023/5/23 20:32,42162.7765,46.174,0,2,2023/5/23
2030,2023/5/24 14:39,42166.1287,46.0409,0,2,2023/5/24
2032,2023/5/25 13:42,42166.0011,45.9436,0,2,2023/5/25
2042,2023/5/26 22:11,42165.8458,45.9547,0,2,2023/5/26
2044,2023/5/27 21:14,42165.7395,46.0171,0,0,2023/5/27
2048,2023/5/28 21:51,42165.6299,45.9435,0,0,2023/5/28
2051,2023/5/29 21:02,42165.5307,45.999,0,0,2023/5/29
2055,2023/5/30 20:56,42165.4328,45.9939,0,0,2023/5/30
2057,2023/5/31 14:39,42165.3591,45.9977,0,0,2023/5/31
2063,2023/6/1 3:07,42165.3112,46.0887,0,0,2023/6/1
2072,2023/6/2 20:29,42165.1539,45.9973,0,0,2023/6/2
2073,2023/6/3 16:00,42165.0816,46.1232,0,0,2023/6/3
2075,2023/6/4 18:21,42164.9851,46.1499,0,0,2023/6/4
2079,2023/6/5 20:13,42164.8864,45.9923,0,0,2023/6/5
2082,2023/6/6 20:00,42164.7889,46.0062,0,0,2023/6/6
2085,2023/6/7 21:54,42164.6709,45.8407,0,0,2023/6/7
2086,2023/6/8 21:53,42164.5492,45.8393,0,0,2023/6/8
2087,2023/6/9 20:15,42164.4242,45.9674,0,0,2023/6/9
2088,2023/6/10 18:18,42164.2882,46.1348,0,0,2023/6/10
2090,2023/6/11 21:59,42164.1049,45.8413,0,0,2023/6/11
2091,2023/6/12 7:55,42164.0393,45.9842,0,0,2023/6/12
2094,2023/6/13 20:36,42163.7772,45.9424,0,0,2023/6/13
2096,2023/6/14 21:41,42163.5986,45.8783,0,0,2023/6/14
2101,2023/6/15 21:41,42163.431,45.8907,0,0,2023/6/15
2103,2023/6/16 19:08,42163.2861,46.1046,0,0,2023/6/16
2107,2023/6/17 17:29,42163.1397,46.2399,0,0,2023/6/17
2110,2023/6/18 19:18,42162.9772,46.1158,0,2,2023/6/18
2112,2023/6/19 19:23,42162.8328,46.1243,0,2,2023/6/19
2117,2023/6/20 7:23,42162.7664,46.1196,0,2,2023/6/20
2120,2023/6/21 20:43,42166.1943,45.9694,0,2,2023/6/21
2122,2023/6/23 6:41,42165.9476,46.1202,0,2,2023/6/23
2124,2023/6/24 18:05,42165.7805,46.1465,0,2,2023/6/24
2125,2023/6/25 18:15,42165.672,46.1125,0,0,2023/6/25
2126,2023/6/26 21:55,42165.5548,45.8465,0,0,2023/6/26
2127,2023/6/28 20:22,42165.372,45.8714,0,0,2023/6/28
2128,2023/7/1 16:56,42165.1169,46.1387,0,0,2023/7/1
2130,2023/7/2 20:27,42165.0185,45.8273,0,0,2023/7/2
2131,2023/7/3 21:18,42164.9226,45.8,0,0,2023/7/3
2132,2023/7/5 5:13,42164.7836,46.0862,0,0,2023/7/5
2133,2023/7/6 5:18,42164.6652,46.072,0,0,2023/7/6
2134,2023/7/7 5:23,42164.5324,46.0597,0,0,2023/7/7
2136,2023/7/8 19:14,42164.2932,45.8859,0,0,2023/7/8
2137,2023/7/9 19:19,42164.1259,45.881,0,0,2023/7/9
2139,2023/7/11 20:00,42163.7752,45.8512,0,0,2023/7/11
2141,2023/7/13 4:10,42163.5493,46.1873,0,0,2023/7/13
2143,2023/7/14 4:15,42163.385,46.1915,0,0,2023/7/14
2144,2023/7/15 4:20,42163.2275,46.1967,0,0,2023/7/15
2145,2023/7/16 5:56,42163.0688,46.0406,0,2,2023/7/16
2147,2023/7/17 19:31,42162.8465,45.9608,0,2,2023/7/17
2150,2023/7/18 20:31,42162.7083,45.9674,0,2,2023/7/18
2152,2023/7/19 18:25,42166.2809,46.0271,0,2,2023/7/19
2153,2023/7/20 18:44,42166.1183,45.9791,0,2,2023/7/20
2155,2023/7/24 5:04,42165.6933,46.0631,0,2,2023/7/24
2157,2023/7/25 5:09,42165.5915,46.0343,0,0,2023/7/25
2162,2023/7/26 18:57,42165.4482,45.8638,0,0,2023/7/26
2163,2023/7/27 20:13,42165.3574,45.8424,0,0,2023/7/27
2165,2023/7/31 15:57,42165.0345,46.0579,0,0,2023/7/31
2167,2023/8/1 17:45,42164.9251,45.8782,0,0,2023/8/1
2169,2023/8/3 17:55,42164.6759,45.8555,0,0,2023/8/3
2171,2023/8/5 2:25,42164.4715,46.1787,0,0,2023/8/5
2174,2023/8/6 14:43,42164.2167,46.1323,0,0,2023/8/6
2175,2023/8/7 16:31,42164.0272,45.9683,0,0,2023/8/7
2177,2023/8/8 16:36,42163.8515,45.9637,0,0,2023/8/8
2179,2023/8/9 16:40,42163.6799,45.9618,0,0,2023/8/9
2181,2023/8/10 16:45,42163.5148,45.9623,0,0,2023/8/10
2183,2023/8/12 4:52,42163.2824,45.9557,0,0,2023/8/12
2186,2023/8/13 4:57,42163.1361,45.9609,0,2,2023/8/13
2187,2023/8/14 5:02,42162.9965,45.9684,0,2,2023/8/14
2189,2023/8/15 5:07,42162.8628,45.9785,0,2,2023/8/15
2190,2023/8/16 18:16,42165.9492,45.9178,0,2,2023/8/16
2192,2023/8/17 22:59,42165.7866,46.2651,0,2,2023/8/17
2195,2023/8/19 2:00,42165.6613,46.2151,0,2,2023/8/19
2197,2023/8/20 2:04,42165.5511,46.1899,0,0,2023/8/20
2198,2023/8/21 3:52,42165.4382,45.9763,0,0,2023/8/21
2200,2023/8/22 3:57,42165.3375,45.952,0,0,2023/8/22
2202,2023/8/24 18:17,42165.1079,45.8387,0,0,2023/8/24
2207,2023/8/25 16:15,42165.0317,45.895,0,0,2023/8/25
2208,2023/8/26 3:01,42164.9938,45.9998,0,0,2023/8/26
2214,2023/8/27 16:23,42164.8688,45.8696,0,0,2023/8/27
2219,2023/8/28 16:28,42164.7777,45.8593,0,0,2023/8/28
2220,2023/8/29 4:30,42164.7244,45.8306,0,0,2023/8/29
2222,2023/8/30 17:52,42164.5486,45.8301,0,0,2023/8/30
2223,2023/8/31 17:28,42164.4149,45.8293,0,0,2023/8/31
2225,2023/9/1 3:01,42164.3566,45.9555,0,0,2023/9/1
2228,2023/9/2 13:25,42164.1256,46.1214,0,0,2023/9/2
2231,2023/9/3 13:30,42163.9524,46.1163,0,0,2023/9/3
2232,2023/9/4 3:15,42163.8545,45.9326,0,0,2023/9/4
2233,2023/9/5 3:20,42163.6763,45.9302,0,0,2023/9/5
2234,2023/9/6 3:24,42163.5016,45.931,0,0,2023/9/6
2237,2023/9/7 19:28,42163.2255,46.0702,0,0,2023/9/7
2238,2023/9/8 18:25,42163.0789,45.9943,0,0,2023/9/8
2240,2023/9/9 12:14,42162.9693,46.2774,0,0,2023/9/9
2241,2023/9/10 3:43,42162.879,45.962,0,2,2023/9/10
2242,2023/9/11 12:24,42162.6921,46.3048,0,2,2023/9/11
2243,2023/9/12 14:16,42162.5528,46.1489,0,2,2023/9/12
2244,2023/9/13 12:33,42165.8971,46.2726,0,2,2023/9/13
2248,2023/9/14 18:49,42166.1483,46.0855,0,2,2023/9/14
2249,2023/9/15 12:42,42166.0594,46.2125,0,2,2023/9/15
2250,2023/9/16 12:47,42165.949,46.1819,0,0,2023/9/16
2251,2023/9/17 2:00,42165.8895,46.0317,0,0,2023/9/17
2252,2023/9/18 2:37,42165.783,45.9479,0,0,2023/9/18
2255,2023/9/19 2:42,42165.6843,45.9218,0,0,2023/9/19
2256,2023/9/20 2:46,42165.5912,45.8975,0,0,2023/9/20
2263,2023/9/21 13:10,42165.4687,46.0447,0,0,2023/9/21
2268,2023/9/22 13:14,42165.3852,46.0212,0,0,2023/9/22
2274,2023/9/23 15:59,42165.2912,45.8348,0,0,2023/9/23
2275,2023/9/24 13:24,42165.2158,45.9764,0,0,2023/9/24
2284,2023/9/25 13:28,42165.1216,45.9561,0,0,2023/9/25
2286,2023/9/26 1:31,42165.0653,45.9303,0,0,2023/9/26
2291,2023/9/27 11:54,42164.9021,46.0956,0,0,2023/9/27
2293,2023/9/28 1:40,42164.8239,45.8951,0,0,2023/9/28
2299,2023/9/29 13:46,42164.5999,45.8952,0,0,2023/9/29
2301,2023/9/30 1:49,42164.5214,45.8686,0,0,2023/9/30
2303,2023/10/1 13:56,42164.2605,45.8793,0,0,2023/10/1
2308,2023/10/2 14:00,42164.0838,45.8757,0,0,2023/10/2
2311,2023/10/3 12:21,42163.9232,46.0274,0,0,2023/10/3
2315,2023/10/4 2:07,42163.8265,45.8495,0,0,2023/10/4
2321,2023/10/5 12:30,42163.5916,46.0213,0,0,2023/10/5
2324,2023/10/6 14:24,42163.4262,45.888,0,0,2023/10/6
2328,2023/10/7 12:39,42163.2914,46.0241,0,0,2023/10/7
2334,2023/10/8 12:44,42163.1521,46.0288,0,2,2023/10/8
2336,2023/10/9 12:48,42163.0189,46.0358,0,2,2023/10/9
2341,2023/10/10 20:22,42163.5201,46.3524,0,2,2023/10/10
2342,2023/10/11 12:57,42165.9994,46.0098,0,2,2023/10/11
2344,2023/10/12 14:18,42165.8699,45.9134,0,2,2023/10/12
2346,2023/10/13 13:06,42165.76,45.9562,0,2,2023/10/13
2350,2023/10/14 13:10,42165.6484,45.9329,0,0,2023/10/14
2356,2023/10/15 13:15,42165.5466,45.9116,0,0,2023/10/15
2365,2023/10/16 15:25,42165.4367,45.8884,0,0,2023/10/16
2368,2023/10/17 23:43,42165.3092,45.99,0,0,2023/10/17
2370,2023/10/18 14:28,42165.2559,45.8439,0,0,2023/10/18
2371,2023/10/19 14:23,42165.1699,45.8372,0,0,2023/10/19
2376,2023/10/20 14:26,42165.0844,45.8333,0,0,2023/10/20
2379,2023/10/21 14:13,42164.9977,45.8276,0,0,2023/10/21
2386,2023/10/22 12:02,42164.9153,45.9255,0,0,2023/10/22
2389,2023/10/23 0:04,42164.8612,45.8886,0,0,2023/10/23
2393,2023/10/24 0:09,42164.7547,45.8735,0,0,2023/10/24
2399,2023/10/25 20:36,42165.1141,46.2165,0,0,2023/10/25
2401,2023/10/26 20:09,42164.945,46.2295,0,0,2023/10/26
2403,2023/10/27 15:04,42164.8332,45.8656,0,0,2023/10/27
2405,2023/10/28 16:47,42164.6636,46.0482,0,0,2023/10/28
2407,2023/10/29 21:41,42164.4595,46.1027,0,0,2023/10/29
2408,2023/10/31 10:58,42164.1898,45.9608,0,0,2023/10/31
2411,2023/11/1 23:04,42163.944,45.9354,0,0,2023/11/1
2412,2023/11/2 21:26,42163.8004,46.1328,0,0,2023/11/2
2415,2023/11/3 23:13,42163.6423,45.9285,0,0,2023/11/3
2416,2023/11/4 23:17,42163.5022,45.9287,0,2,2023/11/4
2417,2023/11/5 21:39,42163.3769,46.1282,0,2,2023/11/5
2418,2023/11/7 11:28,42163.1748,45.9631,0,2,2023/11/7
2419,2023/11/8 21:56,42165.9262,46.09,0,2,2023/11/8
2423,2023/11/9 23:39,42165.7726,45.8928,0,2,2023/11/9
2427,2023/11/10 20:17,42165.6793,46.2286,0,2,2023/11/10
2432,2023/11/11 21:24,42165.573,46.0901,0,0,2023/11/11
2434,2023/11/12 20:25,42165.4824,46.1805,0,0,2023/11/12
2436,2023/11/13 20:29,42165.3882,46.1575,0,0,2023/11/13
2441,2023/11/14 22:16,42165.2943,45.936,0,0,2023/11/14
2443,2023/11/15 20:59,42165.2122,46.0721,0,0,2023/11/15
2446,2023/11/16 20:42,42165.1267,46.0923,0,0,2023/11/16
2452,2023/11/17 20:47,42165.0406,46.0698,0,0,2023/11/17
2460,2023/11/18 22:33,42164.9372,45.8586,0,0,2023/11/18
2465,2023/11/19 22:37,42164.8332,45.844,0,0,2023/11/19
2468,2023/11/20 22:42,42164.7174,45.8316,0,0,2023/11/20
2472,2023/11/21 22:46,42164.5879,45.8217,0,0,2023/11/21
2474,2023/11/22 21:31,42164.4522,45.9426,0,0,2023/11/22
2477,2023/11/23 20:59,42164.3036,46.0022,0,0,2023/11/23
2478,2023/11/24 21:16,42164.1391,45.9664,0,0,2023/11/24
2480,2023/11/25 20:25,42163.9773,46.0704,0,0,2023/11/25
2482,2023/11/26 19:41,42163.8133,46.1583,0,0,2023/11/26
2483,2023/11/27 21:28,42163.6331,45.9543,0,0,2023/11/27
2485,2023/11/28 19:49,42163.4812,46.1572,0,0,2023/11/28
2488,2023/11/29 20:38,42163.318,46.0677,0,0,2023/11/29
2489,2023/11/30 21:40,42163.1605,45.9629,0,0,2023/11/30
2491,2023/12/1 19:20,42163.0307,46.2427,0,0,2023/12/1
2493,2023/12/2 21:48,42162.8779,45.9812,0,0,2023/12/2
2494,2023/12/3 21:52,42162.7459,45.9938,0,2,2023/12/3
2495,2023/12/4 20:34,42162.6259,46.147,0,2,2023/12/4
2498,2023/12/5 20:17,42162.5051,46.1999,0,2,2023/12/5
2501,2023/12/6 20:33,42165.6582,46.1362,0,2,2023/12/6
2505,2023/12/7 20:25,42166.3958,46.1216,0,2,2023/12/7
2509,2023/12/8 20:29,42166.2972,46.0849,0,2,2023/12/8
2511,2023/12/9 18:50,42166.2016,46.2482,0,0,2023/12/9
2514,2023/12/10 18:54,42166.106,46.2156,0,0,2023/12/10
2521,2023/12/11 20:41,42166.0104,45.985,0,0,2023/12/11
2522,2023/12/12 19:02,42165.9279,46.1523,0,0,2023/12/12
2528,2023/12/13 20:49,42165.8396,45.9267,0,0,2023/12/13
2532,2023/12/14 20:53,42165.7549,45.9,0,0,2023/12/14
2534,2023/12/15 20:57,42165.6647,45.8755,0,0,2023/12/15
2535,2023/12/16 19:18,42165.5727,46.0371,0,0,2023/12/16
2536,2023/12/17 21:05,42165.4527,45.8324,0,0,2023/12/17
2537,2023/12/18 21:09,42165.3271,45.8145,0,0,2023/12/18
2538,2023/12/19 19:30,42165.1982,45.9647,0,0,2023/12/19
2540,2023/12/21 19:38,42164.8873,45.9249,0,0,2023/12/21
2544,2023/12/22 19:42,42164.7216,45.909,0,0,2023/12/22
2546,2023/12/23 19:46,42164.5531,45.8954,0,0,2023/12/23
2548,2023/12/24 19:50,42164.3855,45.8843,0,0,2023/12/24
2550,2023/12/25 19:54,42164.2229,45.8757,0,0,2023/12/25
2552,2023/12/26 19:58,42164.0648,45.8699,0,0,2023/12/26
2556,2023/12/27 18:15,42163.9221,46.0687,0,0,2023/12/27
2560,2023/12/28 20:06,42163.7632,45.8662,0,0,2023/12/28
2562,2023/12/29 20:10,42163.6224,45.868,0,0,2023/12/29
2566,2023/12/30 20:14,42163.4907,45.8727,0,0,2023/12/30
2567,2024/1/1 4:54,42163.3079,46.2164,0,2,2024/1/1
2568,2024/1/2 4:58,42163.1863,46.2238,0,2,2024/1/2
2570,2024/1/3 17:00,42163.0097,46.265,0,2,2024/1/3
2572,2024/1/4 18:50,42165.9268,45.9925,0,2,2024/1/4
2575,2024/1/6 17:15,42165.7272,46.1336,0,2,2024/1/6
2580,2024/1/7 19:02,42165.6296,45.9093,0,2,2024/1/7
2582,2024/1/8 19:06,42165.5464,45.8847,0,0,2024/1/8
2584,2024/1/9 19:10,42165.4651,45.8619,0,0,2024/1/9
2585,2024/1/10 19:13,42165.3843,45.8409,0,0,2024/1/10
2586,2024/1/11 19:17,42165.2997,45.8215,0,0,2024/1/11
2587,2024/1/12 3:53,42165.2725,46.1663,0,0,2024/1/12
2590,2024/1/13 19:25,42165.1031,45.7896,0,0,2024/1/13
2592,2024/1/14 17:18,42164.9946,45.9975,0,0,2024/1/14
2594,2024/1/15 17:10,42164.8618,46.0034,0,0,2024/1/15
2596,2024/1/16 17:53,42164.7101,45.9091,0,0,2024/1/16
2598,2024/1/17 17:57,42164.5506,45.8954,0,0,2024/1/17
2600,2024/1/18 16:18,42164.3947,46.0848,0,0,2024/1/18
2602,2024/1/19 17:10,42164.2187,45.9815,0,0,2024/1/19
2603,2024/1/20 18:09,42164.0429,45.8694,0,0,2024/1/20
2604,2024/1/21 4:28,42163.97,46.0542,0,0,2024/1/21
2607,2024/1/22 17:18,42163.7217,45.9705,0,0,2024/1/22
2608,2024/1/23 4:35,42163.6468,46.0466,0,0,2024/1/23
2610,2024/1/24 4:39,42163.4932,46.0454,0,0,2024/1/24
2613,2024/1/25 18:28,42163.2656,45.8796,0,0,2024/1/25
2614,2024/1/26 4:46,42163.2031,46.0487,0,0,2024/1/26
2615,2024/1/27 4:50,42163.066,46.0532,0,0,2024/1/27
2618,2024/1/28 12:30,42162.8947,46.3125,0,0,2024/1/28
2620,2024/1/29 3:15,42162.8157,46.2606,0,2,2024/1/29
2621,2024/1/30 3:18,42162.6932,46.2734,0,2,2024/1/30
2624,2024/1/31 3:22,42162.576,46.2871,0,2,2024/1/31
2628,2024/2/1 15:20,42166.3137,46.2346,0,2,2024/2/1
2629,2024/2/2 5:13,42166.2529,46.0104,0,2,2024/2/2
2631,2024/2/3 5:16,42166.1505,45.9777,0,2,2024/2/3
2634,2024/2/4 18:21,42166.0098,45.8583,0,0,2024/2/4
2636,2024/2/5 18:23,42165.9274,45.8375,0,0,2024/2/5
2637,2024/2/6 5:28,42165.8937,45.89,0,0,2024/2/6
2642,2024/2/7 17:33,42165.7737,45.8475,0,0,2024/2/7
2644,2024/2/8 14:11,42165.7028,46.1832,0,0,2024/2/8
2646,2024/2/9 14:14,42165.6111,46.1616,0,0,2024/2/9
2649,2024/2/10 19:56,42165.4782,45.8082,0,0,2024/2/10
2650,2024/2/11 4:03,42165.4393,45.9446,0,0,2024/2/11
2654,2024/2/12 17:23,42165.2271,45.7837,0,0,2024/2/12
2656,2024/2/13 16:12,42165.0799,45.8827,0,0,2024/2/13
2658,2024/2/14 16:53,42164.9097,45.8033,0,0,2024/2/14
2660,2024/2/15 18:11,42164.7283,45.7315,0,0,2024/2/15
2662,2024/2/16 14:51,42164.5769,46.0145,0,0,2024/2/16
2665,2024/2/17 19:29,42164.3743,45.7846,0,0,2024/2/17
2667,2024/2/18 16:30,42164.2285,45.8211,0,0,2024/2/18
2668,2024/2/19 4:50,42164.145,45.7949,0,0,2024/2/19
2671,2024/2/20 16:37,42163.9148,45.8153,0,0,2024/2/20
2672,2024/2/21 6:05,42163.8304,45.7595,0,0,2024/2/21
2673,2024/2/22 1:17,42163.7124,46.1841,0,0,2024/2/22
2677,2024/2/23 15:05,42163.4949,45.9932,0,0,2024/2/23
2679,2024/2/24 6:02,42163.4102,45.8005,0,0,2024/2/24
2682,2024/2/25 13:22,42163.2404,46.2029,0,2,2024/2/25
2685,2024/2/26 13:32,42163.1142,46.1991,0,2,2024/2/26
2687,2024/2/27 3:17,42163.0458,46.0076,0,2,2024/2/27
2691,2024/3/1 12:25,42165.7488,45.279,0,2,2024/3/1
2692,2024/3/2 13:46,42165.6633,45.1366,0,2,2024/3/2
2694,2024/3/3 3:31,42165.6066,44.9123,0,2,2024/3/3
2695,2024/3/4 1:52,42165.5225,45.0935,0,0,2024/3/4
2699,2024/3/5 13:57,42165.3981,45.0597,0,0,2024/3/5
2701,2024/3/6 3:42,42165.3557,44.8468,0,0,2024/3/6
2703,2024/3/7 12:21,42165.2458,45.1937,0,0,2024/3/7
2704,2024/3/8 14:08,42165.1553,44.9926,0,0,2024/3/8
2705,2024/3/9 2:09,42165.1138,44.9763,0,0,2024/3/9
2708,2024/3/10 14:15,42164.952,44.9543,0,0,2024/3/10
2710,2024/3/11 12:35,42164.8357,45.1349,0,0,2024/3/11
2713,2024/3/12 14:22,42164.6835,44.9232,0,0,2024/3/12
2715,2024/3/13 14:25,42164.5254,44.9108,0,0,2024/3/13
2717,2024/3/14 14:29,42164.356,44.9007,0,0,2024/3/14
2719,2024/3/15 14:32,42164.1808,44.8937,0,0,2024/3/15
2720,2024/3/16 2:34,42164.0895,44.8784,0,0,2024/3/16
2723,2024/3/17 12:56,42163.8459,45.0838,0,0,2024/3/17
2726,2024/3/18 14:42,42163.6676,44.8875,0,0,2024/3/18
2727,2024/3/19 13:02,42163.5204,45.08,0,0,2024/3/19
2730,2024/3/20 14:49,42163.3556,44.897,0,0,2024/3/20
2732,2024/3/21 14:52,42163.2084,44.9056,0,0,2024/3/21
2735,2024/3/22 20:19,42163.0338,45.2697,0,0,2024/3/22
2737,2024/3/23 21:24,42162.8919,45.3692,0,0,2024/3/23
2738,2024/3/24 22:45,42162.7535,45.3756,0,2,2024/3/24
2739,2024/3/25 14:34,42162.6691,44.9979,0,2,2024/3/25
2742,2024/3/26 18:56,42162.5242,45.2447,0,2,2024/3/26
2743,2024/3/27 21:11,42166.3258,46.4089,0,2,2024/3/27
2745,2024/3/28 21:47,42166.2131,46.389,0,2,2024/3/28
2747,2024/3/29 14:45,42166.1491,45.9371,0,2,2024/3/29
2749,2024/3/30 1:41,42166.1124,45.97,0,0,2024/3/30
2751,2024/3/31 16:26,42166.0569,44.946,0,0,2024/3/31
2752,2024/4/1 0:39,42166.0275,45.083,0,0,2024/4/1
2753,2024/4/2 0:05,42165.9453,45.132,0,0,2024/4/2
2754,2024/4/3 1:51,42165.8604,44.9009,0,0,2024/4/3
2758,2024/4/4 13:56,42165.7356,44.8993,0,0,2024/4/4
2760,2024/4/5 13:59,42165.6473,44.8777,0,0,2024/4/5
2761,2024/4/6 12:19,42165.557,45.0271,0,0,2024/4/6
2762,2024/4/7 12:23,42165.4446,45.002,0,0,2024/4/7
2763,2024/4/8 12:26,42165.3165,44.9793,0,0,2024/4/8
2764,2024/4/9 12:30,42165.171,44.9588,0,0,2024/4/9
2766,2024/4/10 12:33,42165.0123,44.9403,0,0,2024/4/10
2767,2024/4/11 12:36,42164.843,44.9241,0,0,2024/4/11
2768,2024/4/12 12:39,42164.6692,44.9106,0,0,2024/4/12
2769,2024/4/13 12:42,42164.4954,44.8994,0,0,2024/4/13
2770,2024/4/14 12:46,42164.3252,44.8909,0,0,2024/4/14
2771,2024/4/15 12:49,42164.1612,44.885,0,0,2024/4/15
2772,2024/4/16 12:52,42164.0034,44.8822,0,0,2024/4/16
2773,2024/4/17 11:12,42163.8632,45.0702,0,0,2024/4/17
2774,2024/4/18 0:57,42163.7749,44.8477,0,0,2024/4/18
2778,2024/4/19 13:02,42163.5636,44.8882,0,0,2024/4/19
2779,2024/4/20 11:22,42163.4363,45.066,0,0,2024/4/20
2782,2024/4/21 23:27,42163.2395,45.0432,0,0,2024/4/21
2783,2024/4/22 22:30,42163.1204,45.1761,0,0,2024/4/22
2784,2024/4/23 11:32,42163.054,45.0767,0,2,2024/4/23
2785,2024/4/24 11:35,42162.9382,45.084,0,2,2024/4/24
2787,2024/4/25 22:12,42162.7835,45.2569,0,2,2024/4/25
2788,2024/4/26 0:22,42166.1494,44.9568,0,2,2024/4/26
2789,2024/4/27 11:45,42166.0146,44.9982,0,2,2024/4/27
2790,2024/4/28 11:47,42165.9128,44.9697,0,2,2024/4/28
2793,2024/4/29 16:06,42165.8049,45.0447,0,0,2024/4/29
2794,2024/4/30 11:53,42165.7395,44.9173,0,0,2024/4/30
2798,2024/5/1 22:15,42165.6243,45.0707,0,0,2024/5/1
2800,2024/5/2 11:59,42165.5685,44.8722,0,0,2024/5/2
2804,2024/5/3 21:44,42165.4348,45.0993,0,0,2024/5/3
2805,2024/5/4 20:49,42165.3263,45.188,0,0,2024/5/4
2806,2024/5/5 22:50,42165.1889,44.9257,0,0,2024/5/5
2807,2024/5/6 21:15,42165.0572,45.1121,0,0,2024/5/6
2808,2024/5/7 20:50,42164.9069,45.1485,0,0,2024/5/7
2809,2024/5/8 21:45,42164.7379,45.0281,0,0,2024/5/8
2811,2024/5/9 21:13,42164.5736,45.087,0,0,2024/5/9
2812,2024/5/10 20:49,42164.4068,45.1306,0,0,2024/5/10
2813,2024/5/11 21:25,42164.2341,45.0527,0,0,2024/5/11
2814,2024/5/12 21:46,42164.0679,45.0057,0,0,2024/5/12
2816,2024/5/13 22:05,42163.9078,44.9659,0,0,2024/5/13
2817,2024/5/14 22:41,42163.7514,44.899,0,0,2024/5/14
2818,2024/5/15 21:11,42163.6135,45.0882,0,0,2024/5/15
2820,2024/5/16 22:06,42163.466,44.9778,0,0,2024/5/16
2821,2024/5/18 21:22,42163.2011,45.0885,0,0,2024/5/18
2822,2024/5/19 21:05,42163.0755,45.1369,0,0,2024/5/19
2823,2024/5/20 19:45,42162.9601,45.3099,0,2,2024/5/20
2825,2024/5/22 0:02,42162.8233,44.9202,0,2,2024/5/22
2827,2024/5/23 21:53,42162.7277,45.8829,0,2,2024/5/23
2828,2024/5/24 21:22,42166.0036,45.026,0,2,2024/5/24
2830,2024/5/25 21:43,42165.9383,44.9958,0,2,2024/5/25
2831,2024/5/26 21:46,42165.8595,44.9676,0,2,2024/5/26
2832,2024/5/27 21:49,42165.7729,44.9403,0,0,2024/5/27
2833,2024/5/28 21:07,42165.6879,45.0037,0,0,2024/5/28
2835,2024/5/29 21:13,42165.5999,44.9701,0,0,2024/5/29
2836,2024/5/30 20:15,42165.5063,45.0808,0,0,2024/5/30
2837,2024/5/31 20:52,42165.3941,44.9786,0,0,2024/5/31
2839,2024/6/1 20:52,42165.2727,44.9621,0,0,2024/6/1
2840,2024/6/2 20:57,42165.1373,44.9372,0,0,2024/6/2
2841,2024/6/3 20:49,42164.9918,44.9406,0,0,2024/6/3
2843,2024/6/4 21:32,42164.8298,44.8489,0,0,2024/6/4
2844,2024/6/5 20:31,42164.6672,44.9588,0,0,2024/6/5
2846,2024/6/6 21:21,42164.4959,44.8532,0,0,2024/6/6
2848,2024/6/7 20:36,42164.3395,44.9345,1,0,2024/6/7
2849,2024/6/8 14:57,42164.0662,46.1739,0,0,2024/6/8
2851,2024/6/9 21:40,42163.8683,45.8125,0,0,2024/6/9
2852,2024/6/10 21:40,42163.8683,44.8269,0,0,2024/6/10
2853,2024/6/11 21:45,42163.7183,44.8287,0,0,2024/6/11
2854,2024/6/12 20:50,42163.579,44.9151,0,0,2024/6/12
2855,2024/6/13 21:12,42163.4371,44.8884,0,0,2024/6/13
2856,2024/6/14 20:23,42163.3065,44.9828,0,0,2024/6/14
2857,2024/6/15 19:15,42163.1823,45.1399,0,0,2024/6/15
2858,2024/6/16 19:18,42163.057,45.1452,0,0,2024/6/16
2859,2024/6/17 14:54,42162.9547,45.3653,0,2,2024/6/17
2861,2024/6/18 17:40,42162.8297,45.3713,0,2,2024/6/18
2864,2024/6/19 21:25,42162.7154,44.928,0,2,2024/6/19
