mrch_id,mrch_nm,brand_nm,city_id,mrch_type,latitude,longitude,has_coupon
1,Merchant_1,Brand_6,22,娱乐,26.194979,90.94019,1
2,Merchant_2,Brand_4,49,娱乐,53.810586,105.794131,1
3,Merchant_3,Brand_19,90,教育,33.294562,102.005071,1
4,Merchant_4,Brand_10,38,娱乐,41.567562,97.485026,0
5,Merchant_5,Brand_48,8,购物,41.350854,106.784051,0
6,Merchant_6,Brand_4,11,医疗,47.044627,116.241494,0
7,Merchant_7,Brand_44,52,娱乐,42.503562,106.331189,0
8,Merchant_8,Brand_38,6,医疗,25.882905,104.32395,1
9,Merchant_9,Brand_17,86,娱乐,51.700132,108.378541,1
10,Merchant_10,Brand_9,59,购物,28.72563,112.640055,0
11,Merchant_11,Brand_1,80,教育,26.333975,86.703088,0
12,Merchant_12,Brand_35,65,娱乐,49.610508,124.606589,0
13,Merchant_13,Brand_16,37,购物,49.51501,92.543403,1
14,Merchant_14,Brand_40,2,医疗,27.917841,86.844526,0
15,Merchant_15,Brand_9,15,购物,48.548768,110.455256,0
16,Merchant_16,Brand_18,78,购物,22.327214,86.915523,1
17,Merchant_17,Brand_33,33,教育,48.383203,121.146605,0
18,Merchant_18,Brand_41,36,教育,25.549791,131.443758,0
19,Merchant_19,Brand_41,21,购物,43.388709,75.84628,1
20,Merchant_20,Brand_36,15,餐饮,48.467321,110.469325,0
21,Merchant_21,Brand_35,48,餐饮,20.295248,96.625205,0
22,Merchant_22,Brand_3,47,购物,46.554755,99.20353,0
23,Merchant_23,Brand_23,88,娱乐,47.044845,84.765694,1
24,Merchant_24,Brand_40,31,娱乐,53.659302,112.727606,0
25,Merchant_25,Brand_27,23,餐饮,20.896167,87.416254,1
26,Merchant_26,Brand_43,35,娱乐,29.32223,89.620062,1
27,Merchant_27,Brand_3,29,教育,24.130948,118.247706,1
28,Merchant_28,Brand_20,29,娱乐,24.113357,118.175174,1
29,Merchant_29,Brand_18,99,餐饮,37.789623,76.150624,1
30,Merchant_30,Brand_44,43,医疗,32.422342,86.559421,1
31,Merchant_31,Brand_12,34,医疗,26.199557,74.999872,1
32,Merchant_32,Brand_47,56,购物,49.541327,89.331263,1
33,Merchant_33,Brand_37,33,娱乐,48.297108,121.105601,0
34,Merchant_34,Brand_24,9,教育,25.980749,109.576549,1
35,Merchant_35,Brand_43,93,餐饮,32.534371,94.037474,1
36,Merchant_36,Brand_21,90,教育,33.228396,101.918258,1
37,Merchant_37,Brand_43,87,教育,35.04097,121.613807,1
38,Merchant_38,Brand_26,1,医疗,40.999752,74.521685,1
39,Merchant_39,Brand_30,57,教育,36.038663,84.077534,0
40,Merchant_40,Brand_43,37,餐饮,49.55078,92.523323,1
41,Merchant_41,Brand_6,87,娱乐,34.997199,121.67706,0
42,Merchant_42,Brand_2,32,餐饮,38.098585,115.457211,0
43,Merchant_43,Brand_30,81,教育,20.563318,112.150218,1
44,Merchant_44,Brand_32,32,教育,38.014948,115.464846,0
45,Merchant_45,Brand_50,29,教育,24.12858,118.251658,1
46,Merchant_46,Brand_4,32,医疗,38.091938,115.40822,0
47,Merchant_47,Brand_30,72,医疗,27.551584,127.135853,1
48,Merchant_48,Brand_40,55,医疗,34.36711,132.141375,0
49,Merchant_49,Brand_48,58,教育,50.830521,126.946875,1
50,Merchant_50,Brand_50,63,医疗,18.033263,93.075136,0
51,Merchant_51,Brand_46,31,购物,53.600013,112.661956,0
52,Merchant_52,Brand_9,30,娱乐,23.870794,96.491518,0
53,Merchant_53,Brand_5,53,教育,27.588795,112.736224,0
54,Merchant_54,Brand_14,50,教育,52.999306,126.37675,0
55,Merchant_55,Brand_49,49,医疗,53.858068,105.849363,1
56,Merchant_56,Brand_49,54,教育,22.0197,99.978909,0
57,Merchant_57,Brand_32,35,娱乐,29.349894,89.552836,1
58,Merchant_58,Brand_43,93,教育,32.46087,94.033501,0
59,Merchant_59,Brand_40,4,医疗,50.159157,78.399397,0
60,Merchant_60,Brand_6,18,教育,31.663923,107.194692,1
61,Merchant_61,Brand_25,28,购物,41.324744,110.749872,1
62,Merchant_62,Brand_18,33,教育,48.37616,121.109026,0
63,Merchant_63,Brand_23,84,娱乐,26.525029,114.522351,0
64,Merchant_64,Brand_49,32,餐饮,38.020127,115.398122,0
65,Merchant_65,Brand_16,61,娱乐,45.467335,106.447897,0
66,Merchant_66,Brand_30,99,购物,37.798601,76.147065,0
67,Merchant_67,Brand_50,40,娱乐,27.496496,88.243473,1
68,Merchant_68,Brand_37,51,教育,18.457464,117.654586,0
69,Merchant_69,Brand_7,88,购物,47.079933,84.767521,0
70,Merchant_70,Brand_23,55,医疗,34.350205,132.093484,1
71,Merchant_71,Brand_1,63,教育,17.981142,93.143755,1
72,Merchant_72,Brand_46,56,娱乐,49.49832,89.332296,1
73,Merchant_73,Brand_40,100,医疗,53.972519,124.827267,1
74,Merchant_74,Brand_21,12,娱乐,30.226912,82.634809,1
75,Merchant_75,Brand_37,86,医疗,51.666412,108.357542,1
76,Merchant_76,Brand_12,28,教育,41.314756,110.741957,1
77,Merchant_77,Brand_39,72,购物,27.493054,127.135655,0
78,Merchant_78,Brand_16,63,教育,18.026106,93.071708,1
79,Merchant_79,Brand_42,58,教育,50.883895,126.931456,0
80,Merchant_80,Brand_26,40,娱乐,27.552082,88.277807,1
81,Merchant_81,Brand_28,43,医疗,32.363599,86.593262,1
82,Merchant_82,Brand_17,16,娱乐,47.078746,118.224926,0
83,Merchant_83,Brand_13,95,娱乐,24.845941,100.836499,1
84,Merchant_84,Brand_7,38,娱乐,41.56854,97.497122,0
85,Merchant_85,Brand_46,17,医疗,37.281642,133.380606,1
86,Merchant_86,Brand_45,82,娱乐,26.27875,129.135129,0
87,Merchant_87,Brand_37,61,购物,45.44826,106.425571,0
88,Merchant_88,Brand_17,15,教育,48.542009,110.421085,0
89,Merchant_89,Brand_37,20,餐饮,48.986368,108.802117,1
90,Merchant_90,Brand_6,16,娱乐,47.062425,118.234988,0
91,Merchant_91,Brand_50,49,医疗,53.855421,105.799361,1
92,Merchant_92,Brand_20,80,医疗,26.240153,86.699489,0
93,Merchant_93,Brand_49,81,娱乐,20.526854,112.144426,0
94,Merchant_94,Brand_16,71,娱乐,35.067672,107.038091,1
95,Merchant_95,Brand_45,61,医疗,45.429515,106.414648,1
96,Merchant_96,Brand_45,10,教育,47.158234,73.445314,0
97,Merchant_97,Brand_28,70,餐饮,45.54252,80.92517,1
98,Merchant_98,Brand_10,8,餐饮,41.362432,106.767133,1
99,Merchant_99,Brand_29,60,餐饮,39.941796,82.496008,1
100,Merchant_100,Brand_33,64,医疗,18.694939,130.613918,1
101,Merchant_101,Brand_48,78,购物,22.331188,86.890368,0
102,Merchant_102,Brand_49,74,购物,37.368682,118.281353,1
103,Merchant_103,Brand_34,36,教育,25.563531,131.468935,1
104,Merchant_104,Brand_6,45,教育,21.263574,75.903321,0
105,Merchant_105,Brand_11,53,购物,27.625074,112.718454,1
106,Merchant_106,Brand_49,5,医疗,33.184669,74.82888,1
107,Merchant_107,Brand_8,66,教育,29.103002,76.541475,1
108,Merchant_108,Brand_27,25,餐饮,40.886484,95.631858,1
109,Merchant_109,Brand_41,98,教育,33.907868,126.38035,0
110,Merchant_110,Brand_19,90,教育,33.247301,101.908416,0
111,Merchant_111,Brand_46,40,娱乐,27.54077,88.29613,0
112,Merchant_112,Brand_15,60,餐饮,39.967634,82.490806,0
113,Merchant_113,Brand_32,66,购物,29.09105,76.582909,1
114,Merchant_114,Brand_31,59,娱乐,28.749139,112.603228,0
115,Merchant_115,Brand_5,99,购物,37.840712,76.12797,1
116,Merchant_116,Brand_1,93,购物,32.474222,94.045456,1
117,Merchant_117,Brand_10,69,教育,20.490085,120.140578,1
118,Merchant_118,Brand_30,25,购物,40.932717,95.593476,1
119,Merchant_119,Brand_15,6,教育,25.852785,104.329326,1
120,Merchant_120,Brand_25,64,娱乐,18.747645,130.566739,1
121,Merchant_121,Brand_7,13,教育,52.462266,93.864555,0
122,Merchant_122,Brand_27,10,娱乐,47.136445,73.449843,1
123,Merchant_123,Brand_40,84,教育,26.526199,114.459479,1
124,Merchant_124,Brand_21,70,教育,45.523629,80.917113,1
125,Merchant_125,Brand_15,56,餐饮,49.57854,89.356158,0
126,Merchant_126,Brand_29,89,娱乐,21.469456,99.678068,1
127,Merchant_127,Brand_4,46,购物,21.934853,111.866212,1
128,Merchant_128,Brand_37,22,娱乐,26.171845,90.953003,1
129,Merchant_129,Brand_40,64,娱乐,18.742446,130.568426,1
130,Merchant_130,Brand_41,59,购物,28.719545,112.565809,1
131,Merchant_131,Brand_19,21,医疗,43.321972,75.885636,1
132,Merchant_132,Brand_41,89,教育,21.464519,99.759703,0
133,Merchant_133,Brand_25,14,教育,21.312571,79.003607,1
134,Merchant_134,Brand_45,3,购物,44.560758,114.971191,1
135,Merchant_135,Brand_1,88,医疗,47.097723,84.852775,1
136,Merchant_136,Brand_19,78,娱乐,22.386344,86.903135,0
137,Merchant_137,Brand_40,87,购物,35.041715,121.673151,0
138,Merchant_138,Brand_41,81,餐饮,20.570385,112.109276,1
139,Merchant_139,Brand_3,47,医疗,46.538093,99.132931,1
140,Merchant_140,Brand_21,23,教育,20.84259,87.461686,1
141,Merchant_141,Brand_34,35,医疗,29.389357,89.575631,1
142,Merchant_142,Brand_19,15,购物,48.50663,110.388544,0
143,Merchant_143,Brand_44,72,教育,27.528617,127.119917,0
144,Merchant_144,Brand_17,16,医疗,47.052097,118.260654,1
145,Merchant_145,Brand_38,82,教育,26.285933,129.096876,0
146,Merchant_146,Brand_31,80,餐饮,26.322553,86.659619,0
147,Merchant_147,Brand_42,82,餐饮,26.27429,129.17698,1
148,Merchant_148,Brand_42,15,教育,48.473775,110.47564,1
149,Merchant_149,Brand_32,13,餐饮,52.433151,93.872617,1
150,Merchant_150,Brand_30,86,购物,51.723451,108.42432,1
151,Merchant_151,Brand_38,54,娱乐,22.03137,99.988815,1
152,Merchant_152,Brand_18,89,餐饮,21.476562,99.719511,0
153,Merchant_153,Brand_24,88,餐饮,47.056625,84.845585,1
154,Merchant_154,Brand_4,36,教育,25.564363,131.422618,1
155,Merchant_155,Brand_6,83,娱乐,48.960823,77.440265,0
156,Merchant_156,Brand_22,17,娱乐,37.332909,133.303698,0
157,Merchant_157,Brand_38,30,娱乐,23.865346,96.490992,0
158,Merchant_158,Brand_18,17,娱乐,37.308233,133.363028,0
159,Merchant_159,Brand_43,17,餐饮,37.255697,133.362175,0
160,Merchant_160,Brand_38,3,购物,44.480389,114.910608,1
161,Merchant_161,Brand_34,96,餐饮,33.144095,90.264627,1
162,Merchant_162,Brand_33,14,医疗,21.334051,78.96857,0
163,Merchant_163,Brand_47,39,医疗,50.919517,101.495218,0
164,Merchant_164,Brand_31,55,教育,34.352663,132.135615,1
165,Merchant_165,Brand_5,42,餐饮,39.055926,128.621587,1
166,Merchant_166,Brand_40,71,医疗,35.131381,107.075913,1
167,Merchant_167,Brand_30,78,医疗,22.349171,86.960545,0
168,Merchant_168,Brand_42,93,医疗,32.530915,94.029769,0
169,Merchant_169,Brand_27,59,购物,28.733885,112.63783,1
170,Merchant_170,Brand_28,86,购物,51.654002,108.450031,1
171,Merchant_171,Brand_5,11,餐饮,46.968816,116.244298,1
172,Merchant_172,Brand_9,8,医疗,41.404487,106.792531,1
173,Merchant_173,Brand_43,53,餐饮,27.591067,112.756166,1
174,Merchant_174,Brand_47,37,餐饮,49.559276,92.495194,0
175,Merchant_175,Brand_10,29,教育,24.195718,118.190872,1
176,Merchant_176,Brand_8,74,购物,37.387275,118.248637,0
177,Merchant_177,Brand_39,4,购物,50.086506,78.410478,1
178,Merchant_178,Brand_22,1,购物,40.987506,74.514992,1
179,Merchant_179,Brand_5,95,娱乐,24.860838,100.767106,0
180,Merchant_180,Brand_25,59,教育,28.728102,112.601874,1
181,Merchant_181,Brand_50,77,医疗,33.730099,105.044963,0
182,Merchant_182,Brand_49,7,医疗,18.972692,85.305144,1
183,Merchant_183,Brand_32,57,医疗,36.012518,84.047974,0
184,Merchant_184,Brand_23,15,教育,48.488122,110.448863,1
185,Merchant_185,Brand_34,6,购物,25.843019,104.380473,0
186,Merchant_186,Brand_1,39,娱乐,50.968245,101.47555,1
187,Merchant_187,Brand_19,16,购物,47.007391,118.268072,0
188,Merchant_188,Brand_9,69,教育,20.512018,120.15736,1
189,Merchant_189,Brand_5,95,教育,24.801751,100.765914,0
190,Merchant_190,Brand_21,55,医疗,34.341393,132.157538,1
191,Merchant_191,Brand_19,52,餐饮,42.493659,106.274637,1
192,Merchant_192,Brand_45,12,购物,30.24269,82.600315,1
193,Merchant_193,Brand_38,68,教育,21.041389,103.168461,1
194,Merchant_194,Brand_15,100,购物,53.940982,124.834758,0
195,Merchant_195,Brand_34,25,医疗,40.925232,95.604533,0
196,Merchant_196,Brand_16,19,餐饮,47.834165,111.315575,0
197,Merchant_197,Brand_49,23,餐饮,20.91764,87.44583,1
198,Merchant_198,Brand_49,98,医疗,33.960654,126.421757,1
199,Merchant_199,Brand_41,20,购物,49.015424,108.792725,1
200,Merchant_200,Brand_18,8,医疗,41.381034,106.743791,1
201,Merchant_201,Brand_29,8,餐饮,41.382714,106.76508,0
202,Merchant_202,Brand_40,65,医疗,49.622436,124.571296,0
203,Merchant_203,Brand_29,84,医疗,26.536991,114.487123,0
204,Merchant_204,Brand_4,14,教育,21.369947,79.030153,0
205,Merchant_205,Brand_33,6,娱乐,25.845741,104.325804,1
206,Merchant_206,Brand_34,79,医疗,30.136955,109.462426,1
207,Merchant_207,Brand_25,100,教育,53.958006,124.843499,1
208,Merchant_208,Brand_5,13,购物,52.465467,93.857518,1
209,Merchant_209,Brand_47,20,医疗,49.004784,108.804107,0
210,Merchant_210,Brand_23,84,购物,26.588015,114.465818,0
211,Merchant_211,Brand_20,49,医疗,53.874719,105.787937,0
212,Merchant_212,Brand_43,12,医疗,30.263621,82.63207,1
213,Merchant_213,Brand_2,40,购物,27.503712,88.262324,1
214,Merchant_214,Brand_13,18,娱乐,31.592733,107.206098,0
215,Merchant_215,Brand_33,95,医疗,24.885889,100.767815,1
216,Merchant_216,Brand_50,17,医疗,37.313936,133.298602,0
217,Merchant_217,Brand_45,22,医疗,26.226456,90.896423,1
218,Merchant_218,Brand_44,57,娱乐,36.03216,84.101656,1
219,Merchant_219,Brand_15,31,医疗,53.603788,112.710847,1
220,Merchant_220,Brand_13,87,购物,35.06087,121.694848,1
221,Merchant_221,Brand_50,100,购物,53.962356,124.836456,0
222,Merchant_222,Brand_13,18,医疗,31.664538,107.181737,1
223,Merchant_223,Brand_24,14,医疗,21.35999,78.998006,0
224,Merchant_224,Brand_19,98,餐饮,33.918738,126.398576,0
225,Merchant_225,Brand_28,29,餐饮,24.192661,118.244324,0
226,Merchant_226,Brand_27,51,餐饮,18.413518,117.658331,0
227,Merchant_227,Brand_24,4,娱乐,50.100332,78.350116,1
228,Merchant_228,Brand_10,5,娱乐,33.167874,74.880404,0
229,Merchant_229,Brand_49,58,教育,50.866137,127.012737,0
230,Merchant_230,Brand_17,20,娱乐,49.026328,108.818556,1
231,Merchant_231,Brand_8,31,购物,53.602956,112.63476,1
232,Merchant_232,Brand_41,59,医疗,28.700293,112.648538,1
233,Merchant_233,Brand_39,3,医疗,44.526159,114.962873,0
234,Merchant_234,Brand_19,1,教育,41.030846,74.524723,1
235,Merchant_235,Brand_12,68,餐饮,21.130989,103.088177,0
236,Merchant_236,Brand_25,6,教育,25.884534,104.380132,1
237,Merchant_237,Brand_48,46,餐饮,21.976221,111.886135,0
238,Merchant_238,Brand_50,95,医疗,24.873189,100.777381,1
239,Merchant_239,Brand_35,83,购物,48.914383,77.42107,1
240,Merchant_240,Brand_45,81,教育,20.523979,112.091868,1
241,Merchant_241,Brand_3,26,购物,31.280896,85.959383,0
242,Merchant_242,Brand_21,66,购物,29.060331,76.622901,1
243,Merchant_243,Brand_17,97,餐饮,27.007722,130.221078,0
244,Merchant_244,Brand_42,35,购物,29.318758,89.586736,1
245,Merchant_245,Brand_48,50,教育,52.942726,126.337024,1
246,Merchant_246,Brand_24,35,医疗,29.386425,89.622642,0
247,Merchant_247,Brand_28,24,医疗,21.640598,90.216484,0
248,Merchant_248,Brand_21,40,购物,27.530278,88.312671,0
249,Merchant_249,Brand_45,45,教育,21.267452,75.943896,1
250,Merchant_250,Brand_40,36,教育,25.609329,131.48955,0
251,Merchant_251,Brand_5,47,教育,46.516166,99.198908,0
252,Merchant_252,Brand_2,78,娱乐,22.37396,86.925052,0
253,Merchant_253,Brand_5,100,娱乐,53.988685,124.819925,0
254,Merchant_254,Brand_39,87,娱乐,35.011149,121.6335,1
255,Merchant_255,Brand_49,74,餐饮,37.378429,118.242421,1
256,Merchant_256,Brand_42,32,购物,38.096243,115.398675,0
257,Merchant_257,Brand_32,50,医疗,53.000176,126.330118,1
258,Merchant_258,Brand_46,28,教育,41.378911,110.74468,1
259,Merchant_259,Brand_13,18,餐饮,31.662521,107.221723,1
260,Merchant_260,Brand_6,86,购物,51.663256,108.361166,1
261,Merchant_261,Brand_20,92,娱乐,53.450904,79.12193,0
262,Merchant_262,Brand_24,29,医疗,24.123127,118.175959,0
263,Merchant_263,Brand_16,4,教育,50.104554,78.397436,1
264,Merchant_264,Brand_36,79,娱乐,30.209505,109.431716,1
265,Merchant_265,Brand_46,68,教育,21.074604,103.122352,0
266,Merchant_266,Brand_9,83,购物,48.904291,77.389739,1
267,Merchant_267,Brand_9,82,医疗,26.250683,129.162819,0
268,Merchant_268,Brand_28,8,医疗,41.428979,106.788182,1
269,Merchant_269,Brand_11,42,娱乐,39.08857,128.637566,1
270,Merchant_270,Brand_6,26,购物,31.340021,85.99452,0
271,Merchant_271,Brand_41,79,购物,30.174428,109.475398,0
272,Merchant_272,Brand_38,20,医疗,48.988568,108.808281,1
273,Merchant_273,Brand_37,4,餐饮,50.076586,78.435063,1
274,Merchant_274,Brand_42,99,娱乐,37.818925,76.148287,0
275,Merchant_275,Brand_32,38,医疗,41.609983,97.509387,0
276,Merchant_276,Brand_44,39,教育,50.919067,101.467676,0
277,Merchant_277,Brand_29,62,教育,46.026997,105.865947,0
278,Merchant_278,Brand_21,94,购物,49.069013,88.40123,1
279,Merchant_279,Brand_9,66,购物,29.076674,76.573272,1
280,Merchant_280,Brand_8,58,购物,50.829394,126.931832,1
281,Merchant_281,Brand_25,54,医疗,21.990705,99.991977,0
282,Merchant_282,Brand_21,93,医疗,32.475637,94.063074,1
283,Merchant_283,Brand_33,64,教育,18.739071,130.603851,0
284,Merchant_284,Brand_26,59,医疗,28.790681,112.586383,1
285,Merchant_285,Brand_4,37,餐饮,49.548724,92.548263,1
286,Merchant_286,Brand_19,2,医疗,27.935772,86.832159,1
287,Merchant_287,Brand_47,98,购物,33.943032,126.358168,0
288,Merchant_288,Brand_37,25,医疗,40.870892,95.598455,1
289,Merchant_289,Brand_33,98,教育,33.957693,126.436175,0
290,Merchant_290,Brand_9,51,餐饮,18.400637,117.733432,1
291,Merchant_291,Brand_49,26,娱乐,31.336761,85.979575,0
292,Merchant_292,Brand_3,18,餐饮,31.648597,107.256916,1
293,Merchant_293,Brand_10,66,医疗,29.034487,76.634497,1
294,Merchant_294,Brand_11,79,教育,30.195012,109.455064,1
295,Merchant_295,Brand_33,69,医疗,20.490636,120.163626,1
296,Merchant_296,Brand_2,43,购物,32.395799,86.645877,1
297,Merchant_297,Brand_47,77,餐饮,33.769062,105.136409,0
298,Merchant_298,Brand_47,75,餐饮,25.239483,92.328833,1
299,Merchant_299,Brand_10,5,娱乐,33.196443,74.86748,0
300,Merchant_300,Brand_2,41,教育,38.201131,89.281276,0
301,Merchant_301,Brand_27,100,医疗,53.985317,124.830871,0
302,Merchant_302,Brand_46,67,娱乐,49.57908,131.693371,1
303,Merchant_303,Brand_34,41,教育,38.254922,89.285946,1
304,Merchant_304,Brand_35,87,购物,35.043356,121.668496,1
305,Merchant_305,Brand_40,25,教育,40.930374,95.597496,1
306,Merchant_306,Brand_15,99,购物,37.790611,76.107204,1
307,Merchant_307,Brand_21,45,教育,21.278788,75.964664,1
308,Merchant_308,Brand_19,74,餐饮,37.432321,118.243695,1
309,Merchant_309,Brand_23,38,娱乐,41.549999,97.574709,0
310,Merchant_310,Brand_23,84,教育,26.543811,114.47453,0
311,Merchant_311,Brand_35,72,购物,27.561656,127.054576,0
312,Merchant_312,Brand_16,86,餐饮,51.719031,108.377239,0
313,Merchant_313,Brand_4,53,餐饮,27.588736,112.736872,0
314,Merchant_314,Brand_1,21,医疗,43.355277,75.884615,1
315,Merchant_315,Brand_31,97,娱乐,27.039423,130.224584,0
316,Merchant_316,Brand_50,84,餐饮,26.57558,114.480137,0
317,Merchant_317,Brand_12,23,教育,20.915903,87.386669,1
318,Merchant_318,Brand_32,96,娱乐,33.233952,90.312403,0
319,Merchant_319,Brand_1,73,购物,33.243244,86.174334,1
320,Merchant_320,Brand_19,83,教育,48.951204,77.392547,0
321,Merchant_321,Brand_33,35,教育,29.325591,89.561199,0
322,Merchant_322,Brand_47,83,教育,48.9226,77.361776,1
323,Merchant_323,Brand_19,87,医疗,35.041885,121.613953,1
324,Merchant_324,Brand_28,42,医疗,39.00377,128.681945,0
325,Merchant_325,Brand_9,42,教育,39.088679,128.615702,1
326,Merchant_326,Brand_16,97,教育,26.969731,130.22543,0
327,Merchant_327,Brand_17,89,购物,21.463139,99.741952,1
328,Merchant_328,Brand_20,52,娱乐,42.56018,106.334471,1
329,Merchant_329,Brand_45,82,餐饮,26.283517,129.115545,0
330,Merchant_330,Brand_15,62,娱乐,45.995872,105.906701,1
331,Merchant_331,Brand_27,61,医疗,45.476124,106.471699,0
332,Merchant_332,Brand_49,88,娱乐,47.095366,84.842729,0
333,Merchant_333,Brand_34,68,教育,21.103901,103.089219,0
334,Merchant_334,Brand_4,65,医疗,49.604204,124.566929,0
335,Merchant_335,Brand_21,57,医疗,35.982724,84.046957,1
336,Merchant_336,Brand_6,58,医疗,50.885471,126.967494,1
337,Merchant_337,Brand_30,8,医疗,41.40172,106.803649,1
338,Merchant_338,Brand_47,51,餐饮,18.388763,117.635055,0
339,Merchant_339,Brand_38,6,餐饮,25.863337,104.352066,0
340,Merchant_340,Brand_5,5,教育,33.167895,74.815426,0
341,Merchant_341,Brand_50,48,教育,20.336283,96.648644,1
342,Merchant_342,Brand_25,88,餐饮,47.116306,84.84287,0
343,Merchant_343,Brand_42,16,购物,47.024465,118.247097,0
344,Merchant_344,Brand_47,1,娱乐,41.044983,74.598516,1
345,Merchant_345,Brand_44,55,医疗,34.337246,132.168924,0
346,Merchant_346,Brand_30,20,购物,48.999013,108.839574,0
347,Merchant_347,Brand_3,79,教育,30.197685,109.513517,0
348,Merchant_348,Brand_16,9,娱乐,25.895952,109.48783,0
349,Merchant_349,Brand_16,52,餐饮,42.535469,106.296136,0
350,Merchant_350,Brand_9,38,医疗,41.569208,97.570818,1
351,Merchant_351,Brand_37,99,医疗,37.828964,76.118543,1
352,Merchant_352,Brand_10,29,医疗,24.152347,118.183376,0
353,Merchant_353,Brand_41,72,教育,27.541601,127.138078,1
354,Merchant_354,Brand_34,90,购物,33.240462,101.920451,1
355,Merchant_355,Brand_12,61,医疗,45.424486,106.414034,0
356,Merchant_356,Brand_30,72,餐饮,27.533307,127.0825,0
357,Merchant_357,Brand_25,33,娱乐,48.313003,121.126666,1
358,Merchant_358,Brand_24,69,餐饮,20.514109,120.126382,1
359,Merchant_359,Brand_25,78,医疗,22.310106,86.888513,0
360,Merchant_360,Brand_31,43,娱乐,32.358737,86.638786,0
361,Merchant_361,Brand_13,96,餐饮,33.237696,90.267691,0
362,Merchant_362,Brand_45,91,医疗,44.217182,114.790115,1
363,Merchant_363,Brand_50,49,购物,53.856995,105.819961,1
364,Merchant_364,Brand_17,66,购物,29.10879,76.58796,1
365,Merchant_365,Brand_49,27,购物,27.598272,131.063977,0
366,Merchant_366,Brand_48,3,娱乐,44.489041,114.998844,1
367,Merchant_367,Brand_19,26,娱乐,31.309502,85.97742,0
368,Merchant_368,Brand_32,84,医疗,26.612513,114.460378,1
369,Merchant_369,Brand_47,59,教育,28.710835,112.644367,0
370,Merchant_370,Brand_9,63,医疗,17.988993,93.136612,0
371,Merchant_371,Brand_34,10,餐饮,47.184015,73.419745,0
372,Merchant_372,Brand_27,81,娱乐,20.528894,112.1491,0
373,Merchant_373,Brand_14,59,医疗,28.731332,112.626653,1
374,Merchant_374,Brand_43,3,教育,44.463625,114.960532,0
375,Merchant_375,Brand_2,93,医疗,32.47184,94.08451,0
376,Merchant_376,Brand_33,23,教育,20.833213,87.392666,0
377,Merchant_377,Brand_16,80,娱乐,26.286776,86.684999,1
378,Merchant_378,Brand_26,48,餐饮,20.332927,96.656296,0
379,Merchant_379,Brand_45,39,娱乐,50.942117,101.483602,0
380,Merchant_380,Brand_6,49,教育,53.848087,105.80269,0
381,Merchant_381,Brand_45,11,娱乐,47.009479,116.278033,1
382,Merchant_382,Brand_37,68,餐饮,21.125439,103.104386,1
383,Merchant_383,Brand_18,10,餐饮,47.157939,73.38096,0
384,Merchant_384,Brand_12,3,购物,44.559111,114.964072,1
385,Merchant_385,Brand_5,21,购物,43.370982,75.847782,1
386,Merchant_386,Brand_44,43,医疗,32.366803,86.621862,0
387,Merchant_387,Brand_33,7,购物,18.915064,85.301148,0
388,Merchant_388,Brand_22,99,医疗,37.823098,76.146037,1
389,Merchant_389,Brand_2,58,购物,50.853662,126.957732,1
390,Merchant_390,Brand_28,88,娱乐,47.07848,84.793422,1
391,Merchant_391,Brand_16,11,餐饮,46.98629,116.272642,0
392,Merchant_392,Brand_48,41,教育,38.195323,89.249132,1
393,Merchant_393,Brand_29,98,购物,33.929684,126.366895,0
394,Merchant_394,Brand_28,72,教育,27.547513,127.081653,0
395,Merchant_395,Brand_6,71,购物,35.069472,107.097627,1
396,Merchant_396,Brand_25,38,餐饮,41.587173,97.557095,0
397,Merchant_397,Brand_37,22,医疗,26.22287,90.909004,1
398,Merchant_398,Brand_20,64,购物,18.665756,130.570835,1
399,Merchant_399,Brand_27,62,购物,46.05882,105.86804,0
400,Merchant_400,Brand_47,77,教育,33.78327,105.085488,0
401,Merchant_401,Brand_20,51,餐饮,18.396539,117.696772,1
402,Merchant_402,Brand_29,56,购物,49.562254,89.366072,0
403,Merchant_403,Brand_20,78,购物,22.400879,86.90132,1
404,Merchant_404,Brand_12,41,教育,38.188398,89.309476,1
405,Merchant_405,Brand_37,42,娱乐,39.032702,128.696668,1
406,Merchant_406,Brand_24,73,餐饮,33.202946,86.181215,0
407,Merchant_407,Brand_44,4,医疗,50.163764,78.38637,0
408,Merchant_408,Brand_29,89,购物,21.446425,99.759952,1
409,Merchant_409,Brand_44,18,教育,31.640572,107.200721,0
410,Merchant_410,Brand_46,49,教育,53.817767,105.854159,1
411,Merchant_411,Brand_38,69,教育,20.492312,120.199373,1
412,Merchant_412,Brand_35,47,餐饮,46.53502,99.205148,0
413,Merchant_413,Brand_7,85,娱乐,25.728994,81.169969,0
414,Merchant_414,Brand_37,97,教育,26.976192,130.27209,0
415,Merchant_415,Brand_1,34,餐饮,26.217931,75.0149,0
416,Merchant_416,Brand_29,51,购物,18.409623,117.702709,0
417,Merchant_417,Brand_23,62,餐饮,45.991008,105.873526,0
418,Merchant_418,Brand_8,45,娱乐,21.253928,75.916748,0
419,Merchant_419,Brand_34,45,教育,21.270355,75.915032,1
420,Merchant_420,Brand_21,39,餐饮,50.878181,101.469893,0
421,Merchant_421,Brand_22,87,餐饮,35.046162,121.689396,0
422,Merchant_422,Brand_34,71,娱乐,35.07618,107.093808,1
423,Merchant_423,Brand_15,81,教育,20.524196,112.142431,1
424,Merchant_424,Brand_26,95,餐饮,24.858932,100.783772,1
425,Merchant_425,Brand_25,91,餐饮,44.218211,114.726436,0
426,Merchant_426,Brand_37,69,餐饮,20.460347,120.139932,1
427,Merchant_427,Brand_8,86,购物,51.714777,108.407444,1
428,Merchant_428,Brand_39,79,教育,30.160334,109.436564,1
429,Merchant_429,Brand_30,23,医疗,20.903885,87.453634,1
430,Merchant_430,Brand_40,11,医疗,47.026704,116.265961,0
431,Merchant_431,Brand_20,24,餐饮,21.623382,90.198499,1
432,Merchant_432,Brand_27,18,医疗,31.634719,107.218823,1
433,Merchant_433,Brand_41,89,医疗,21.531425,99.768242,0
434,Merchant_434,Brand_36,63,娱乐,17.999471,93.066386,1
435,Merchant_435,Brand_40,46,餐饮,21.992553,111.900116,0
436,Merchant_436,Brand_25,65,医疗,49.649295,124.554176,1
437,Merchant_437,Brand_27,63,教育,17.987313,93.104216,0
438,Merchant_438,Brand_19,36,餐饮,25.567866,131.439269,1
439,Merchant_439,Brand_37,71,教育,35.111247,107.095094,1
440,Merchant_440,Brand_50,47,医疗,46.519061,99.199597,1
441,Merchant_441,Brand_35,55,娱乐,34.294295,132.169595,0
442,Merchant_442,Brand_20,58,餐饮,50.830884,127.008371,0
443,Merchant_443,Brand_29,100,餐饮,54.005358,124.804698,1
444,Merchant_444,Brand_46,81,医疗,20.548568,112.139998,0
445,Merchant_445,Brand_14,73,餐饮,33.218048,86.109598,0
446,Merchant_446,Brand_21,38,购物,41.603066,97.574418,0
447,Merchant_447,Brand_9,8,教育,41.445089,106.823077,0
448,Merchant_448,Brand_45,32,娱乐,38.014815,115.428294,0
449,Merchant_449,Brand_49,63,教育,17.984805,93.110916,1
450,Merchant_450,Brand_25,10,教育,47.152859,73.440936,0
451,Merchant_451,Brand_26,96,医疗,33.165562,90.313433,1
452,Merchant_452,Brand_30,42,教育,39.053292,128.70191,0
453,Merchant_453,Brand_47,82,教育,26.258318,129.121863,0
454,Merchant_454,Brand_35,28,教育,41.376087,110.798607,1
455,Merchant_455,Brand_18,37,购物,49.533011,92.517822,1
456,Merchant_456,Brand_22,6,餐饮,25.830924,104.360417,1
457,Merchant_457,Brand_2,21,餐饮,43.358715,75.79118,1
458,Merchant_458,Brand_13,84,娱乐,26.548354,114.514064,1
459,Merchant_459,Brand_6,33,购物,48.300911,121.128446,0
460,Merchant_460,Brand_4,81,教育,20.536302,112.148327,0
461,Merchant_461,Brand_28,91,餐饮,44.206249,114.719944,0
462,Merchant_462,Brand_9,29,医疗,24.162935,118.200368,0
463,Merchant_463,Brand_45,16,购物,47.105433,118.235602,0
464,Merchant_464,Brand_31,30,餐饮,23.870797,96.549313,0
465,Merchant_465,Brand_7,48,购物,20.325096,96.624109,0
466,Merchant_466,Brand_42,9,娱乐,25.938913,109.485319,0
467,Merchant_467,Brand_29,93,购物,32.465672,94.061589,1
468,Merchant_468,Brand_40,28,教育,41.287943,110.726169,0
469,Merchant_469,Brand_38,45,教育,21.319064,75.902665,0
470,Merchant_470,Brand_16,83,购物,48.905299,77.398496,1
471,Merchant_471,Brand_50,85,餐饮,25.750108,81.17388,0
472,Merchant_472,Brand_48,38,教育,41.610409,97.557558,0
473,Merchant_473,Brand_32,15,教育,48.483905,110.444822,0
474,Merchant_474,Brand_34,47,餐饮,46.558249,99.137116,1
475,Merchant_475,Brand_24,88,医疗,47.037169,84.802516,0
476,Merchant_476,Brand_2,9,医疗,25.887241,109.506046,0
477,Merchant_477,Brand_26,37,医疗,49.562092,92.510134,1
478,Merchant_478,Brand_28,11,教育,47.023547,116.288408,0
479,Merchant_479,Brand_18,40,餐饮,27.493588,88.332997,0
480,Merchant_480,Brand_35,51,购物,18.421961,117.711075,0
481,Merchant_481,Brand_20,94,教育,49.065554,88.390557,0
482,Merchant_482,Brand_6,15,教育,48.505134,110.441897,1
483,Merchant_483,Brand_43,16,娱乐,47.007884,118.207092,0
484,Merchant_484,Brand_11,45,教育,21.27504,75.949514,1
485,Merchant_485,Brand_11,17,购物,37.329189,133.370523,0
486,Merchant_486,Brand_50,43,餐饮,32.409129,86.575085,0
487,Merchant_487,Brand_17,81,医疗,20.513458,112.123903,1
488,Merchant_488,Brand_4,73,教育,33.199654,86.09722,0
489,Merchant_489,Brand_37,30,餐饮,23.906568,96.476494,0
490,Merchant_490,Brand_16,61,餐饮,45.436787,106.483523,0
491,Merchant_491,Brand_3,92,医疗,53.454015,79.093845,1
492,Merchant_492,Brand_16,93,教育,32.47636,94.069362,1
493,Merchant_493,Brand_8,87,医疗,35.056351,121.614338,0
494,Merchant_494,Brand_26,60,餐饮,39.959531,82.503388,1
495,Merchant_495,Brand_21,71,餐饮,35.105841,107.074715,1
496,Merchant_496,Brand_37,95,购物,24.859793,100.810433,1
497,Merchant_497,Brand_50,94,娱乐,49.060255,88.442741,0
498,Merchant_498,Brand_10,53,餐饮,27.558098,112.743787,0
499,Merchant_499,Brand_22,98,餐饮,33.968437,126.438545,1
500,Merchant_500,Brand_7,68,娱乐,21.131836,103.123391,0
