Timestamp,Value,Category,
2020/7/1 6:11,42151.568,0,
2020/7/1 16:32,42151.6033,0,
2020/7/2 18:22,42151.7137,0,
2020/7/3 6:25,42151.7546,0,
2020/7/3 16:46,42151.791,0,
2020/7/4 5:03,42151.8409,0,
2020/7/5 4:57,42151.9344,0,
2020/7/5 17:00,42151.9815,0,
2020/7/6 17:07,42152.0745,0,
2020/7/7 17:15,42152.1709,0,
2020/7/8 5:18,42152.2101,0,
2020/7/8 17:22,42152.2555,0,
2020/7/9 5:25,42152.3014,0,
2020/7/9 17:29,42152.3535,0,
2020/7/10 3:49,42152.3905,0,
2020/7/10 17:36,42152.4364,0,
2020/7/11 9:19,42152.4885,0,
2020/7/11 17:43,42152.5247,0,
2020/7/12 3:53,42152.5614,0,
2020/7/12 5:47,42152.5644,0,
2020/7/13 16:14,42152.6978,0,
2020/7/14 4:18,42152.7359,0,
2020/7/16 4:32,42152.8958,0,
2020/7/16 16:36,42152.9429,0,
2020/7/17 4:40,42152.9844,0,
2020/7/17 16:43,42153.0261,0,
2020/7/18 4:47,42153.0662,0,
2020/7/19 4:54,42153.1466,0,
2020/7/19 16:58,42153.1886,0,
2020/7/20 5:01,42153.2292,0,
2020/7/20 17:05,42153.2696,0,
2020/7/21 5:08,42153.311,0,
2020/7/22 3:32,42153.3864,0,
2020/7/23 3:39,42153.4696,0,
2020/7/23 15:43,42153.5026,0,
2020/7/24 3:47,42153.5441,0,
2020/7/24 15:50,42153.5858,0,
2020/7/25 3:54,42153.6281,0,
2020/7/26 4:01,42153.7041,0,
2020/7/26 16:05,42153.7438,0,
2020/7/27 4:08,42153.7825,0,
2020/7/28 4:15,42153.8632,0,
2020/7/29 2:39,42153.9411,0,
2020/7/29 4:22,42153.9458,0,
2020/7/29 16:26,42153.9865,0,
2020/7/31 3:05,42154.11,0,
2020/8/1 3:01,42154.1887,0,
2020/8/2 3:08,42154.2686,0,
2020/8/3 2:40,42154.3526,0,
2020/8/4 1:39,42154.4291,0,
2020/8/5 2:36,42154.507,0,
2020/8/6 3:23,42154.5953,0,
2020/8/7 2:20,42154.667,0,
2020/8/8 2:30,42154.7477,0,
2020/8/9 2:28,42154.8258,0,
2020/8/10 3:24,42154.8934,0,
2020/8/11 2:11,42154.9637,0,
2020/8/12 3:14,42155.0362,0,
2020/8/12 6:34,42155.0469,0,
2020/8/13 2:43,42155.108,0,
2020/8/14 5:39,42155.1962,0,
2020/8/15 5:57,42155.2727,0,
2020/8/16 7:39,42155.3484,0,
2020/8/17 6:36,42155.4192,0,
2020/8/18 6:58,42155.4845,0,
2020/8/19 1:43,42155.5392,0,
2020/8/19 5:43,42155.5521,0,
2020/8/20 6:00,42155.6229,0,
2020/8/21 7:42,42155.7011,0,
2020/8/22 8:03,42155.7684,0,
2020/8/23 1:13,42155.8185,0,
2020/8/23 5:03,42155.8283,0,
2020/8/24 5:33,42155.8989,0,
2020/8/25 0:43,42155.9578,0,
2020/8/25 5:47,42155.9695,0,
2020/8/26 6:16,42156.0488,0,
2020/8/27 0:57,42156.0993,0,
2020/8/27 6:35,42156.1169,0,
2020/8/28 6:53,42156.187,0,
2020/8/29 5:32,42156.2579,0,
2020/8/30 7:14,42156.3363,0,
2020/8/31 4:39,42156.3996,0,
2020/9/1 6:20,42156.4758,0,
2020/9/2 3:40,42156.5347,0,
2020/9/3 0:04,42156.5963,0,
2020/9/4 4:50,42156.6779,0,
2020/9/4 7:25,42156.6829,0,
2020/9/5 6:09,42156.7434,0,
2020/9/6 0:26,42156.7944,0,
2020/9/7 0:33,42156.86,0,
2020/9/8 0:40,42156.92,0,
2020/9/8 11:00,42156.9488,0,
2020/9/9 0:47,42156.9841,0,
2020/9/9 11:07,42157.0096,0,
2020/9/10 0:54,42157.0441,0,
2020/9/11 1:01,42157.1085,0,
2020/9/12 1:09,42157.1688,0,
2020/9/12 23:32,42157.226,0,
2020/9/13 23:39,42157.2834,0,
2020/9/14 23:46,42157.349,0,
2020/9/16 2:00,42157.4137,0,
2020/9/17 0:48,42157.4661,0,
2020/9/17 10:21,42157.4919,0,
2020/9/18 2:36,42157.5303,0,
2020/9/18 22:32,42157.5821,0,
2020/9/20 10:43,42157.6684,0,
2020/9/21 0:29,42157.7037,0,
2020/9/21 22:53,42157.762,0,
2020/9/22 23:00,42157.8228,0,
2020/9/23 23:08,42157.8906,0,
2020/9/25 3:40,42157.9654,0,
2020/9/25 6:39,42157.9727,0,
2020/9/26 8:01,42158.0442,0,
2020/9/27 7:55,42158.1016,0,
2020/9/28 7:43,42158.1596,0,
2020/9/28 22:00,42158.1983,0,
2020/9/30 10:11,42158.2911,0,
2020/10/1 10:18,42158.346,0,
2020/10/1 22:58,42158.3771,0,
2020/10/2 10:25,42158.404,0,
2020/10/3 10:32,42158.4584,0,
2020/10/5 9:03,42158.5705,0,
2020/10/5 22:50,42158.6058,0,
2020/10/6 9:10,42158.6271,0,
2020/10/6 21:14,42158.654,0,
2020/10/7 23:04,42158.7137,0,
2020/10/9 9:32,42158.7874,0,
2020/10/9 21:35,42158.8157,0,
2020/10/10 21:42,42158.8636,0,
2020/10/11 9:08,42158.8902,0,
2020/10/12 9:53,42158.9477,0,
2020/10/12 23:52,42158.9821,0,
2020/10/13 20:21,42159.0267,0,
2020/10/14 10:07,42159.0483,0,
2020/10/15 10:15,42159.1015,0,
2020/10/16 10:22,42159.1525,0,
2020/10/16 22:25,42159.1831,0,
2020/10/17 10:29,42159.2159,0,
2020/10/18 8:53,42159.2657,0,
2020/10/18 10:36,42159.2697,0,
2020/10/18 20:56,42159.2915,0,
2020/10/19 9:00,42159.3209,0,
2020/10/20 9:07,42159.3742,0,
2020/10/20 21:11,42159.3969,0,
2020/10/22 9:21,42159.4916,0,
2020/10/22 23:02,42159.521,0,
2020/10/23 9:28,42159.5418,0,
2020/10/23 19:49,42159.569,0,
2020/10/24 9:35,42159.6001,0,
2020/10/25 9:43,42159.6623,0,
2020/10/25 20:03,42159.6847,0,
2020/10/26 9:50,42159.7119,0,
2020/10/27 8:14,42159.7721,0,
2020/10/27 20:17,42159.7954,0,
2020/10/28 8:21,42159.8243,0,
2020/10/29 8:28,42159.8719,0,
2020/10/29 20:32,42159.8927,0,
2020/10/31 8:42,42159.9765,0,
2020/10/31 19:03,42160.0003,0,
2020/10/31 20:46,42160.0028,0,
2020/11/1 8:49,42160.0261,0,
2020/11/1 19:10,42160.0488,0,
2020/11/1 20:53,42160.0546,0,
2020/11/2 21:00,42160.1057,0,
2020/11/3 7:20,42160.1146,0,
2020/11/4 9:11,42160.1799,0,
2020/11/4 21:14,42160.2049,0,
2020/11/5 9:18,42160.227,0,
2020/11/6 7:42,42160.2735,0,
2020/11/6 19:45,42160.2915,0,
2020/11/7 7:49,42160.3142,0,
2020/11/10 18:30,42160.482,0,
2020/11/11 8:17,42160.5036,0,
2020/11/11 18:37,42160.53,0,
2020/11/13 8:31,42160.6152,0,
2020/11/13 20:35,42160.6351,0,
2020/11/14 8:39,42160.6541,0,
2020/11/15 7:02,42160.6976,0,
2020/11/15 19:06,42160.7287,0,
2020/11/16 7:10,42160.7573,0,
2020/11/17 6:25,42160.8016,0,
2020/11/18 7:24,42160.8587,0,
2020/11/18 19:27,42160.8904,0,
2020/11/19 19:34,42160.9465,0,
2020/11/20 5:55,42160.9683,0,
2020/11/20 17:58,42160.9938,0,
2020/11/20 19:42,42160.9972,0,
2020/11/21 18:05,42161.0437,0,
2020/11/21 19:49,42161.0457,0,
2020/11/22 18:13,42161.0922,0,
2020/11/23 7:59,42161.1247,0,
2020/11/23 18:20,42161.1426,0,
2020/11/24 6:23,42161.1684,0,
2020/11/25 6:30,42161.2192,0,
2020/11/26 6:34,42161.2713,0,
2020/11/26 18:41,42161.2946,0,
2020/11/27 6:45,42161.3156,0,
2020/11/28 6:52,42161.3646,0,
2020/11/29 6:59,42161.4128,0,
2020/11/29 17:19,42161.433,0,
2020/11/30 7:06,42161.4571,0,
2020/11/30 17:26,42161.4787,0,
2020/12/1 7:22,42161.5084,0,
2020/12/1 19:16,42161.5294,0,
2020/12/2 19:24,42161.572,0,
2020/12/3 6:02,42161.5914,0,
2020/12/4 17:54,42161.6561,0,
2020/12/5 18:02,42161.708,0,
2020/12/9 6:51,42161.8638,0,
2020/12/10 6:22,42161.8944,0,
2020/12/11 4:41,42161.9342,0,
2020/12/11 5:48,42161.9401,0,
2020/12/12 6:48,42161.9972,0,
2020/12/12 17:08,42162.0216,0,
2020/12/13 17:15,42162.0743,0,
2020/12/14 5:19,42162.09,0,
2020/12/15 5:26,42162.1357,0,
2020/12/16 5:33,42162.1934,0,
2020/12/16 17:37,42162.2133,0,
2020/12/17 5:40,42162.2355,0,
2020/12/18 17:51,42162.3117,0,
2020/12/19 5:54,42162.3364,0,
2020/12/19 16:14,42162.3552,0,
2020/12/20 6:01,42162.3829,0,
2020/12/20 18:05,42162.4067,0,
2020/12/21 5:28,42162.4314,0,
2020/12/21 16:29,42162.4485,0,
2020/12/22 4:32,42162.4782,0,
2020/12/23 5:11,42162.5217,0,
2020/12/23 16:43,42162.55,0,
2020/12/24 16:50,42162.5881,0,
2020/12/25 4:53,42162.6091,0,
2020/12/25 16:57,42162.6408,0,
2020/12/26 5:01,42162.6573,0,
2020/12/26 17:04,42162.6761,0,
2020/12/27 3:24,42162.6926,0,
2020/12/27 17:11,42162.7268,0,
2020/12/28 3:31,42162.7428,0,
2020/12/28 17:18,42162.7683,0,
2020/12/29 5:22,42162.7885,0,
2020/12/29 17:25,42162.8079,0,
2020/12/30 5:29,42162.8272,0,
2020/12/31 3:53,42162.8681,0,
2021/1/2 4:16,42162.9511,0,
2021/1/2 16:10,42162.976,0,
2021/1/3 4:34,42162.9993,0,
2021/1/3 16:17,42163.0116,0,
2021/1/4 4:12,42163.0313,0,
2021/1/5 4:13,42163.0705,0,
2021/1/5 16:32,42163.0921,0,
2021/1/6 8:28,42163.1165,0,
2021/1/6 16:39,42163.1322,0,
2021/1/7 5:34,42163.1619,0,
2021/1/7 16:45,42163.1767,0,
2021/1/8 4:49,42163.1941,0,
2021/1/9 6:19,42163.2409,0,
2021/1/10 2:21,42163.2824,0,
2021/1/10 6:29,42163.29,0,
2021/1/10 15:24,42163.3099,0,
2021/1/11 2:35,42163.3306,0,
2021/1/11 15:31,42163.3502,0,
2021/1/12 3:35,42163.3746,0,
2021/1/12 15:38,42163.4035,0,
2021/1/13 4:01,42163.4257,0,
2021/1/13 15:45,42163.4554,0,
2021/1/14 6:09,42163.4755,0,
2021/1/15 3:56,42163.5134,0,
2021/1/16 8:22,42163.5655,0,
2021/1/16 16:06,42163.5829,0,
2021/1/17 7:17,42163.616,0,
2021/1/17 16:13,42163.6334,0,
2021/1/18 4:17,42163.6477,0,
2021/1/19 2:41,42163.6858,0,
2021/1/20 2:48,42163.7309,0,
2021/1/21 2:35,42163.7718,0,
2021/1/22 2:48,42163.8125,0,
2021/1/22 8:42,42163.8237,0,
2021/1/23 3:09,42163.8571,0,
2021/1/24 3:16,42163.9011,0,
2021/1/25 3:23,42163.9375,0,
2021/1/26 3:30,42163.9776,0,
2021/1/26 15:34,42163.9953,0,
2021/1/27 1:54,42164.0129,0,
2021/1/28 2:01,42164.0564,0,
2021/1/29 2:08,42164.092,0,
2021/1/29 7:52,42164.0965,0,
2021/1/30 2:19,42164.1321,0,
2021/1/31 2:22,42164.1707,0,
2021/2/1 2:37,42164.2044,0,
2021/2/2 2:37,42164.2431,0,
2021/2/3 2:44,42164.2806,0,
2021/2/5 2:21,42164.3583,0,
2021/2/5 2:58,42164.358,0,
2021/2/6 2:48,42164.3992,0,
2021/2/7 3:00,42164.4441,0,
2021/2/8 1:36,42164.4839,0,
2021/2/9 3:36,42164.5265,0,
2021/2/10 2:18,42164.5739,0,
2021/2/11 1:57,42164.6139,0,
2021/2/12 0:21,42164.6568,0,
2021/2/13 2:11,42164.6997,0,
2021/2/14 2:18,42164.7387,0,
2021/2/15 2:13,42164.7779,0,
2021/2/17 0:56,42164.8626,0,
2021/2/18 1:03,42164.903,0,
2021/2/19 1:10,42164.9391,0,
2021/2/19 23:34,42164.9705,0,
2021/2/21 1:24,42165.012,0,
2021/2/22 0:35,42165.0549,0,
2021/2/23 1:38,42165.088,0,
2021/2/24 0:02,42165.1169,0,
2021/2/25 0:00,42165.1567,0,
2021/2/25 1:24,42165.16,0,
2021/2/26 0:32,42165.1993,0,
2021/2/26 20:15,42165.215,0,
2021/2/28 0:30,42165.2615,0,
2021/3/1 0:38,42165.2999,0,
2021/3/1 23:01,42165.3406,0,
2021/3/2 0:45,42165.3434,0,
2021/3/2 23:08,42165.3784,0,
2021/3/4 0:59,42165.4182,0,
2021/3/5 5:49,42165.4763,0,
2021/3/7 0:45,42165.5483,0,
2021/3/8 3:42,42165.5954,0,
2021/3/9 23:58,42165.6731,0,
2021/3/12 10:32,42165.7777,0,
2021/3/13 0:19,42165.8029,0,
2021/3/14 0:26,42165.8419,0,
2021/3/15 0:33,42165.8862,0,
2021/3/17 4:47,42165.9736,0,
2021/3/17 23:11,42166.0075,0,
2021/3/19 3:55,42166.0532,0,
2021/3/19 21:42,42166.0804,0,
2021/3/20 9:45,42166.0947,0,
2021/3/20 21:49,42166.1186,0,
2021/3/21 23:39,42166.1601,0,
2021/3/22 23:46,42166.1931,0,
2021/3/24 10:13,42166.2573,0,
2021/3/25 10:20,42166.2913,0,
2021/3/26 22:38,42166.3445,0,
2021/3/27 10:35,42166.3594,0,
2021/3/28 10:42,42166.3958,0,
2021/3/28 22:45,42166.4144,0,
2021/3/29 21:09,42166.455,0,
2021/3/30 9:12,42166.4766,0,
2021/3/30 22:59,42166.4985,0,
2021/3/31 23:06,42166.5414,0,
2021/4/1 9:27,42166.5585,0,
2021/4/1 23:13,42166.58,0,
2021/4/2 9:34,42166.598,0,
2021/4/3 9:41,42166.6423,0,
2021/4/6 22:05,42166.7914,0,
2021/4/7 10:09,42166.8144,0,
2021/4/8 10:16,42166.8705,0,
2021/4/9 8:40,42166.9151,0,
2021/4/10 4:13,42166.9529,0,
2021/4/11 10:37,42167.0073,0,
2021/4/11 20:57,42167.0239,0,
2021/4/14 8:35,42167.1254,0,
2021/4/15 9:22,42167.1795,0,
2021/4/16 0:01,42167.2061,0,
2021/4/16 19:49,42167.2428,0,
2021/4/17 7:53,42167.2549,0,
2021/4/17 21:39,42167.2807,0,
2021/4/18 9:43,42167.2956,0,
2021/4/18 21:46,42167.32,0,
2021/4/19 9:50,42167.3421,0,
2021/4/20 8:50,42167.3833,0,
2021/4/20 9:57,42167.3898,0,
2021/4/20 22:00,42167.4105,0,
2021/4/21 10:04,42167.4304,0,
2021/4/22 8:28,42167.4643,0,
2021/4/22 21:37,42167.4893,0,
2021/4/23 8:35,42167.5056,0,
2021/4/24 8:42,42167.5443,0,
2021/4/25 8:49,42167.5855,0,
2021/4/26 7:13,42167.6284,0,
2021/4/27 9:03,42167.6774,0,
2021/4/27 21:06,42167.7035,0,
2021/4/28 9:10,42167.7257,0,
2021/4/29 9:17,42167.7719,0,
2021/4/29 19:37,42167.7916,0,
2021/4/30 9:24,42167.8216,0,
2021/5/1 9:31,42167.8692,0,
2021/5/1 19:51,42167.8905,0,
2021/5/2 19:58,42167.941,0,
2021/5/3 8:02,42167.9693,0,
2021/5/4 8:09,42168.0147,0,
2021/5/4 20:12,42168.0383,0,
2021/5/5 8:16,42168.061,0,
2021/5/5 20:19,42168.0876,0,
2021/5/6 8:23,42168.1126,0,
2021/5/7 4:36,42168.1555,0,
2021/5/7 6:46,42168.1569,0,
2021/5/7 20:33,42168.1917,0,
2021/5/8 3:56,42168.2063,0,
2021/5/8 18:57,42168.2351,0,
2021/5/8 20:40,42168.2371,0,
2021/5/9 8:44,42168.2651,0,
2021/5/10 8:51,42168.3125,0,
2021/5/10 20:54,42168.3406,0,
2021/5/11 4:18,42168.3585,0,
2021/5/11 19:18,42168.3871,0,
2021/5/12 7:21,42168.4121,0,
2021/5/13 7:29,42168.46,0,
2021/5/13 19:32,42168.4838,0,
2021/5/14 7:36,42168.5029,0,
2021/5/16 7:50,42168.6005,0,
2021/5/17 7:57,42168.651,0,
2021/5/17 20:00,42168.6782,0,
2021/5/18 8:04,42168.6975,0,
2021/5/19 8:11,42168.7443,0,
2021/5/19 20:14,42168.7701,0,
2021/5/20 8:18,42168.7881,0,
2021/5/21 6:41,42168.8352,0,
2021/5/22 6:48,42168.8834,0,
2021/5/22 20:04,42168.912,0,
2021/5/23 6:55,42168.9325,0,
2021/5/24 7:02,42168.9838,0,
2021/5/24 19:06,42169.0068,0,
2021/5/25 7:09,42169.0351,0,
2021/5/25 19:13,42169.0606,0,
2021/5/26 3:15,42169.0763,0,
2021/5/26 17:37,42169.1083,0,
2021/5/27 5:40,42169.1352,0,
2021/5/28 17:51,42169.2168,0,
2021/5/29 5:54,42169.2451,0,
2021/5/30 7:44,42169.3077,0,
2021/5/30 18:05,42169.3357,0,
2021/5/31 6:08,42169.3621,0,
2021/6/1 6:15,42169.4193,0,
2021/6/1 18:19,42169.4496,0,
2021/6/2 6:22,42169.4742,0,
2021/6/3 6:29,42169.5272,0,
2021/6/3 16:49,42169.553,0,
2021/6/4 4:53,42169.5808,0,
2021/6/5 5:00,42169.6386,0,
2021/6/5 17:03,42169.6666,0,
2021/6/6 6:50,42169.6958,0,
2021/6/6 17:10,42169.721,0,
2021/6/7 9:13,42169.7594,0,
2021/6/7 17:17,42169.781,0,
2021/6/8 7:04,42169.8133,0,
2021/6/8 17:24,42169.8385,0,
2021/6/9 5:28,42169.8654,0,
2021/6/9 17:31,42169.8943,0,
2021/6/10 5:35,42169.9215,0,
2021/6/10 17:38,42169.9459,0,
2021/6/11 5:42,42169.9737,0,
2021/6/11 17:45,42170.0012,0,
2021/6/12 7:26,42170.03,0,
2021/6/12 17:52,42170.0528,0,
2021/6/13 4:13,42170.0777,0,
2021/6/13 16:16,42170.1077,0,
2021/6/14 6:03,42170.1416,0,
2021/6/14 18:06,42170.1686,0,
2021/6/15 6:10,42170.1958,0,
2021/6/15 18:13,42170.2241,0,
2021/6/16 6:17,42170.2457,0,
2021/6/16 16:37,42170.2704,0,
2021/6/17 6:24,42170.2984,0,
2021/6/18 4:48,42170.3444,0,
2021/6/19 4:55,42170.4064,0,
2021/6/19 20:09,42170.4423,0,
2021/6/20 5:02,42170.4627,0,
2021/6/21 5:09,42170.5202,0,
2021/6/22 17:19,42170.6116,0,
2021/6/23 3:40,42170.6299,0,
2021/6/23 17:26,42170.6694,0,
2021/6/24 17:33,42170.7345,0,
2021/6/25 3:53,42170.7583,0,
2021/6/25 5:36,42170.7606,0,
2021/6/25 17:40,42170.7936,0,
2021/6/26 5:43,42170.8228,0,
2021/6/26 17:47,42170.8562,0,
2021/6/27 5:50,42170.8893,0,
2021/6/27 17:54,42170.921,0,
2021/6/28 9:16,42170.9602,0,
2021/6/28 16:18,42170.9793,0,
2021/6/29 16:25,42171.0368,0,
2021/6/30 4:28,42171.066,0,
2021/6/30 16:32,42171.0982,0,
2021/7/1 4:35,42171.1344,0,
2021/7/2 4:42,42171.207,0,
2021/7/3 4:49,42171.262,0,
2021/7/3 16:53,42171.2934,0,
2021/7/4 4:56,42171.3248,0,
2021/7/5 5:03,42171.3932,0,
2021/7/5 17:07,42171.4227,0,
2021/7/6 5:10,42171.4544,0,
2021/7/7 17:21,42171.5458,0,
2021/7/8 3:12,42171.5716,0,
2021/7/8 5:24,42171.5764,0,
2021/7/8 15:44,42171.6083,0,
2021/7/9 3:48,42171.6414,0,
2021/7/10 3:55,42171.6978,0,
2021/7/10 15:58,42171.732,0,
2021/7/11 4:02,42171.7592,0,
2021/7/11 16:05,42171.7864,0,
2021/7/12 2:45,42171.8212,0,
2021/7/12 16:12,42171.8529,0,
2021/7/13 4:16,42171.8795,0,
2021/7/14 3:33,42171.9331,0,
2021/7/14 16:26,42171.9642,0,
2021/7/15 4:30,42172.0027,0,
2021/7/16 16:40,42172.1056,0,
2021/7/17 4:44,42172.1249,0,
2021/7/17 20:23,42172.167,0,
2021/7/18 2:59,42172.1838,0,
2021/7/18 15:11,42172.2189,0,
2021/7/19 3:14,42172.2607,0,
2021/7/20 8:06,42172.335,0,
2021/7/21 3:28,42172.3855,0,
2021/7/21 15:32,42172.4158,0,
2021/7/22 8:29,42172.4668,0,
2021/7/22 15:39,42172.4879,0,
2021/7/23 3:42,42172.5238,0,
2021/7/23 15:46,42172.5585,0,
2021/7/24 3:49,42172.5925,0,
2021/7/25 7:46,42172.6825,0,
2021/7/26 8:05,42172.7526,0,
2021/7/27 5:34,42172.8163,0,
2021/7/28 2:34,42172.8816,0,
2021/7/29 2:41,42172.9503,0,
2021/7/30 2:48,42173.0182,0,
2021/7/31 3:45,42173.0881,0,
2021/8/1 2:09,42173.1587,0,
2021/8/2 3:09,42173.2328,0,
2021/8/3 3:16,42173.3009,0,
2021/8/4 3:29,42173.3722,0,
2021/8/4 20:08,42173.4286,0,
2021/8/5 1:46,42173.4457,0,
2021/8/6 3:36,42173.5105,0,
2021/8/7 2:00,42173.5755,0,
2021/8/8 7:32,42173.6588,0,
2021/8/9 3:30,42173.7054,0,
2021/8/10 3:38,42173.7825,0,
2021/8/11 2:28,42173.8417,0,
2021/8/12 2:55,42173.9174,0,
2021/8/13 3:12,42173.9926,0,
2021/8/14 2:49,42174.0602,0,
2021/8/15 3:34,42174.1354,0,
2021/8/16 1:20,42174.2047,0,
2021/8/17 1:39,42174.2863,0,
2021/8/18 1:34,42174.3584,0,
2021/8/18 2:40,42174.3477,0,
2021/8/19 1:40,42174.4302,0,
2021/8/20 1:47,42174.5107,0,
2021/8/21 1:33,42174.5856,0,
2021/8/22 2:01,42174.67,0,
2021/8/23 2:08,42174.7472,0,
2021/8/24 2:15,42174.8291,0,
2021/8/25 2:22,42174.9073,0,
2021/8/26 2:29,42174.9831,0,
2021/8/26 9:41,42175.0044,0,
2021/8/27 0:53,42175.0568,0,
2021/8/28 1:00,42175.1385,0,
2021/8/29 1:07,42175.2167,0,
2021/8/30 4:59,42175.3099,0,
2021/8/30 11:34,42175.33,0,
2021/8/31 1:55,42175.3786,0,
2021/8/31 6:43,42175.392,0,
2021/9/1 1:28,42175.4554,0,
2021/9/2 1:34,42175.5345,0,
2021/9/3 1:41,42175.6136,0,
2021/9/5 1:55,42175.7699,0,
2021/9/6 0:19,42175.8361,0,
2021/9/7 5:50,42175.932,0,
2021/9/8 5:46,42176.0103,0,
2021/9/9 4:59,42176.0869,0,
2021/9/9 11:00,42176.1048,0,
2021/9/10 0:47,42176.1522,0,
2021/9/11 5:09,42176.2502,0,
2021/9/11 11:14,42176.2712,0,
2021/9/12 0:24,42176.3136,0,
2021/9/12 11:21,42176.3548,0,
2021/9/13 4:35,42176.4162,0,
2021/9/13 11:28,42176.4423,0,
2021/9/14 4:42,42176.5021,0,
2021/9/15 4:54,42176.5882,0,
2021/9/15 23:45,42176.6552,0,
2021/9/16 23:52,42176.7461,0,
2021/9/17 23:59,42176.8314,0,
2021/9/19 0:06,42176.9178,0,
2021/9/19 10:26,42176.9585,0,
2021/9/20 3:36,42177.0211,0,
2021/9/21 0:20,42177.0974,0,
2021/9/22 0:27,42177.1914,0,
2021/9/22 10:47,42177.2261,0,
2021/9/23 0:34,42177.2766,0,
2021/9/23 10:54,42177.3168,0,
2021/9/24 0:40,42177.3706,0,
2021/9/24 11:01,42177.4102,0,
2021/9/25 11:08,42177.4974,0,
2021/9/26 11:15,42177.5866,0,
2021/9/27 11:22,42177.6669,0,
2021/9/28 5:49,42177.7418,0,
2021/9/28 23:32,42177.8086,0,
2021/9/29 9:52,42177.8481,0,
2021/9/30 23:46,42177.9887,0,
2021/10/2 10:13,42178.1135,0,
2021/10/3 0:00,42178.1665,0,
2021/10/3 10:20,42178.1954,0,
2021/10/4 10:27,42178.2849,0,
2021/10/4 22:30,42178.3326,0,
2021/10/5 10:34,42178.3817,0,
2021/10/5 22:37,42178.4221,0,
2021/10/6 11:15,42178.4578,0,
2021/10/7 9:45,42178.5526,0,
2021/10/7 10:47,42178.5518,0,
2021/10/8 10:54,42178.6466,0,
2021/10/9 0:03,42178.6918,0,
2021/10/9 11:33,42178.7414,0,
2021/10/10 9:25,42178.8278,0,
2021/10/10 11:08,42178.8357,0,
2021/10/11 11:15,42178.9294,0,
2021/10/12 0:11,42178.9796,0,
2021/10/12 9:45,42179.0192,0,
2021/10/12 23:25,42179.075,0,
2021/10/13 11:29,42179.121,0,
2021/10/14 11:36,42179.2204,0,
2021/10/14 23:39,42179.2714,0,
2021/10/15 22:03,42179.3632,0,
2021/10/16 10:06,42179.4159,0,
2021/10/17 3:42,42179.4844,0,
2021/10/17 10:13,42179.5122,0,
2021/10/18 9:59,42179.6056,0,
2021/10/18 10:20,42179.6129,0,
2021/10/19 8:43,42179.7018,0,
2021/10/19 10:27,42179.7077,0,
2021/10/20 8:51,42179.8051,0,
2021/10/20 10:34,42179.8113,0,
2021/10/21 9:23,42179.9064,0,
2021/10/21 10:41,42179.9114,0,
2021/10/22 9:39,42180.0043,0,
2021/10/22 10:48,42180.0071,0,
2021/10/22 22:51,42180.0596,0,
2021/10/23 10:55,42180.1118,0,
2021/10/24 11:01,42180.2142,0,
2021/10/25 11:08,42180.3124,0,
2021/10/25 21:28,42180.3539,0,
2021/10/26 21:35,42180.4564,0,
2021/10/27 21:18,42180.5484,0,
2021/10/28 21:17,42180.6486,0,
2021/10/28 22:17,42180.6533,0,
2021/10/29 9:53,42180.701,0,
2021/10/29 21:56,42180.7499,0,
2021/10/30 9:59,42180.7981,0,
2021/10/31 10:06,42180.8874,0,
2021/10/31 22:10,42180.9446,0,
2021/11/1 10:13,42180.9962,0,
2021/11/2 10:20,42181.097,0,
2021/11/3 8:44,42181.1828,0,
2021/11/4 8:51,42181.2853,0,
2021/11/4 10:34,42181.2923,0,
2021/11/5 1:25,42181.3579,0,
2021/11/5 10:08,42181.3947,0,
2021/11/5 21:01,42181.4452,0,
2021/11/6 9:04,42181.494,0,
2021/11/7 9:11,42181.6038,0,
2021/11/7 21:15,42181.6557,0,
2021/11/8 9:18,42181.7073,0,
2021/11/9 9:25,42181.8111,0,
2021/11/9 19:45,42181.8588,0,
2021/11/10 9:32,42181.9166,0,
2021/11/10 19:52,42181.9638,0,
2021/11/10 21:35,42181.9761,0,
2021/11/11 9:39,42182.0258,0,
2021/11/12 8:02,42182.1268,0,
2021/11/13 2:11,42182.2102,0,
2021/11/13 9:52,42182.2424,0,
2021/11/13 21:56,42182.2991,0,
2021/11/14 20:20,42182.4038,0,
2021/11/15 10:06,42182.4627,0,
2021/11/16 8:30,42182.5655,0,
2021/11/17 8:37,42182.6769,0,
2021/11/17 20:40,42182.7302,0,
2021/11/18 8:43,42182.7849,0,
2021/11/19 8:50,42182.8944,0,
2021/11/19 19:11,42182.9421,0,
2021/11/19 20:54,42182.9491,0,
2021/11/20 8:57,42183.0018,0,
2021/11/20 21:01,42183.0574,0,
2021/11/21 9:04,42183.1096,0,
2021/11/21 21:08,42183.166,0,
2021/11/22 9:11,42183.223,0,
2021/11/23 9:18,42183.335,0,
2021/11/23 19:38,42183.3804,0,
2021/11/23 21:21,42183.3872,0,
2021/11/24 9:25,42183.4349,0,
2021/11/25 9:32,42183.5407,0,
2021/11/26 3:08,42183.6165,0,
2021/11/26 11:04,42183.6529,0,
2021/11/27 10:31,42183.7554,0,
2021/11/28 5:27,42183.841,0,
2021/11/28 11:30,42183.8704,0,
2021/11/29 11:44,42183.976,0,
2021/11/30 7:38,42184.063,0,
2021/11/30 11:38,42184.0809,0,
2021/12/1 10:42,42184.1828,0,
2021/12/2 9:50,42184.2903,0,
2021/12/3 6:23,42184.3902,0,
2021/12/3 10:36,42184.4076,0,
2021/12/4 20:53,42184.564,0,
2021/12/5 8:57,42184.6223,0,
2021/12/6 9:04,42184.7301,0,
2021/12/6 10:38,42184.7368,0,
2021/12/7 19:31,42184.8943,0,
2021/12/8 8:10,42184.9547,0,
2021/12/9 10:24,42185.0812,0,
2021/12/10 7:48,42185.1786,0,
2021/12/11 7:54,42185.2917,0,
2021/12/12 9:56,42185.4158,0,
2021/12/12 18:22,42185.4545,0,
2021/12/13 11:01,42185.5354,0,
2021/12/13 18:28,42185.5719,0,
2021/12/14 11:12,42185.6516,0,
2021/12/14 18:35,42185.6886,0,
2021/12/15 8:22,42185.7529,0,
2021/12/15 18:42,42185.7984,0,
2021/12/16 10:06,42185.8697,0,
2021/12/17 4:45,42185.9589,0,
2021/12/17 18:56,42186.0257,0,
2021/12/18 6:59,42186.0858,0,
2021/12/19 7:06,42186.197,0,
2021/12/20 7:13,42186.3084,0,
2021/12/20 17:33,42186.3522,0,
2021/12/21 6:52,42186.4159,0,
2021/12/21 17:40,42186.474,0,
2021/12/21 19:23,42186.4805,0,
2021/12/22 7:26,42186.5304,0,
2021/12/22 17:47,42186.577,0,
2021/12/23 7:33,42186.6357,0,
2021/12/23 17:53,42186.6812,0,
2021/12/24 3:34,42186.7244,0,
2021/12/24 7:40,42186.7398,0,
2021/12/24 19:43,42186.7985,0,
2021/12/25 9:44,42186.8642,0,
2021/12/26 6:10,42186.9515,0,
2021/12/26 19:57,42187.0191,0,
2021/12/28 6:43,42187.1713,0,
2021/12/28 18:27,42187.2246,0,
2021/12/29 18:34,42187.3403,0,
2021/12/30 9:16,42187.4006,0,
2021/12/31 9:53,42187.5121,0,
2021/12/31 17:05,42187.5474,0,
2021/12/31 18:48,42187.5561,0,
2022/1/2 7:25,42187.7304,0,
2022/1/2 17:18,42187.7801,0,
2022/1/3 5:22,42187.8338,0,
2022/1/4 9:25,42187.9561,0,
2022/1/5 6:20,42188.0592,0,
2022/1/6 6:34,42188.1762,0,
2022/1/6 19:29,42188.2349,0,
2022/1/6 23:42,42188.2574,0,
2022/1/7 7:50,42188.2925,0,
2022/1/7 17:52,42188.3402,0,
2022/1/8 7:31,42188.4014,0,
2022/1/8 17:59,42188.4514,0,
2022/1/9 6:02,42188.5095,0,
2022/1/10 10:05,42188.6327,0,
2022/1/11 10:58,42188.7481,0,
2022/1/12 9:04,42188.8475,0,
2022/1/13 8:46,42188.9637,0,
2022/1/13 18:33,42189.0075,0,
2022/1/14 8:20,42189.0676,0,
2022/1/15 9:03,42189.1793,0,
2022/1/16 5:08,42189.2703,0,
2022/1/16 8:29,42189.2818,0,
2022/1/17 7:25,42189.3842,0,
2022/1/18 9:03,42189.494,0,
2022/1/19 5:27,42189.5813,0,
2022/1/20 5:34,42189.6802,0,
2022/1/21 5:08,42189.7868,0,
2022/1/21 7:40,42189.7978,0,
2022/1/22 5:50,42189.8902,0,
2022/1/23 6:07,42189.9904,0,
2022/1/24 7:08,42190.0847,0,
2022/1/25 6:08,42190.1897,0,
2022/1/25 8:22,42190.2024,0,
2022/1/27 8:33,42190.4076,0,
2022/1/28 6:28,42190.5033,0,
2022/1/29 8:16,42190.6092,0,
2022/1/30 6:21,42190.7066,0,
2022/1/30 9:24,42190.7198,0,
2022/1/31 5:05,42190.8035,0,
2022/2/1 5:12,42190.9043,0,
2022/2/2 5:19,42191.0048,0,
2022/2/3 5:25,42191.1104,0,
2022/2/4 5:32,42191.2126,0,
2022/2/5 3:56,42191.3097,0,
2022/2/6 8:04,42191.4217,0,
2022/2/7 10:09,42191.5259,0,
2022/2/8 5:59,42191.6099,0,
2022/2/9 8:17,42191.7168,0,
2022/2/10 4:29,42191.8008,0,
2022/2/10 12:57,42191.8297,0,
2022/2/11 6:04,42191.8977,0,
2022/2/12 7:50,42191.9985,0,
2022/2/13 5:04,42192.0833,0,
2022/2/14 3:59,42192.1709,0,
2022/2/14 12:36,42192.2029,0,
2022/2/15 4:15,42192.2568,0,
2022/2/15 7:35,42192.2714,0,
2022/2/16 6:34,42192.3548,0,
2022/2/17 6:34,42192.4379,0,
2022/2/18 9:30,42192.5334,0,
2022/2/19 6:29,42192.612,0,
2022/2/19 12:54,42192.6342,0,
2022/2/20 5:37,42192.6881,0,
2022/2/21 1:43,42192.7617,0,
2022/2/21 4:46,42192.7681,0,
2022/2/23 4:14,42192.9411,0,
2022/2/24 4:20,42193.0259,0,
2022/2/24 14:40,42193.0686,0,
2022/2/25 4:27,42193.1124,0,
2022/2/26 4:33,42193.1905,0,
2022/2/27 7:53,42193.2876,0,
2022/2/28 7:46,42193.3699,0,
2022/3/1 4:54,42193.4426,0,
2022/3/2 3:17,42193.5246,0,
2022/3/2 5:00,42193.5314,0,
2022/3/4 10:36,42193.7052,0,
2022/3/5 3:37,42193.7614,0,
2022/3/6 3:38,42193.8414,0,
2022/3/7 3:57,42193.9251,0,
2022/3/7 11:26,42193.9386,0,
2022/3/7 14:11,42193.9501,0,
2022/3/8 5:40,42193.9944,0,
2022/3/8 11:44,42194.0133,0,
2022/3/9 6:04,42194.0697,0,
2022/3/9 12:06,42194.0882,0,
2022/3/10 6:35,42194.1514,0,
2022/3/10 14:31,42194.1733,0,
2022/3/11 9:17,42194.2295,0,
2022/3/12 6:41,42194.2879,0,
2022/3/12 14:44,42194.3101,0,
2022/3/13 12:46,42194.3747,0,
2022/3/14 6:38,42194.4252,0,
2022/3/15 10:40,42194.4974,0,
2022/3/16 4:58,42194.5463,0,
2022/3/16 6:28,42194.5505,0,
2022/3/17 6:36,42194.6103,0,
2022/3/18 6:24,42194.6684,0,
2022/3/19 6:22,42194.7311,0,
2022/3/19 13:48,42194.7429,0,
2022/3/20 3:34,42194.7746,0,
2022/3/20 13:54,42194.7976,0,
2022/3/21 3:54,42194.8336,0,
2022/3/21 14:01,42194.8566,0,
2022/3/22 3:48,42194.8903,0,
2022/3/22 14:07,42194.9167,0,
2022/3/23 3:54,42194.9493,0,
2022/3/24 4:00,42195.0077,0,
2022/3/24 14:21,42195.0276,0,
2022/3/25 5:26,42195.072,0,
2022/3/25 14:27,42195.0903,0,
2022/3/26 5:27,42195.1237,0,
2022/3/27 2:37,42195.1568,0,
2022/3/27 14:40,42195.1874,0,
2022/3/28 2:18,42195.2231,0,
2022/3/29 2:50,42195.2832,0,
2022/3/29 14:54,42195.3006,0,
2022/3/30 6:55,42195.3506,0,
2022/3/30 15:00,42195.3686,0,
2022/3/31 4:02,42195.3961,0,
2022/3/31 7:18,42195.402,0,
2022/3/31 15:07,42195.4146,0,
2022/4/1 11:56,42195.4469,0,
2022/4/1 15:14,42195.4478,0,
2022/4/2 5:00,42195.4832,0,
2022/4/2 15:20,42195.4994,0,
2022/4/3 15:27,42195.5528,0,
2022/4/4 3:03,42195.5764,0,
2022/4/4 13:51,42195.5975,0,
2022/4/5 4:55,42195.6255,0,
2022/4/6 4:57,42195.6654,0,
2022/4/6 14:03,42195.6812,0,
2022/4/7 2:07,42195.7022,0,
2022/4/7 14:10,42195.7213,0,
2022/4/8 10:55,42195.7533,0,
2022/4/9 2:20,42195.7761,0,
2022/4/9 7:22,42195.7837,0,
2022/4/10 2:27,42195.8148,0,
2022/4/10 14:30,42195.8328,0,
2022/4/11 2:33,42195.8485,0,
2022/4/11 8:46,42195.8558,0,
2022/4/11 14:37,42195.8629,0,
2022/4/12 2:40,42195.8775,0,
2022/4/12 14:43,42195.8881,0,
2022/4/13 2:47,42195.9033,0,
2022/4/13 11:06,42195.9126,0,
2022/4/13 15:10,42195.9165,0,
2022/4/14 11:46,42195.9393,0,
2022/4/15 15:03,42195.9662,0,
2022/4/16 3:06,42195.9822,0,
2022/4/16 15:09,42195.9907,0,
2022/4/17 3:13,42196.0069,0,
2022/4/17 13:06,42196.0187,0,
2022/4/17 15:16,42196.021,0,
2022/4/18 13:40,42196.0429,0,
2022/4/19 13:52,42196.0642,0,
2022/4/20 12:55,42196.0853,0,
2022/4/21 9:22,42196.1027,0,
2022/4/21 14:26,42196.1072,0,
2022/4/22 10:17,42196.1215,0,
2022/4/23 2:09,42196.1387,0,
2022/4/24 2:15,42196.1586,0,
2022/4/24 12:57,42196.1609,0,
2022/4/25 12:27,42196.1797,0,
2022/4/25 13:52,42196.183,0,
2022/4/26 2:28,42196.1923,0,
2022/4/27 10:17,42196.2097,0,
2022/4/28 10:11,42196.2235,0,
2022/4/28 13:15,42196.2243,0,
2022/4/29 10:15,42196.2358,0,
2022/4/30 13:21,42196.249,0,
2022/5/1 9:16,42196.2541,0,
2022/5/2 10:10,42196.2628,0,
2022/5/2 13:28,42196.2642,0,
2022/5/3 1:44,42196.2679,0,
2022/5/3 11:51,42196.2684,0,
2022/5/4 4:15,42196.2721,0,
2022/5/5 13:47,42196.2746,0,
2022/5/6 1:53,42196.2726,0,
2022/5/6 12:10,42196.2743,0,
2022/5/7 2:58,42196.2738,0,
2022/5/7 14:00,42196.2726,0,
2022/5/8 10:55,42196.269,0,
2022/5/8 14:29,42196.2656,0,
2022/5/9 14:52,42196.2541,0,
2022/5/10 10:05,42196.2471,0,
2022/5/10 14:20,42196.2457,0,
2022/5/12 1:31,42196.2277,0,
2022/5/12 10:57,42196.2249,0,
2022/5/12 14:16,42196.2198,0,
2022/5/13 10:55,42196.2089,0,
2022/5/14 10:53,42196.1937,0,
2022/5/15 12:38,42196.178,0,
2022/5/15 14:20,42196.1783,0,
2022/5/16 10:15,42196.1634,0,
2022/5/16 12:40,42196.1606,0,
2022/5/17 8:45,42196.1499,0,
2022/5/17 12:41,42196.1462,0,
2022/5/18 12:47,42196.1269,0,
2022/5/19 9:59,42196.1137,0,
2022/5/20 12:48,42196.0909,0,
2022/5/20 14:34,42196.0934,0,
2022/5/21 13:03,42196.0648,0,
2022/5/21 15:04,42196.0617,0,
2022/5/22 10:41,42196.046,0,
2022/5/22 14:11,42196.0398,0,
2022/5/23 11:06,42196.0224,0,
2022/5/23 14:37,42196.0193,0,
2022/5/25 0:27,42195.9842,0,
2022/5/25 10:07,42195.9738,0,
2022/5/25 12:30,42195.9713,0,
2022/5/26 10:08,42195.9485,0,
2022/5/26 13:18,42195.9443,0,
2022/5/27 13:01,42195.9148,0,
2022/5/28 12:21,42195.8856,0,
2022/5/29 10:04,42195.857,0,
2022/5/29 15:11,42195.8474,0,
2022/5/30 12:03,42195.8134,0,
2022/5/31 14:43,42195.7859,0,
2022/6/1 12:28,42195.7508,0,
2022/6/2 10:03,42195.7143,0,
2022/6/2 12:12,42195.7118,0,
2022/6/3 10:48,42195.6699,0,
2022/6/3 13:28,42195.6635,0,
2022/6/4 11:26,42195.6269,0,
2022/6/4 12:51,42195.6225,0,
2022/6/5 14:47,42195.5702,0,
2022/6/6 9:12,42195.5368,0,
2022/6/6 12:45,42195.527,0,
2022/6/7 10:01,42195.4837,0,
2022/6/8 0:14,42195.4517,0,
2022/6/8 10:59,42195.4326,0,
2022/6/8 12:18,42195.4275,0,
2022/6/9 6:00,42195.386,0,
2022/6/10 10:36,42195.3205,0,
2022/6/10 12:44,42195.3149,0,
2022/6/12 10:21,42195.209,0,
2022/6/12 12:43,42195.206,0,
2022/6/13 0:47,42195.1804,0,
2022/6/13 12:50,42195.1529,0,
2022/6/14 10:27,42195.0995,0,
2022/6/14 13:25,42195.0931,0,
2022/6/15 9:50,42195.047,0,
2022/6/15 14:32,42195.0363,0,
2022/6/18 23:42,42194.8338,0,
2022/6/19 13:36,42194.7942,0,
2022/6/20 11:07,42194.7415,0,
2022/6/21 10:14,42194.6794,0,
2022/6/22 10:21,42194.6204,0,
2022/6/23 11:58,42194.5482,0,
2022/6/24 10:35,42194.4817,0,
2022/6/26 10:17,42194.348,0,
2022/6/27 11:01,42194.2795,0,
2022/6/28 12:29,42194.1888,0,
2022/6/29 12:34,42194.1228,0,
2022/6/30 12:29,42194.0397,0,
2022/7/1 10:58,42193.9644,0,
2022/7/2 10:42,42193.8858,0,
2022/7/2 14:15,42193.874,0,
2022/7/4 10:24,42193.7184,0,
2022/7/5 10:21,42193.6291,0,
2022/7/6 10:28,42193.537,0,
2022/7/7 12:00,42193.4505,0,
2022/7/8 11:16,42193.3601,0,
2022/7/9 14:26,42193.2562,0,
2022/7/11 10:47,42193.0986,0,
2022/7/12 12:26,42192.9956,0,
2022/7/13 10:52,42192.9172,0,
2022/7/14 12:18,42192.8114,0,
2022/7/14 14:05,42192.8038,0,
2022/7/15 10:03,42192.7333,0,
2022/7/16 11:25,42192.6325,0,
2022/7/17 11:17,42192.5424,0,
2022/7/18 8:35,42192.4612,0,
2022/7/19 10:21,42192.3512,0,
2022/7/20 8:41,42192.2655,0,
2022/7/21 10:37,42192.1568,0,
2022/7/23 8:36,42191.9766,0,
2022/7/23 12:17,42191.9575,0,
2022/7/24 14:18,42191.8438,0,
2022/7/25 8:40,42191.7761,0,
2022/7/25 14:01,42191.7514,0,
2022/7/26 10:13,42191.6624,0,
2022/7/26 13:20,42191.6506,0,
2022/7/26 22:34,42191.6026,0,
2022/7/27 12:34,42191.5478,0,
2022/7/28 8:43,42191.4585,0,
2022/7/28 9:59,42191.4535,0,
2022/7/29 11:01,42191.342,0,
2022/7/29 12:37,42191.3369,0,
2022/7/30 9:14,42191.2474,0,
2022/7/30 10:57,42191.2361,0,
2022/7/31 11:37,42191.1149,0,
2022/8/1 9:48,42191.0143,0,
2022/8/2 10:30,42190.8978,0,
2022/8/2 12:09,42190.8897,0,
2022/8/3 8:48,42190.7993,0,
2022/8/3 10:49,42190.7878,0,
2022/8/4 10:27,42190.6693,0,
2022/8/4 12:58,42190.6549,0,
2022/8/5 11:04,42190.5491,0,
2022/8/5 12:18,42190.5415,0,
2022/8/6 10:28,42190.4416,0,
2022/8/7 13:16,42190.3107,0,
2022/8/8 10:47,42190.2105,0,
2022/8/8 12:08,42190.2052,0,
2022/8/9 12:15,42190.0976,0,
2022/8/10 12:06,42189.9825,0,
2022/8/11 8:36,42189.884,0,
2022/8/12 10:16,42189.7619,0,
2022/8/12 12:18,42189.7498,0,
2022/8/13 12:52,42189.6335,0,
2022/8/14 9:44,42189.5328,0,
2022/8/14 13:04,42189.5165,0,
2022/8/15 11:10,42189.4078,0,
2022/8/16 10:32,42189.2995,0,
2022/8/16 12:01,42189.2905,0,
2022/8/17 5:53,42189.2034,0,
2022/8/17 10:07,42189.181,0,
2022/8/18 10:18,42189.0614,0,
2022/8/18 12:43,42189.051,0,
2022/8/19 11:52,42188.9454,0,
2022/8/20 10:31,42188.8273,0,
2022/8/20 12:05,42188.8183,0,
2022/8/21 10:14,42188.7124,0,
2022/8/21 12:01,42188.7032,0,
2022/8/22 10:11,42188.6001,0,
2022/8/22 12:54,42188.5855,0,
2022/8/23 9:40,42188.48,0,
2022/8/23 11:16,42188.4707,0,
2022/8/24 9:36,42188.3584,0,
2022/8/24 11:59,42188.3553,0,
2022/8/25 4:14,42188.2607,0,
2022/8/25 11:57,42188.2186,0,
2022/8/26 11:09,42188.0993,0,
2022/8/27 10:10,42187.9764,0,
2022/8/27 12:30,42187.9649,0,
2022/8/28 11:20,42187.8472,0,
2022/8/29 10:33,42187.722,0,
2022/8/29 19:17,42187.6743,0,
2022/8/30 9:59,42187.5965,0,
2022/8/30 11:26,42187.5887,0,
2022/8/31 9:57,42187.4694,0,
2022/8/31 12:16,42187.4565,0,
2022/9/1 10:29,42187.3414,0,
2022/9/1 11:56,42187.3335,0,
2022/9/2 10:17,42187.2148,0,
2022/9/3 10:18,42187.0865,0,
2022/9/3 11:58,42187.0758,0,
2022/9/4 9:35,42186.9574,0,
2022/9/5 10:28,42186.8353,0,
2022/9/6 8:05,42186.7278,0,
2022/9/7 9:50,42186.5953,0,
2022/9/8 11:02,42186.4583,0,
2022/9/9 11:11,42186.3306,0,
2022/9/10 9:44,42186.2132,0,
2022/9/11 10:43,42186.0807,0,
2022/9/12 9:49,42185.9609,0,
2022/9/12 11:11,42185.9561,0,
2022/9/13 10:24,42185.8357,0,
2022/9/13 19:09,42185.7891,0,
2022/9/14 7:56,42185.7248,0,
2022/9/14 8:55,42185.7217,0,
2022/9/15 10:16,42185.5876,0,
2022/9/15 15:35,42185.5592,0,
2022/9/15 19:21,42185.5354,0,
2022/9/16 11:14,42185.4587,0,
2022/9/17 10:14,42185.3414,0,
2022/9/18 3:21,42185.2536,0,
2022/9/18 4:59,42185.246,0,
2022/9/18 10:55,42185.2109,0,
2022/9/19 9:40,42185.0897,0,
2022/9/19 18:04,42185.0456,0,
2022/9/20 4:19,42184.9953,0,
2022/9/20 10:44,42184.9589,0,
2022/9/20 18:10,42184.919,0,
2022/9/21 18:16,42184.7874,0,
2022/9/22 10:52,42184.6964,0,
2022/9/22 10:52,42184.6964,0,
2022/9/23 11:01,42184.5693,0,
2022/9/24 9:29,42184.4461,0,
2022/9/24 15:45,42184.413,0,
2022/9/24 15:45,42184.413,0,
2022/9/25 3:37,42184.3487,0,
2022/9/25 3:37,42184.3487,0,
2022/9/25 10:48,42184.3074,0,
2022/9/25 10:48,42184.3074,0,
2022/9/26 4:16,42184.2117,0,
2022/9/26 4:16,42184.2117,0,
2022/9/26 10:49,42184.178,0,
2022/9/26 10:49,42184.178,0,
2022/9/26 18:47,42184.1275,0,
2022/9/26 18:47,42184.1275,0,
2022/9/27 5:49,42184.0706,0,
2022/9/27 5:49,42184.0706,0,
2022/9/27 10:55,42184.0442,0,
2022/9/27 10:55,42184.0442,0,
2022/9/27 18:53,42184.001,0,
2022/9/27 18:53,42184.001,0,
2022/9/28 15:04,42183.8968,0,
2022/9/28 15:04,42183.8968,0,
2022/9/29 8:56,42183.7958,0,
2022/9/29 8:56,42183.7958,0,
2022/9/29 19:06,42183.7394,0,
2022/9/30 9:16,42183.6647,0,
2022/9/30 14:44,42183.6361,0,
2022/10/1 9:31,42183.5362,0,
2022/10/1 14:56,42183.505,0,
2022/10/2 8:58,42183.4164,0,
2022/10/3 7:48,42183.2873,0,
2022/10/3 17:48,42183.2373,0,
2022/10/4 8:46,42183.1556,0,
2022/10/5 8:37,42183.0352,0,
2022/10/5 8:37,42183.0352,0,
2022/10/6 9:24,42182.9045,0,
2022/10/6 9:24,42182.9045,0,
2022/10/6 18:07,42182.8556,0,
2022/10/6 18:07,42182.8556,0,
2022/10/7 15:45,42182.7563,0,
2022/10/8 9:12,42182.6553,0,
2022/10/8 18:19,42182.6064,0,
2022/10/9 9:40,42182.5239,0,
2022/10/9 14:56,42182.497,0,
2022/10/10 8:20,42182.4142,0,
2022/10/10 18:32,42182.3572,0,
2022/10/11 13:16,42182.2607,0,
2022/10/11 14:24,42182.2528,0,
2022/10/12 9:37,42182.1585,0,
2022/10/13 5:54,42182.0553,0,
2022/10/13 8:57,42182.0407,0,
2022/10/13 18:50,42181.9913,0,
2022/10/14 9:04,42181.9172,0,
2022/10/14 18:56,42181.8636,0,
2022/10/15 9:26,42181.792,0,
2022/10/16 8:10,42181.6739,0,
2022/10/17 9:21,42181.5409,0,
2022/10/17 15:17,42181.5083,0,
2022/10/17 19:15,42181.4907,0,
2022/10/18 8:06,42181.4284,0,
2022/10/18 14:31,42181.3933,0,
2022/10/18 14:31,42181.3933,0,
2022/10/19 3:54,42181.3212,0,
2022/10/19 3:54,42181.3212,0,
2022/10/19 16:49,42181.2578,0,
2022/10/20 8:58,42181.1699,0,
2022/10/20 17:50,42181.1186,0,
2022/10/21 17:13,42181.0016,0,
2022/10/22 7:55,42180.9244,0,
2022/10/22 18:03,42180.8694,0,
2022/10/23 9:29,42180.7863,0,
2022/10/23 16:26,42180.7513,0,
2022/10/24 9:01,42180.6603,0,
2022/10/24 14:48,42180.6289,0,
2022/10/24 18:15,42180.6107,0,
2022/10/25 8:30,42180.5391,0,
2022/10/26 8:54,42180.4115,0,
2022/10/26 18:27,42180.3581,0,
2022/10/27 6:48,42180.2981,0,
2022/10/27 15:32,42180.2588,0,
2022/10/28 8:35,42180.1654,0,
2022/10/28 15:08,42180.1309,0,
2022/10/28 18:40,42180.1107,0,
2022/10/29 9:05,42180.036,0,
2022/10/29 16:59,42179.9917,0,
2022/10/30 3:01,42179.9451,0,
2022/10/30 15:04,42179.8856,0,
2022/10/31 9:21,42179.7953,0,
2022/10/31 17:15,42179.7563,0,
2022/10/31 17:15,42179.7563,0,
2022/11/1 7:16,42179.6887,0,
2022/11/1 7:16,42179.6887,0,
2022/11/1 14:53,42179.6485,0,
2022/11/1 14:53,42179.6485,0,
2022/11/2 8:44,42179.5644,0,
2022/11/2 8:44,42179.5644,0,
2022/11/2 15:34,42179.5268,0,
2022/11/2 15:34,42179.5268,0,
2022/11/3 4:30,42179.4631,0,
2022/11/3 4:30,42179.4631,0,
2022/11/3 8:25,42179.4437,0,
2022/11/3 8:25,42179.4437,0,
2022/11/3 15:50,42179.4075,0,
2022/11/3 15:50,42179.4075,0,
2022/11/4 3:53,42179.3477,0,
2022/11/4 3:53,42179.3477,0,
2022/11/4 15:56,42179.2874,0,
2022/11/4 15:56,42179.2874,0,
2022/11/5 5:36,42179.217,0,
2022/11/5 5:36,42179.217,0,
2022/11/5 14:29,42179.1847,0,
2022/11/6 7:00,42179.0899,0,
2022/11/7 6:32,42178.9737,0,
2022/11/7 17:58,42178.9246,0,
2022/11/8 8:07,42178.8601,0,
2022/11/8 18:04,42178.8093,0,
2022/11/9 6:22,42178.7487,0,
2022/11/9 18:10,42178.6977,0,
2022/11/10 6:48,42178.6345,0,
2022/11/10 16:33,42178.5829,0,
2022/11/11 8:39,42178.5021,0,
2022/11/11 15:51,42178.471,0,
2022/11/12 4:41,42178.416,0,
2022/11/12 14:02,42178.3677,0,
2022/11/13 4:58,42178.3018,0,
2022/11/13 16:52,42178.2392,0,
2022/11/14 7:17,42178.1671,0,
2022/11/15 7:11,42178.0526,0,
2022/11/15 17:04,42178.0019,0,
2022/11/16 8:28,42177.9258,0,
2022/11/16 17:10,42177.8804,0,
2022/11/17 6:40,42177.8175,0,
2022/11/17 17:16,42177.7656,0,
2022/11/18 12:05,42177.6585,0,
2022/11/18 12:05,42177.6585,0,
2022/11/18 14:40,42177.6545,0,
2022/11/18 14:40,42177.6545,0,
2022/11/19 6:30,42177.5833,0,
2022/11/23 11:52,42177.089,0,
2022/11/23 13:38,42177.0783,0,
2022/11/24 6:46,42176.9919,0,
2022/11/24 6:46,42176.9919,0,
2022/11/24 14:32,42176.9543,0,
2022/11/25 13:11,42176.853,0,
2022/11/25 16:21,42176.8356,0,
2022/11/26 6:39,42176.7672,0,
2022/11/26 15:03,42176.7293,0,
2022/11/27 7:31,42176.6471,0,
2022/11/27 16:34,42176.607,0,
2022/11/29 6:44,42176.426,0,
2022/11/29 16:46,42176.3834,0,
2022/11/30 16:52,42176.2754,0,
2022/12/1 15:30,42176.171,0,
2022/12/2 3:18,42176.1214,0,
2022/12/2 6:26,42176.1057,0,
2022/12/2 15:20,42176.0628,0,
2022/12/3 13:22,42175.9668,0,
2022/12/4 13:43,42175.8549,0,
2022/12/4 15:41,42175.8355,0,
2022/12/4 15:41,42175.8355,0,
2022/12/5 13:33,42175.7416,0,
2022/12/5 15:39,42175.7357,0,
2022/12/6 4:54,42175.6801,0,
2022/12/6 13:59,42175.642,0,
2022/12/6 15:45,42175.6327,0,
2022/12/7 15:51,42175.5225,0,
2022/12/8 15:57,42175.4162,0,
2022/12/9 4:00,42175.3631,0,
2022/12/10 11:05,42175.2206,0,
2022/12/10 16:09,42175.1993,0,
2022/12/11 2:29,42175.1539,0,
2022/12/12 4:42,42175.0425,0,
2022/12/13 4:25,42174.9317,0,
2022/12/14 12:47,42174.7856,0,
2022/12/14 12:47,42174.7856,0,
2022/12/14 14:44,42174.7763,0,
2022/12/15 6:26,42174.7076,0,
2022/12/15 10:42,42174.6882,0,
2022/12/15 16:49,42174.6532,0,
2022/12/16 6:51,42174.585,0,
2022/12/16 15:02,42174.546,0,
2022/12/17 3:05,42174.4975,0,
2022/12/17 15:08,42174.4364,0,
2022/12/18 13:31,42174.3404,0,
2022/12/18 15:14,42174.332,0,
2022/12/19 16:17,42174.2243,0,
2022/12/20 3:23,42174.1758,0,
2022/12/21 3:30,42174.065,0,
2022/12/22 3:36,42173.9573,0,
2022/12/22 13:55,42173.9093,0,
2022/12/23 6:38,42173.8355,0,
2022/12/23 15:44,42173.7909,0,
2022/12/24 3:48,42173.7433,0,
2022/12/24 14:07,42173.7015,0,
2022/12/24 14:07,42173.7015,0,
2022/12/25 2:10,42173.6471,0,
2022/12/25 2:10,42173.6471,0,
2022/12/25 14:13,42173.5954,0,
2022/12/26 1:08,42173.5433,0,
2022/12/26 12:36,42173.4948,0,
2022/12/26 14:19,42173.4861,0,
2022/12/27 0:39,42173.4457,0,
2022/12/27 14:25,42173.3907,0,
2022/12/28 14:31,42173.2816,0,
2022/12/29 2:34,42173.2263,0,
2022/12/30 2:40,42173.1262,0,
2022/12/30 14:43,42173.0735,0,
2022/12/31 9:31,42172.9963,0,
2022/12/31 14:49,42172.9767,0,
2023/1/1 2:52,42172.9257,0,
2023/1/1 14:55,42172.8777,0,
2023/1/2 0:51,42172.837,0,
2023/1/2 2:58,42172.8292,0,
2023/1/2 15:01,42172.7795,0,
2023/1/4 13:30,42172.5818,0,
2023/1/5 1:33,42172.5381,0,
2023/1/6 11:59,42172.3959,0,
2023/1/6 13:42,42172.3874,0,
2023/1/6 13:42,42172.3874,0,
2023/1/7 1:45,42172.3339,0,
2023/1/7 1:45,42172.3339,0,
2023/1/7 13:48,42172.2831,0,
2023/1/7 13:48,42172.2831,0,
2023/1/8 6:39,42172.2161,0,
2023/1/8 6:39,42172.2161,0,
2023/1/8 12:11,42172.1931,0,
2023/1/8 12:11,42172.1931,0,
2023/1/8 13:54,42172.1844,0,
2023/1/8 13:54,42172.1844,0,
2023/1/9 10:15,42172.1033,0,
2023/1/9 10:15,42172.1033,0,
2023/1/9 13:57,42172.0865,0,
2023/1/9 13:57,42172.0865,0,
2023/1/10 0:38,42172.0388,0,
2023/1/10 0:38,42172.0388,0,
2023/1/10 14:06,42171.9794,0,
2023/1/10 14:06,42171.9794,0,
2023/1/11 10:41,42171.8905,0,
2023/1/11 10:41,42171.8905,0,
2023/1/11 13:00,42171.8823,0,
2023/1/11 13:00,42171.8823,0,
2023/1/12 12:35,42171.7794,0,
2023/1/12 12:35,42171.7794,0,
2023/1/13 2:21,42171.7214,0,
2023/1/13 2:21,42171.7214,0,
2023/1/13 12:07,42171.6762,0,
2023/1/13 12:07,42171.6762,0,
2023/1/13 15:34,42171.6608,0,
2023/1/13 15:34,42171.6608,0,
2023/1/14 14:58,42171.5637,0,
2023/1/14 14:58,42171.5637,0,
2023/1/15 4:48,42171.5034,0,
2023/1/15 4:48,42171.5034,0,
2023/1/15 10:18,42171.4785,0,
2023/1/15 10:18,42171.4785,0,
2023/1/15 15:47,42171.4535,0,
2023/1/15 15:47,42171.4535,0,
2023/1/17 11:21,42171.2738,0,
2023/1/17 13:04,42171.2639,0,
2023/1/18 12:38,42171.1638,0,
2023/1/18 16:05,42171.1506,0,
2023/1/18 16:05,42171.1506,0,
2023/1/19 12:10,42171.0626,0,
2023/1/19 12:10,42171.0626,0,
2023/1/19 15:47,42171.0525,0,
2023/1/19 15:47,42171.0525,0,
2023/1/20 12:27,42170.9644,0,
2023/1/24 6:25,42170.5898,0,
2023/1/25 12:29,42170.4759,0,
2023/1/25 16:09,42170.4591,0,
2023/1/26 15:04,42170.3629,0,
2023/1/27 12:20,42170.2844,0,
2023/1/28 12:39,42170.1862,0,
2023/1/29 12:51,42170.0962,0,
2023/1/30 12:37,42169.9975,0,
2023/1/31 12:43,42169.9005,0,
2023/2/1 11:05,42169.8175,0,
2023/2/1 11:05,42169.8175,0,
2023/2/2 12:18,42169.7221,0,
2023/2/2 12:18,42169.7221,0,
2023/2/3 12:26,42169.6226,0,
2023/2/3 12:26,42169.6226,0,
2023/2/3 13:00,42169.6173,0,
2023/2/3 13:00,42169.6173,0,
2023/2/3 16:02,42169.6052,0,
2023/2/3 16:02,42169.6052,0,
2023/2/4 13:06,42169.5202,0,
2023/2/4 13:06,42169.5202,0,
2023/2/5 11:29,42169.4358,0,
2023/2/5 11:29,42169.4358,0,
2023/2/5 13:12,42169.4271,0,
2023/2/5 13:12,42169.4271,0,
2023/2/6 11:01,42169.3385,0,
2023/2/6 11:01,42169.3385,0,
2023/2/6 14:23,42169.3265,0,
2023/2/6 14:23,42169.3265,0,
2023/2/7 10:32,42169.2536,0,
2023/2/7 10:32,42169.2536,0,
2023/2/8 8:43,42169.1515,0,
2023/2/8 8:43,42169.1515,0,
2023/2/8 11:57,42169.1302,0,
2023/2/8 11:57,42169.1302,0,
2023/2/10 10:14,42168.9381,0,
2023/2/10 10:14,42168.9381,0,
2023/2/11 12:03,42168.84,0,
2023/2/11 12:03,42168.84,0,
2023/2/12 16:25,42168.7253,0,
2023/2/12 16:25,42168.7253,0,
2023/2/13 13:45,42168.6358,0,
2023/2/13 13:45,42168.6358,0,
2023/2/14 10:37,42168.5537,0,
2023/2/14 10:37,42168.5537,0,
2023/2/14 12:21,42168.5461,0,
2023/2/14 12:21,42168.5461,0,
2023/2/15 12:13,42168.4564,0,
2023/2/15 12:13,42168.4564,0,
2023/2/15 12:13,42168.4564,0,
2023/2/16 10:35,42168.3683,0,
2023/2/16 10:35,42168.3683,0,
2023/2/16 11:58,42168.3546,0,
2023/2/16 11:58,42168.3546,0,
2023/2/17 10:43,42168.2536,0,
2023/2/17 10:43,42168.2536,0,
2023/2/19 10:54,42168.0773,0,
2023/2/19 10:54,42168.0773,0,
2023/2/20 8:39,42167.9901,0,
2023/2/21 10:08,42167.8877,0,
2023/2/22 11:24,42167.7888,0,
2023/2/22 11:24,42167.7888,0,
2023/2/23 11:30,42167.6923,0,
2023/2/23 11:30,42167.6923,0,
2023/2/23 12:53,42167.6887,0,
2023/2/23 12:53,42167.6887,0,
2023/2/24 14:48,42167.5919,0,
2023/2/24 14:48,42167.5919,0,
2023/2/25 11:40,42167.5089,0,
2023/2/26 10:03,42167.4237,0,
2023/2/26 10:03,42167.4237,0,
2023/2/26 11:46,42167.4156,0,
2023/2/26 11:46,42167.4156,0,
2023/2/27 10:08,42167.3357,0,
2023/2/27 10:08,42167.3357,0,
2023/2/28 10:14,42167.2448,0,
2023/2/28 10:14,42167.2448,0,
2023/3/1 10:19,42167.1503,0,
2023/3/1 10:19,42167.1503,0,
2023/3/2 10:25,42167.0553,0,
2023/3/2 10:25,42167.0553,0,
2023/3/3 10:31,42166.9625,0,
2023/3/3 10:31,42166.9625,0,
2023/3/4 10:36,42166.8744,0,
2023/3/4 10:36,42166.8744,0,
2023/3/5 10:42,42166.7783,0,
2023/3/5 10:42,42166.7783,0,
2023/3/6 10:48,42166.6827,0,
2023/3/6 10:48,42166.6827,0,
2023/3/7 9:10,42166.5896,0,
2023/3/7 9:10,42166.5896,0,
2023/3/9 11:05,42166.3883,0,
2023/3/9 11:05,42166.3883,0,
2023/3/11 9:33,42166.1996,0,
2023/3/11 9:33,42166.1996,0,
2023/3/11 19:52,42166.1514,0,
2023/3/11 19:52,42166.1514,0,
2023/3/12 10:52,42166.1057,0,
2023/3/12 10:52,42166.1057,0,
2023/3/13 10:41,42166.0098,0,
2023/3/13 10:41,42166.0098,0,
2023/3/14 13:09,42165.8971,0,
2023/3/14 13:09,42165.8971,0,
2023/3/15 10:34,42165.806,0,
2023/3/15 10:34,42165.806,0,
2023/3/15 12:21,42165.8034,0,
2023/3/15 12:21,42165.8034,0,
2023/3/16 13:23,42165.7045,0,
2023/3/16 13:23,42165.7045,0,
2023/3/17 8:55,42165.6265,0,
2023/3/17 8:55,42165.6265,0,
2023/3/17 12:54,42165.6117,0,
2023/3/17 12:54,42165.6117,0,
2023/3/18 12:20,42165.5267,0,
2023/3/18 12:20,42165.5267,0,
2023/3/18 20:31,42165.4945,0,
2023/3/18 20:31,42165.4945,0,
2023/3/19 11:08,42165.4415,0,
2023/3/19 11:08,42165.4415,0,
2023/3/19 12:24,42165.4331,0,
2023/3/19 12:24,42165.4331,0,
2023/3/20 10:45,42165.3465,0,
2023/3/20 10:45,42165.3465,0,
2023/3/21 10:20,42165.2593,0,
2023/3/21 10:20,42165.2593,0,
2023/3/22 19:10,42165.1317,0,
2023/3/23 10:02,42165.0779,0,
2023/3/24 9:42,42164.9876,0,
2023/3/26 12:23,42164.799,0,
2023/3/26 12:23,42164.799,0,
2023/3/26 19:31,42164.7679,0,
2023/3/26 19:31,42164.7679,0,
2023/3/27 12:27,42164.7062,0,
2023/3/27 12:27,42164.7062,0,
2023/3/28 8:49,42164.6313,0,
2023/3/28 8:49,42164.6313,0,
2023/3/28 12:27,42164.6207,0,
2023/3/28 12:27,42164.6207,0,
2023/3/29 7:25,42164.5458,0,
2023/3/29 7:25,42164.5458,0,
2023/3/30 12:39,42164.4379,0,
2023/3/30 12:39,42164.4379,0,
2023/4/1 8:50,42164.2596,0,
2023/4/1 8:50,42164.2596,0,
2023/4/1 10:59,42164.2534,0,
2023/4/1 10:59,42164.2534,0,
2023/4/1 20:04,42164.2206,0,
2023/4/1 20:04,42164.2206,0,
2023/4/2 8:07,42164.1797,0,
2023/4/2 8:07,42164.1797,0,
2023/4/2 20:09,42164.1217,0,
2023/4/3 8:47,42164.0791,0,
2023/4/4 8:59,42163.9835,0,
2023/4/5 9:05,42163.8848,0,
2023/4/5 15:07,42163.8579,0,
2023/4/6 7:22,42163.794,0,
2023/4/6 18:48,42163.7528,0,
2023/4/7 8:47,42163.6911,0,
2023/4/8 8:51,42163.5972,0,
2023/4/9 8:57,42163.5027,0,
2023/4/9 19:04,42163.457,0,
2023/4/10 11:08,42163.399,0,
2023/4/10 14:49,42163.3802,0,
2023/4/11 8:52,42163.3079,0,
2023/4/11 10:54,42163.3076,0,
2023/4/11 19:15,42163.2771,0,
2023/4/12 10:45,42163.2258,0,
2023/4/12 19:38,42163.1846,0,
2023/4/13 19:25,42163.0856,0,
2023/4/15 10:50,42162.9345,0,
2023/4/15 10:50,42162.9345,0,
2023/4/16 10:47,42162.8392,0,
2023/4/16 10:47,42162.8392,0,
2023/4/17 10:44,42162.7493,0,
2023/4/17 10:44,42162.7493,0,
2023/4/17 15:06,42162.7302,0,
2023/4/17 15:06,42162.7302,0,
2023/4/18 7:49,42162.6677,0,
2023/4/18 7:49,42162.6677,0,
2023/4/18 19:52,42162.6257,0,
2023/4/18 19:52,42162.6257,0,
2023/4/19 6:12,42162.5887,0,
2023/4/19 6:12,42162.5887,0,
2023/4/19 19:57,42162.5385,0,
2023/4/19 19:57,42162.5385,0,
2023/4/20 15:05,42162.46,0,
2023/4/20 15:05,42162.46,0,
2023/4/21 9:04,42162.3891,0,
2023/4/21 9:04,42162.3891,0,
2023/4/21 18:36,42162.3501,0,
2023/4/21 18:36,42162.3501,0,
2023/4/22 14:23,42162.2803,0,
2023/4/22 14:23,42162.2803,0,
2023/4/23 11:10,42162.2038,0,
2023/4/23 11:10,42162.2038,0,
2023/4/23 14:30,42162.1895,0,
2023/4/23 14:30,42162.1895,0,
2023/4/24 8:57,42162.1242,0,
2023/4/24 8:57,42162.1242,0,
2023/4/25 9:03,42162.0359,0,
2023/4/25 9:03,42162.0359,0,
2023/4/25 18:22,42161.9967,0,
2023/4/26 18:51,42161.9033,0,
2023/4/26 18:51,42161.9033,0,
2023/4/27 9:23,42161.8515,0,
2023/4/27 9:23,42161.8515,0,
2023/4/27 18:57,42161.8145,0,
2023/4/27 18:57,42161.8145,0,
2023/4/28 9:04,42161.7623,0,
2023/4/28 9:04,42161.7623,0,
2023/4/29 9:01,42161.6617,0,
2023/4/29 19:07,42161.6219,0,
2023/4/30 9:00,42161.5676,0,
2023/5/1 8:35,42161.4725,0,
2023/5/1 14:29,42161.4467,0,
2023/5/1 19:17,42161.4271,0,
2023/5/2 19:23,42161.3338,0,
2023/5/2 19:23,42161.3338,0,
2023/5/3 9:06,42161.2825,0,
2023/5/3 9:06,42161.2825,0,
2023/5/3 19:28,42161.2365,0,
2023/5/3 19:28,42161.2365,0,
2023/5/4 9:26,42161.183,0,
2023/5/4 9:26,42161.183,0,
2023/5/5 16:12,42161.0583,0,
2023/5/5 16:12,42161.0583,0,
2023/5/6 4:14,42161.012,0,
2023/5/6 4:14,42161.012,0,
2023/5/6 18:00,42160.9481,0,
2023/5/6 18:00,42160.9481,0,
2023/5/8 7:04,42160.8013,0,
2023/5/8 7:04,42160.8013,0,
2023/5/8 18:10,42160.7632,0,
2023/5/8 18:10,42160.7632,0,
2023/5/9 17:05,42160.6681,0,
2023/5/9 17:05,42160.6681,0,
2023/5/10 15:14,42160.5818,0,
2023/5/10 15:14,42160.5818,0,
2023/5/11 6:38,42160.5255,0,
2023/5/11 6:38,42160.5255,0,
2023/5/11 18:27,42160.4767,0,
2023/5/11 18:27,42160.4767,0,
2023/5/12 18:32,42160.3826,0,
2023/5/13 6:34,42160.3346,0,
2023/5/14 6:40,42160.2388,0,
2023/5/14 6:40,42160.2388,0,
2023/5/14 15:14,42160.2057,0,
2023/5/14 15:14,42160.2057,0,
2023/5/15 5:01,42160.1519,0,
2023/5/15 5:01,42160.1519,0,
2023/5/15 14:50,42160.1115,0,
2023/5/15 14:50,42160.1115,0,
2023/5/16 5:20,42160.0527,0,
2023/5/16 5:20,42160.0527,0,
2023/5/17 5:12,42159.9638,0,
2023/5/17 5:12,42159.9638,0,
2023/5/18 6:21,42159.8666,0,
2023/5/18 6:21,42159.8666,0,
2023/5/19 17:25,42159.7301,0,
2023/5/19 17:25,42159.7301,0,
2023/5/20 17:30,42159.6379,0,
2023/5/20 17:30,42159.6379,0,
2023/5/21 5:32,42159.5925,0,
2023/5/21 5:32,42159.5925,0,
2023/5/21 17:35,42159.5502,0,
2023/5/21 17:35,42159.5502,0,
2023/5/22 17:40,42159.4563,0,
2023/5/22 17:40,42159.4563,0,
2023/5/23 15:20,42159.3705,0,
2023/5/23 15:20,42159.3705,0,
2023/5/24 3:04,42159.3266,0,
2023/5/24 3:04,42159.3266,0,
2023/5/24 4:05,42159.3268,0,
2023/5/24 4:05,42159.3268,0,
2023/5/25 4:25,42159.2296,0,
2023/5/25 4:25,42159.2296,0,
2023/5/25 16:12,42159.1738,0,
2023/5/25 16:12,42159.1738,0,
2023/5/26 3:24,42159.1276,0,
2023/5/26 3:24,42159.1276,0,
2023/5/26 16:18,42159.0763,0,
2023/5/26 16:18,42159.0763,0,
2023/5/27 4:20,42159.0284,0,
2023/5/27 4:20,42159.0284,0,
2023/5/28 8:56,42158.9101,0,
2023/5/28 8:56,42158.9101,0,
2023/5/29 5:11,42158.8238,0,
2023/5/29 5:11,42158.8238,0,
2023/5/29 16:33,42158.7795,0,
2023/5/29 16:33,42158.7795,0,
2023/5/30 4:35,42158.731,0,
2023/5/30 4:35,42158.731,0,
2023/5/30 14:55,42158.6882,0,
2023/5/30 14:55,42158.6882,0,
2023/5/31 4:40,42158.6274,0,
2023/5/31 4:40,42158.6274,0,
2023/5/31 15:00,42158.5876,0,
2023/5/31 15:00,42158.5876,0,
2023/5/31 16:43,42158.5792,0,
2023/5/31 16:43,42158.5792,0,
2023/6/1 16:48,42158.4774,0,
2023/6/1 16:48,42158.4774,0,
2023/6/2 4:07,42158.4315,0,
2023/6/2 4:07,42158.4315,0,
2023/6/2 16:53,42158.3807,0,
2023/6/2 16:53,42158.3807,0,
2023/6/3 4:56,42158.3275,0,
2023/6/3 4:56,42158.3275,0,
2023/6/3 14:22,42158.2981,0,
2023/6/3 14:22,42158.2981,0,
2023/6/4 5:01,42158.2317,0,
2023/6/4 5:01,42158.2317,0,
2023/6/4 17:04,42158.1753,0,
2023/6/4 17:04,42158.1753,0,
2023/6/5 5:06,42158.1255,0,
2023/6/5 5:06,42158.1255,0,
2023/6/5 14:30,42158.0871,0,
2023/6/5 14:30,42158.0871,0,
2023/6/6 3:28,42158.0296,0,
2023/6/6 3:28,42158.0296,0,
2023/6/6 15:31,42157.9806,0,
2023/6/6 15:31,42157.9806,0,
2023/6/7 3:33,42157.9377,0,
2023/6/7 3:33,42157.9377,0,
2023/6/7 15:20,42157.8889,0,
2023/6/8 3:38,42157.8335,0,
2023/6/8 14:33,42157.7853,0,
2023/6/8 16:58,42157.7743,0,
2023/6/9 3:43,42157.7365,0,
2023/6/9 13:55,42157.69,0,
2023/6/10 11:16,42157.6051,0,
2023/6/10 11:16,42157.6051,0,
2023/6/10 15:51,42157.5799,0,
2023/6/10 15:51,42157.5799,0,
2023/6/11 10:48,42157.5017,0,
2023/6/11 10:48,42157.5017,0,
2023/6/11 12:49,42157.4947,0,
2023/6/11 12:49,42157.4947,0,
2023/6/11 14:49,42157.4846,0,
2023/6/12 3:59,42157.4246,0,
2023/6/12 16:01,42157.3775,0,
2023/6/13 4:04,42157.335,0,
2023/6/13 16:07,42157.2865,0,
2023/6/14 2:26,42157.2416,0,
2023/6/14 16:12,42157.187,0,
2023/6/14 16:12,42157.187,0,
2023/6/15 10:55,42157.1063,0,
2023/6/15 10:55,42157.1063,0,
2023/6/15 16:16,42157.0822,0,
2023/6/15 16:16,42157.0822,0,
2023/6/16 12:29,42157.0018,0,
2023/6/16 12:29,42157.0018,0,
2023/6/16 14:56,42156.9911,0,
2023/6/16 14:56,42156.9911,0,
2023/6/17 10:19,42156.9155,0,
2023/6/17 10:19,42156.9155,0,
2023/6/17 14:43,42156.897,0,
2023/6/18 2:05,42156.8552,0,
2023/6/18 2:05,42156.8552,0,
2023/6/18 14:21,42156.8006,0,
2023/6/18 14:21,42156.8006,0,
2023/6/19 12:21,42156.7115,0,
2023/6/19 12:21,42156.7115,0,
2023/6/19 14:21,42156.6978,0,
2023/6/19 14:21,42156.6978,0,
2023/6/20 12:40,42156.6126,0,
2023/6/20 12:40,42156.6126,0,
2023/6/21 10:22,42156.5168,0,
2023/6/21 10:22,42156.5168,0,
2023/6/21 14:57,42156.4932,0,
2023/6/22 12:42,42156.4024,0,
2023/6/22 12:42,42156.4024,0,
2023/6/24 14:43,42156.1858,0,
2023/6/24 14:43,42156.1858,0,
2023/6/26 15:29,42155.9715,0,
2023/6/29 1:57,42155.7017,0,
2023/7/1 2:08,42155.4971,0,
2023/7/1 2:08,42155.4971,0,
2023/7/3 10:53,42155.2411,0,
2023/7/5 12:44,42155.0138,0,
2023/7/7 14:14,42154.797,0,
2023/7/7 14:14,42154.797,0,
2023/7/10 12:29,42154.4809,0,
2023/7/10 12:29,42154.4809,0,
2023/7/12 13:28,42154.2633,0,
2023/7/12 13:28,42154.2633,0,
2023/7/14 14:51,42154.0447,0,
2023/7/14 14:51,42154.0447,0,
2023/7/17 12:22,42153.7374,0,
2023/7/17 12:22,42153.7374,0,
2023/7/19 13:57,42153.508,0,
2023/7/19 13:57,42153.508,0,
2023/7/21 14:03,42153.2847,0,
2023/7/21 14:03,42153.2847,0,
2023/7/24 9:55,42152.9566,0,
2023/7/24 9:55,42152.9566,0,
2023/7/25 11:36,42152.8356,0,
2023/7/25 11:36,42152.8356,0,
2023/7/26 10:45,42152.7227,0,
2023/7/26 10:45,42152.7227,0,
2023/7/26 15:11,42152.7014,0,
2023/7/26 15:11,42152.7014,0,
2023/7/27 9:33,42152.6118,0,
2023/7/27 9:33,42152.6118,0,
2023/7/27 14:38,42152.5852,0,
2023/7/27 14:38,42152.5852,0,
2023/7/28 13:11,42152.4762,0,
2023/7/28 13:11,42152.4762,0,
2023/7/31 15:18,42152.1188,0,
2023/7/31 15:18,42152.1188,0,
2023/8/3 13:47,42151.7697,0,
2023/8/3 13:47,42151.7697,0,
2023/8/5 14:08,42151.5386,0,
2023/8/5 14:08,42151.5386,0,
2023/8/8 12:09,42151.2019,0,
2023/8/8 12:09,42151.2019,0,
2023/8/10 13:07,42150.9644,0,
2023/8/10 13:07,42150.9644,0,
2023/8/12 14:43,42150.728,0,
2023/8/12 14:43,42150.728,0,
2023/8/15 5:31,42150.4274,0,
2023/8/15 5:31,42150.4274,0,
2023/8/17 11:05,42150.1563,0,
2023/8/17 11:05,42150.1563,0,
2023/8/19 14:30,42149.8863,0,
2023/8/19 14:30,42149.8863,0,
2023/8/22 13:14,42149.5185,0,
2023/8/22 13:14,42149.5185,0,
2023/8/24 14:11,42149.2667,0,
2023/8/24 14:11,42149.2667,0,
2023/8/25 11:13,42149.1581,0,
2023/8/25 11:13,42149.1581,0,
2023/8/26 13:03,42149.0225,0,
2023/8/26 13:03,42149.0225,0,
2023/8/27 11:01,42148.9088,0,
2023/8/27 11:01,42148.9088,0,
2023/8/27 12:55,42148.8993,0,
2023/8/27 12:55,42148.8993,0,
2023/8/28 10:19,42148.7909,0,
2023/8/28 10:19,42148.7909,0,
2023/8/29 12:49,42148.6453,0,
2023/8/29 12:49,42148.6453,0,
2023/8/30 14:20,42148.5103,0,
2023/8/31 13:54,42148.3963,0,
2023/9/1 11:00,42148.2871,0,
2023/9/2 11:57,42148.1568,0,
2023/9/3 5:17,42148.0664,0,
2023/9/3 9:28,42148.0428,0,
2023/9/4 10:08,42147.9182,0,
2023/9/5 11:50,42147.7863,0,
2023/9/6 12:17,42147.6625,0,
2023/9/7 12:51,42147.5371,0,
2023/9/8 12:30,42147.4183,0,
2023/9/9 9:04,42147.3136,0,
2023/9/10 11:32,42147.1744,0,
2023/9/10 12:34,42147.1688,0,
2023/9/11 11:06,42147.0523,0,
2023/9/12 9:20,42146.94,0,
2023/9/12 12:27,42146.9249,0,
2023/9/12 15:08,42146.9086,0,
2023/9/13 12:36,42146.7927,0,
2023/9/14 11:08,42146.6714,0,
2023/9/14 12:17,42146.6653,0,
2023/9/15 5:10,42146.5704,0,
2023/9/15 12:18,42146.5334,0,
2023/9/16 9:46,42146.4275,0,
2023/9/17 9:24,42146.2942,0,
2023/9/18 11:15,42146.1525,0,
2023/9/18 15:00,42146.1324,0,
2023/9/19 11:41,42146.0235,0,
2023/9/20 9:13,42145.9061,0,
2023/9/20 15:36,42145.87,0,
2023/9/20 15:36,42145.87,0,
2023/9/20 19:00,42145.851,0,
2023/9/20 19:00,42145.851,0,
2023/9/21 8:46,42145.7782,0,
2023/9/21 8:46,42145.7782,0,
2023/9/21 19:05,42145.7236,0,
2023/9/21 19:05,42145.7236,0,
2023/9/22 8:50,42145.6493,0,
2023/9/22 8:50,42145.6493,0,
2023/9/22 11:44,42145.6306,0,
2023/9/22 11:44,42145.6306,0,
2023/9/23 11:18,42145.5043,0,
2023/9/23 11:18,42145.5043,0,
2023/9/23 19:14,42145.4592,0,
2023/9/23 19:14,42145.4592,0,
2023/9/24 4:22,42145.4108,0,
2023/9/24 4:22,42145.4108,0,
2023/9/24 15:15,42145.3562,0,
2023/9/24 15:15,42145.3562,0,
2023/9/24 19:19,42145.3335,0,
2023/9/24 19:19,42145.3335,0,
2023/9/25 17:40,42145.2134,0,
2023/9/25 17:40,42145.2134,0,
2023/9/26 11:24,42145.119,0,
2023/9/26 11:24,42145.119,0,
2023/9/27 12:12,42144.9882,0,
2023/9/27 12:12,42144.9882,0,
2023/9/28 6:51,42144.8928,0,
2023/9/28 6:51,42144.8928,0,
2023/9/28 11:41,42144.8656,0,
2023/9/28 11:41,42144.8656,0,
2023/9/28 14:53,42144.8446,0,
2023/9/28 14:53,42144.8446,0,
2023/9/29 11:13,42144.7365,0,
2023/9/29 11:13,42144.7365,0,
2023/9/29 17:59,42144.7007,0,
2023/9/29 17:59,42144.7007,0,
2023/9/30 18:03,42144.5744,0,
2023/9/30 18:03,42144.5744,0,
2023/10/1 7:49,42144.5033,0,
2023/10/1 7:49,42144.5033,0,
2023/10/2 7:53,42144.3781,0,
2023/10/2 7:53,42144.3781,0,
2023/10/3 5:17,42144.2678,0,
2023/10/3 5:17,42144.2678,0,
2023/10/3 10:59,42144.2361,0,
2023/10/3 10:59,42144.2361,0,
2023/10/3 18:17,42144.1953,0,
2023/10/4 11:25,42144.1085,0,
2023/10/4 11:25,42144.1085,0,
2023/10/4 16:38,42144.0788,0,
2023/10/4 16:38,42144.0788,0,
2023/10/5 5:24,42144.0155,0,
2023/10/5 5:24,42144.0155,0,
2023/10/5 8:25,42144.0024,0,
2023/10/5 8:25,42144.0024,0,
2023/10/5 16:43,42143.9567,0,
2023/10/5 16:43,42143.9567,0,
2023/10/6 8:27,42143.882,0,
2023/10/6 8:27,42143.882,0,
2023/10/6 15:11,42143.8489,0,
2023/10/6 15:11,42143.8489,0,
2023/10/7 10:39,42143.7439,0,
2023/10/7 10:39,42143.7439,0,
2023/10/7 13:20,42143.7305,0,
2023/10/7 13:20,42143.7305,0,
2023/10/8 6:37,42143.6386,0,
2023/10/8 6:37,42143.6386,0,
2023/10/8 18:40,42143.572,0,
2023/10/8 18:40,42143.572,0,
2023/10/9 13:29,42143.4779,0,
2023/10/9 13:29,42143.4779,0,
2023/10/9 18:44,42143.4499,0,
2023/10/9 18:44,42143.4499,0,
2023/10/10 7:25,42143.3836,0,
2023/10/10 7:25,42143.3836,0,
2023/10/11 13:38,42143.2212,0,
2023/10/11 13:38,42143.2212,0,
2023/10/12 13:07,42143.0958,0,
2023/10/12 13:07,42143.0958,0,
2023/10/12 18:58,42143.0644,0,
2023/10/12 18:58,42143.0644,0,
2023/10/13 7:00,42142.9997,0,
2023/10/13 7:00,42142.9997,0,
2023/10/13 14:32,42142.96,0,
2023/10/13 14:32,42142.96,0,
2023/10/14 9:15,42142.8617,0,
2023/10/14 9:15,42142.8617,0,
2023/10/15 7:41,42142.7433,0,
2023/10/15 7:41,42142.7433,0,
2023/10/15 17:28,42142.6912,0,
2023/10/15 17:28,42142.6912,0,
2023/10/16 8:12,42142.6137,0,
2023/10/16 8:12,42142.6137,0,
2023/10/16 17:33,42142.5613,0,
2023/10/16 17:33,42142.5613,0,
2023/10/17 17:37,42142.4317,0,
2023/10/17 17:37,42142.4317,0,
2023/10/18 13:55,42142.3146,0,
2023/10/18 13:55,42142.3146,0,
2023/10/18 17:41,42142.2953,0,
2023/10/18 17:41,42142.2953,0,
2023/10/19 13:18,42142.1982,0,
2023/10/19 13:18,42142.1982,0,
2023/10/19 17:46,42142.1738,0,
2023/10/19 17:46,42142.1738,0,
2023/10/20 5:48,42142.1134,0,
2023/10/20 5:48,42142.1134,0,
2023/10/20 17:50,42142.0498,0,
2023/10/20 17:50,42142.0498,0,
2023/10/21 5:53,42141.9868,0,
2023/10/21 5:53,42141.9868,0,
2023/10/22 12:02,42141.8272,0,
2023/10/22 12:02,42141.8272,0,
2023/10/22 17:59,42141.797,0,
2023/10/22 17:59,42141.797,0,
2023/10/23 16:20,42141.6817,0,
2023/10/23 16:20,42141.6817,0,
2023/10/24 8:43,42141.5974,0,
2023/10/24 8:43,42141.5974,0,
2023/10/25 15:24,42141.4328,0,
2023/10/25 15:24,42141.4328,0,
2023/10/26 8:48,42141.3505,0,
2023/10/26 8:48,42141.3505,0,
2023/10/26 14:50,42141.3194,0,
2023/10/26 14:50,42141.3194,0,
2023/10/27 7:40,42141.2335,0,
2023/10/27 7:40,42141.2335,0,
2023/10/27 15:04,42141.1957,0,
2023/10/27 15:04,42141.1957,0,
2023/10/28 4:59,42141.1304,0,
2023/10/28 4:59,42141.1304,0,
2023/10/28 11:18,42141.0952,0,
2023/10/28 11:18,42141.0952,0,
2023/10/28 15:53,42141.0728,0,
2023/10/28 15:53,42141.0728,0,
2023/10/29 7:14,42140.9994,0,
2023/10/29 7:14,42140.9994,0,
2023/10/29 14:42,42140.9591,0,
2023/10/30 11:07,42140.8567,0,
2023/10/31 11:06,42140.7452,0,
2023/10/31 16:56,42140.7161,0,
2023/11/1 13:05,42140.6193,0,
2023/11/1 14:10,42140.614,0,
2023/11/2 10:57,42140.5146,0,
2023/11/2 17:05,42140.4815,0,
2023/11/3 11:44,42140.3906,0,
2023/11/3 17:09,42140.3657,0,
2023/11/4 9:54,42140.2839,0,
2023/11/4 15:30,42140.2556,0,
2023/11/5 12:10,42140.156,0,
2023/11/5 14:44,42140.1423,0,
2023/11/6 2:47,42140.0846,0,
2023/11/6 12:11,42140.0353,0,
2023/11/7 11:46,42139.9197,0,
2023/11/8 15:48,42139.7859,0,
2023/11/9 12:38,42139.6818,0,
2023/11/9 14:09,42139.6756,0,
2023/11/9 14:09,42139.6756,0,
2023/11/10 11:52,42139.5662,0,
2023/11/10 11:52,42139.5662,0,
2023/11/10 15:56,42139.5502,0,
2023/11/10 15:56,42139.5502,0,
2023/11/11 11:13,42139.4511,0,
2023/11/11 11:13,42139.4511,0,
2023/11/11 16:00,42139.4279,0,
2023/11/12 10:58,42139.3381,0,
2023/11/12 16:05,42139.3106,0,
2023/11/12 16:05,42139.3106,0,
2023/11/13 12:22,42139.2121,0,
2023/11/13 12:22,42139.2121,0,
2023/11/13 15:26,42139.2003,0,
2023/11/13 15:26,42139.2003,0,
2023/11/14 6:05,42139.1318,0,
2023/11/14 6:05,42139.1318,0,
2023/11/15 4:19,42139.0276,0,
2023/11/15 4:19,42139.0276,0,
2023/11/15 5:51,42139.0215,0,
2023/11/15 5:51,42139.0215,0,
2023/11/15 14:35,42138.9767,0,
2023/11/15 14:35,42138.9767,0,
2023/11/16 14:39,42138.8611,0,
2023/11/16 14:39,42138.8611,0,
2023/11/17 4:49,42138.79,0,
2023/11/17 4:49,42138.79,0,
2023/11/17 14:43,42138.7424,0,
2023/11/17 14:43,42138.7424,0,
2023/11/18 2:48,42138.6875,0,
2023/11/18 2:48,42138.6875,0,
2023/11/18 14:47,42138.6276,0,
2023/11/18 14:47,42138.6276,0,
2023/11/19 2:50,42138.5792,0,
2023/11/19 2:50,42138.5792,0,
2023/11/19 14:52,42138.5218,0,
2023/11/19 14:52,42138.5218,0,
2023/11/20 2:54,42138.4709,0,
2023/11/20 2:54,42138.4709,0,
2023/11/20 14:56,42138.4132,0,
2023/11/20 14:56,42138.4132,0,
2023/11/21 15:00,42138.2999,0,
2023/11/21 15:00,42138.2999,0,
2023/11/22 1:19,42138.2534,0,
2023/11/22 1:19,42138.2534,0,
2023/11/22 11:29,42138.2042,0,
2023/11/22 11:29,42138.2042,0,
2023/11/22 15:04,42138.1876,0,
2023/11/22 15:04,42138.1876,0,
2023/11/23 4:26,42138.1325,0,
2023/11/23 4:26,42138.1325,0,
2023/11/23 15:09,42138.0846,0,
2023/11/23 15:09,42138.0846,0,
2023/11/24 1:28,42138.046,0,
2023/11/24 1:28,42138.046,0,
2023/11/25 3:15,42137.9346,0,
2023/11/25 3:15,42137.9346,0,
2023/11/25 15:17,42137.8803,0,
2023/11/25 15:17,42137.8803,0,
2023/11/26 2:02,42137.8353,0,
2023/11/26 2:02,42137.8353,0,
2023/11/26 11:37,42137.7905,0,
2023/11/26 11:37,42137.7905,0,
2023/11/27 9:50,42137.7012,0,
2023/11/27 9:50,42137.7012,0,
2023/11/27 13:43,42137.6794,0,
2023/11/28 11:38,42137.5887,0,
2023/11/28 11:38,42137.5887,0,
2023/11/28 13:47,42137.5803,0,
2023/11/28 13:47,42137.5803,0,
2023/11/29 12:08,42137.493,0,
2023/11/29 12:08,42137.493,0,
2023/11/30 13:55,42137.3902,0,
2023/11/30 13:55,42137.3902,0,
2023/12/1 13:59,42137.287,0,
2023/12/1 13:59,42137.287,0,
2023/12/2 0:19,42137.2464,0,
2023/12/2 0:19,42137.2464,0,
2023/12/2 14:04,42137.1859,0,
2023/12/2 14:04,42137.1859,0,
2023/12/3 10:51,42137.1067,0,
2023/12/4 11:54,42137.0037,0,
2023/12/4 15:27,42136.9906,0,
2023/12/5 11:49,42136.9117,0,
2023/12/5 15:49,42136.8901,0,
2023/12/5 15:49,42136.8901,0,
2023/12/6 14:30,42136.7994,0,
2023/12/6 14:30,42136.7994,0,
2023/12/7 2:22,42136.7474,0,
2023/12/7 2:22,42136.7474,0,
2023/12/7 10:58,42136.7132,0,
2023/12/8 13:19,42136.6086,0,
2023/12/8 13:19,42136.6086,0,
2023/12/8 14:36,42136.6018,0,
2023/12/9 3:36,42136.5534,0,
2023/12/9 14:00,42136.5112,0,
2023/12/9 14:00,42136.5112,0,
2023/12/10 14:35,42136.4149,0,
2023/12/10 14:35,42136.4149,0,
2023/12/11 11:06,42136.3368,0,
2023/12/11 11:06,42136.3368,0,
2023/12/11 13:17,42136.332,0,
2023/12/11 13:17,42136.332,0,
2023/12/11 15:00,42136.3334,0,
2023/12/11 15:00,42136.3334,0,
2023/12/12 11:09,42136.2442,0,
2023/12/12 11:09,42136.2442,0,
2023/12/12 14:28,42136.2305,0,
2023/12/12 14:28,42136.2305,0,
2023/12/13 11:10,42136.1454,0,
2023/12/13 11:10,42136.1454,0,
2023/12/13 13:05,42136.1389,0,
2023/12/13 13:05,42136.1389,0,
2023/12/14 11:27,42136.0597,0,
2023/12/14 11:27,42136.0597,0,
2023/12/14 13:10,42136.0522,0,
2023/12/14 23:29,42136.0119,0,
2023/12/15 13:14,42135.9635,0,
2023/12/16 1:34,42135.9181,0,
2023/12/16 16:06,42135.8619,0,
2023/12/17 12:34,42135.79,0,
2023/12/17 15:30,42135.7776,0,
2023/12/18 11:48,42135.7138,0,
2023/12/18 14:03,42135.7024,0,
2023/12/19 11:39,42135.6388,0,
2023/12/19 23:49,42135.5915,0,
2023/12/19 23:49,42135.5915,0,
2023/12/20 10:08,42135.5515,0,
2023/12/20 10:08,42135.5515,0,
2023/12/20 11:51,42135.5445,0,
2023/12/20 11:51,42135.5445,0,
2023/12/21 11:56,42135.4611,0,
2023/12/21 11:56,42135.4611,0,
2023/12/21 13:25,42135.458,0,
2023/12/21 13:25,42135.458,0,
2023/12/22 2:28,42135.4178,0,
2023/12/22 2:28,42135.4178,0,
2023/12/22 10:17,42135.3858,0,
2023/12/22 10:17,42135.3858,0,
2023/12/22 12:52,42135.3747,0,
2023/12/22 12:52,42135.3747,0,
2023/12/23 12:07,42135.3095,0,
2023/12/23 12:07,42135.3095,0,
2023/12/23 14:13,42135.3022,0,
2023/12/23 14:13,42135.3022,0,
2023/12/24 10:25,42135.2403,0,
2023/12/24 10:25,42135.2403,0,
2023/12/24 14:29,42135.2297,0,
2023/12/24 14:29,42135.2297,0,
2023/12/25 7:11,42135.1852,0,
2023/12/25 7:11,42135.1852,0,
2023/12/25 16:11,42135.1539,0,
2023/12/25 16:11,42135.1539,0,
2023/12/26 11:42,42135.0926,0,
2023/12/26 11:42,42135.0926,0,
2023/12/26 14:24,42135.0817,0,
2023/12/26 14:24,42135.0817,0,
2023/12/27 12:07,42135.0226,0,
2023/12/27 12:07,42135.0226,0,
2023/12/27 14:12,42135.0165,0,
2023/12/27 14:12,42135.0165,0,
2023/12/28 10:34,42134.9574,0,
2023/12/28 10:34,42134.9574,0,
2023/12/28 16:14,42134.9401,0,
2023/12/28 16:14,42134.9401,0,
2023/12/29 11:55,42134.8846,0,
2023/12/29 11:55,42134.8846,0,
2023/12/29 14:35,42134.8788,0,
2023/12/29 14:35,42134.8788,0,
2023/12/30 11:57,42134.8164,0,
2023/12/30 11:57,42134.8164,0,
2023/12/30 14:36,42134.8069,0,
2023/12/30 14:36,42134.8069,0,
2023/12/31 12:44,42134.7472,0,
2023/12/31 12:44,42134.7472,0,
2024/1/1 13:09,42134.6759,0,
2024/1/1 13:09,42134.6759,0,
2024/1/2 12:34,42134.6182,0,
2024/1/2 15:06,42134.607,0,
2024/1/3 13:16,42134.5376,0,
2024/1/4 12:44,42134.48,0,
2024/1/5 11:44,42134.4168,0,
2024/1/6 11:55,42134.3541,0,
2024/1/6 11:55,42134.3541,0,
2024/1/6 14:43,42134.3451,0,
2024/1/6 14:43,42134.3451,0,
2024/1/7 9:38,42134.2934,0,
2024/1/7 9:38,42134.2934,0,
2024/1/7 23:23,42134.2592,0,
2024/1/8 9:42,42134.2357,0,
2024/1/8 13:13,42134.2245,0,
2024/1/9 10:45,42134.1747,0,
2024/1/9 13:15,42134.1658,0,
2024/1/10 4:14,42134.133,0,
2024/1/10 9:50,42134.1187,0,
2024/1/11 11:33,42134.0589,0,
2024/1/12 9:58,42134.004,0,
2024/1/13 10:02,42133.9517,0,
2024/1/14 13:07,42133.8929,0,
2024/1/15 11:17,42133.8442,0,
2024/1/16 11:34,42133.7972,0,
2024/1/16 22:16,42133.7712,0,
2024/1/17 12:08,42133.748,0,
2024/1/18 13:43,42133.7015,0,
2024/1/18 15:52,42133.6984,0,
2024/1/19 4:12,42133.68,0,
2024/1/19 14:05,42133.6612,0,
2024/1/19 15:47,42133.6579,0,
2024/1/20 14:24,42133.629,0,
2024/1/21 11:34,42133.5885,0,
2024/1/21 14:34,42133.5834,0,
2024/1/22 9:17,42133.5521,0,
2024/1/23 12:10,42133.5138,0,
2024/1/24 12:16,42133.4841,0,
2024/1/25 14:27,42133.4483,0,
2024/1/26 11:48,42133.4217,0,
2024/1/27 11:41,42133.3878,0,
2024/1/27 14:55,42133.385,0,
2024/1/28 12:01,42133.3596,0,
2024/1/28 15:21,42133.3565,0,
2024/1/29 9:19,42133.3333,0,
2024/1/30 4:12,42133.3064,0,
2024/1/30 11:19,42133.2963,0,
2024/1/31 7:46,42133.2787,0,
2024/1/31 15:17,42133.2714,0,
2024/2/1 12:23,42133.244,0,
2024/2/1 14:22,42133.2418,0,
2024/2/2 7:54,42133.2194,0,
2024/2/3 11:30,42133.192,0,
2024/2/3 15:09,42133.1914,0,
2024/2/4 12:55,42133.1682,0,
2024/2/4 14:54,42133.1657,0,
2024/2/5 13:06,42133.1461,0,
2024/2/5 14:55,42133.1441,0,
2024/2/6 10:16,42133.131,0,
2024/2/6 15:58,42133.1226,0,
2024/2/6 15:58,42133.1226,0,
2024/2/7 13:29,42133.1108,0,
2024/2/7 13:29,42133.1108,0,
2024/2/8 15:14,42133.0893,0,
2024/2/9 13:06,42133.0764,0,
2024/2/10 12:14,42133.0638,0,
2024/2/10 16:09,42133.0607,0,
2024/2/11 10:48,42133.051,0,
2024/2/11 15:55,42133.0482,0,
2024/2/12 10:35,42133.0496,0,
2024/2/13 2:59,42133.0412,0,
2024/2/13 14:40,42133.0372,0,
2024/2/14 6:56,42133.0328,0,
2024/2/14 15:44,42133.0274,0,
2024/2/15 10:45,42133.0291,0,
2024/2/16 8:58,42133.0286,0,
2024/2/16 13:45,42133.0286,0,
2024/2/17 13:45,42133.0247,0,
2024/2/18 8:49,42133.0316,0,
2024/2/19 13:40,42133.0417,0,
2024/2/19 15:26,42133.0409,0,
2024/2/20 12:47,42133.0431,0,
2024/2/21 12:46,42133.0521,0,
2024/2/21 15:38,42133.0526,0,
2024/2/22 12:51,42133.0585,0,
2024/2/22 16:02,42133.0649,0,
2024/2/23 11:55,42133.068,0,
2024/2/24 4:00,42133.0694,0,
2024/2/24 13:37,42133.0773,0,
2024/2/25 12:22,42133.0865,0,
2024/2/26 12:11,42133.0907,0,
2024/2/27 12:05,42133.1066,0,
2024/2/28 4:22,42133.1209,0,
2024/2/28 13:02,42133.1254,0,
2024/2/28 14:21,42133.1265,0,
2024/3/1 6:09,42133.1318,0,
2024/3/2 12:30,42133.1489,0,
2024/3/2 14:59,42133.1508,0,
2024/3/3 11:36,42133.1626,0,
2024/3/3 13:29,42133.166,0,
2024/3/4 7:52,42133.1788,0,
2024/3/4 14:55,42133.1833,0,
2024/3/5 5:31,42133.2001,0,
2024/3/5 8:05,42133.2029,0,
2024/3/6 3:01,42133.2214,0,
2024/3/7 11:25,42133.2521,0,
2024/3/8 4:51,42133.2608,0,
2024/3/9 3:12,42133.284,0,
2024/3/10 3:15,42133.312,0,
2024/3/10 4:58,42133.3151,0,
2024/3/10 15:17,42133.3324,0,
2024/3/11 5:15,42133.3476,0,
2024/3/12 3:22,42133.3744,0,
2024/3/12 7:24,42133.3772,0,
2024/3/13 15:28,42133.4139,0,
2024/3/14 3:30,42133.4301,0,
2024/3/14 5:13,42133.4371,0,
2024/3/15 13:52,42133.4914,0,
2024/3/16 3:37,42133.5208,0,
2024/3/16 13:55,42133.5384,0,
2024/3/17 4:28,42133.558,0,
2024/3/17 13:59,42133.5703,0,
2024/3/18 3:44,42133.6011,0,
2024/3/18 14:02,42133.6181,0,
2024/3/19 5:00,42133.6481,0,
2024/3/19 14:06,42133.6632,0,
2024/3/21 8:30,42133.739,0,
2024/3/21 14:13,42133.7466,0,
2024/3/22 4:25,42133.7751,0,
2024/3/23 5:34,42133.8291,0,
2024/3/23 11:48,42133.8389,0,
2024/3/23 14:20,42133.8476,0,
2024/3/25 4:07,42133.9732,0,
2024/3/25 14:30,42133.9911,0,
2024/3/26 4:07,42133.9732,0,
2024/3/27 14:37,42134.0888,0,
2024/3/28 10:36,42134.1339,0,
2024/3/29 1:00,42134.1616,0,
2024/3/29 14:44,42134.2002,0,
2024/3/30 1:03,42134.2217,0,
2024/4/1 11:05,42134.2942,0,
2024/4/2 4:48,42134.3362,0,
2024/4/3 2:56,42134.3905,0,
2024/4/3 14:58,42134.412,0,
2024/4/4 13:18,42134.4744,0,
2024/4/4 15:01,42134.4778,0,
2024/4/5 10:12,42134.5228,0,
2024/4/5 15:05,42134.5365,0,
2024/4/6 11:27,42134.5889,0,
2024/4/6 15:08,42134.5973,0,
2024/4/7 3:10,42134.632,0,
2024/4/8 1:30,42134.6913,0,
2024/4/8 13:32,42134.7204,0,
2024/4/9 4:08,42134.761,0,
2024/4/9 11:52,42134.7803,0,
2024/4/9 13:35,42134.7864,0,
2024/4/10 6:35,42134.8362,0,
2024/4/10 11:56,42134.8505,0,
2024/4/11 4:10,42134.8975,0,
2024/4/11 7:45,42134.9087,0,
2024/4/11 13:42,42134.9289,0,
2024/4/12 9:32,42134.9868,0,
2024/4/12 13:45,42134.996,0,
2024/4/13 10:14,42135.0643,0,
2024/4/13 12:06,42135.0696,0,
2024/4/13 13:49,42135.0769,0,
2024/4/14 13:52,42135.1513,0,
2024/4/15 12:48,42135.2233,0,
2024/4/15 13:55,42135.2258,0,
2024/4/16 8:42,42135.2845,0,
2024/4/16 12:06,42135.2946,0,
2024/4/17 10:05,42135.3699,0,
2024/4/17 12:19,42135.3741,0,
2024/4/18 6:00,42135.4354,0,
2024/4/18 11:51,42135.4499,0,
2024/4/18 14:05,42135.4575,0,
2024/4/19 11:51,42135.5294,0,
2024/4/20 12:29,42135.6125,0,
2024/4/21 12:32,42135.6956,0,
2024/4/22 10:53,42135.7625,0,
2024/4/22 13:05,42135.772,0,
2024/4/23 10:06,42135.8428,0,
2024/4/23 12:39,42135.8526,0,
2024/4/24 11:00,42135.9234,0,
2024/4/25 0:44,42135.9705,0,
2024/4/25 10:52,42136.0018,0,
2024/4/25 12:46,42136.0091,0,
2024/4/26 11:06,42136.0818,0,
2024/4/26 12:49,42136.09,0,
2024/4/27 0:51,42136.1308,0,
2024/4/27 12:52,42136.1703,0,
2024/4/28 10:23,42136.2461,0,
2024/4/29 14:42,42136.3407,0,
2024/4/30 11:18,42136.4129,0,
2024/5/1 11:21,42136.5044,0,
2024/5/2 5:30,42136.573,0,
2024/5/2 9:41,42136.5864,0,
2024/5/3 11:31,42136.678,0,
2024/5/4 6:05,42136.7409,0,
2024/5/4 11:31,42136.7583,0,
2024/5/6 10:03,42136.9368,0,
2024/5/7 11:05,42137.0376,0,
2024/5/8 9:11,42137.123,0,
2024/5/9 5:55,42137.2075,0,
2024/5/9 11:29,42137.2318,0,
2024/5/10 10:21,42137.3236,0,
2024/5/12 4:23,42137.4941,0,
2024/5/12 11:33,42137.5249,0,
2024/5/13 10:31,42137.6181,0,
2024/5/14 5:18,42137.6987,0,
2024/5/14 9:53,42137.718,0,
2024/5/14 22:40,42137.7728,0,
2024/5/15 21:56,42137.8719,0,
2024/5/16 5:46,42137.9013,0,
2024/5/16 8:47,42137.9097,0,
2024/5/17 10:28,42138.018,0,
2024/5/18 22:32,42138.1753,0,
2024/5/19 11:21,42138.2238,0,
2024/5/20 10:37,42138.3178,0,
2024/5/21 5:44,42138.4001,0,
2024/5/21 10:22,42138.4149,0,
2024/5/22 9:00,42138.5118,0,
2024/5/23 9:05,42138.6134,0,
2024/5/24 9:06,42138.7127,0,
2024/5/24 19:24,42138.7553,0,
2024/5/25 9:09,42138.809,0,
2024/5/26 9:12,42138.9101,0,
2024/5/27 9:15,42139.0139,0,
2024/5/27 19:33,42139.0581,0,
2024/5/27 21:16,42139.0663,0,
2024/5/28 19:36,42139.1589,0,
2024/5/29 9:21,42139.218,0,
2024/5/29 19:39,42139.2644,0,
2024/5/30 9:48,42139.3246,0,
2024/5/30 19:42,42139.3621,0,
2024/5/31 9:27,42139.4215,0,
2024/6/1 11:10,42139.5365,0,
2024/6/1 21:31,42139.5785,0,
2024/6/2 9:32,42139.6325,0,
2024/6/3 9:02,42139.7378,0,
2024/6/4 10:42,42139.8548,0,
2024/6/5 8:56,42139.955,0,
2024/6/5 9:41,42139.9567,0,
2024/6/6 9:44,42140.0628,0,
2024/6/6 18:19,42140.1048,0,
2024/6/6 20:02,42140.1143,0,
2024/6/7 8:08,42140.1677,0,
2024/6/7 20:05,42140.2254,0,
2024/6/7 20:15,42140.3374,0,
2024/6/8 11:00,42140.4054,0,
2024/6/8 18:27,42140.4426,0,
2024/6/8 20:15,42140.3374,0,
2024/6/9 6:29,42140.4972,0,
2024/6/10 20:13,42140.5652,0,
2024/6/11 6:32,42140.614,0,
2024/6/11 18:33,42140.6671,0,
2024/6/12 8:18,42140.7287,0,
2024/6/12 20:19,42140.7805,0,
2024/6/13 8:21,42140.8371,0,
2024/6/13 18:39,42140.8861,0,
2024/6/14 6:40,42140.9376,0,
2024/6/15 8:26,42141.0627,0,
2024/6/16 8:29,42141.1733,0,
2024/6/17 6:49,42141.2777,0,
2024/6/17 18:50,42141.3312,0,
2024/6/19 6:57,42141.5994,0,
2024/6/19 8:37,42141.5003,0,
2024/6/20 17:16,42141.6481,0,
2024/6/21 7:00,42141.7097,0,
2024/6/21 7:03,42141.8141,0,
2024/6/21 19:01,42141.7651,0,
2024/6/22 7:03,42141.8141,0,
2024/6/23 19:07,42141.9795,0,
2024/6/24 7:09,42142.0322,0,
2024/6/24 19:10,42142.0915,0,
2024/6/25 7:11,42142.1422,0,
2024/6/26 5:31,42142.2444,0,
2024/6/26 17:32,42142.2928,0,
2024/6/27 19:21,42142.5291,0,
2024/6/28 7:20,42142.4714,0,
2024/6/28 19:21,42142.5291,0,
2024/6/29 7:22,42142.5834,0,
2024/6/30 7:25,42142.6929,0,
2024/6/30 17:43,42142.7402,0,
2024/6/30 19:26,42142.7567,0,
