Satellite_ID,Timestamp,Value,Category
Satellite_C,2023-01-01 00:00:00,7001.399292161183,0
Satellite_C,2023-01-01 00:10:00,6997.6512880643995,0
Satellite_C,2023-01-01 00:20:00,7007.951896279,0
Satellite_C,2023-01-01 00:30:00,6998.932357935157,0
Satellite_C,2023-01-01 00:40:00,7004.111250095523,0
Satellite_C,2023-01-01 00:50:00,7003.229116061246,0
Satellite_C,2023-01-01 01:00:00,7000.815109328091,0
Satellite_C,2023-01-01 01:10:00,7003.73620497641,0
Satellite_C,2023-01-01 01:20:00,7000.608112742332,0
Satellite_C,2023-01-01 01:30:00,6997.544283672968,0
Satellite_C,2023-01-01 01:40:00,7004.527910212631,0
Satellite_C,2023-01-01 01:50:00,7000.597455454462,0
Satellite_C,2023-01-01 02:00:00,7004.792949155613,0
Satellite_C,2023-01-01 02:10:00,7004.38060665417,0
Satellite_C,2023-01-01 02:20:00,7000.56781814117,0
Satellite_C,2023-01-01 02:30:00,7007.716793008001,0
Satellite_C,2023-01-01 02:40:00,7003.279711132944,0
Satellite_C,2023-01-01 02:50:00,7006.867478661937,0
Satellite_C,2023-01-01 03:00:00,7002.5506292494365,0
Satellite_C,2023-01-01 03:10:00,7005.128366089406,0
Satellite_C,2023-01-01 03:20:00,7004.216317884717,0
Satellite_C,2023-01-01 03:30:00,7000.3472277105375,0
Satellite_C,2023-01-01 03:40:00,7006.131666432389,0
Satellite_C,2023-01-01 03:50:00,7001.33530093912,0
Satellite_C,2023-01-01 04:00:00,7002.2224074340165,0
Satellite_C,2023-01-01 04:10:00,7008.8398772297505,0
Satellite_C,2023-01-01 04:20:00,7003.652993433479,0
Satellite_C,2023-01-01 04:30:00,7006.166614671272,0
Satellite_C,2023-01-01 04:40:00,7006.0453950309175,0
Satellite_C,2023-01-01 04:50:00,7005.839326731864,0
Satellite_C,2023-01-01 05:00:00,7005.462458047616,0
Satellite_C,2023-01-01 05:10:00,7001.512722069236,0
Satellite_C,2023-01-01 05:20:00,7006.5859661605,0
Satellite_C,2023-01-01 05:30:00,7009.126417024392,0
Satellite_C,2023-01-01 05:40:00,7001.649333228196,0
Satellite_C,2023-01-01 05:50:00,7003.017443580847,0
Satellite_C,2023-01-01 06:00:00,7011.8708178940215,0
Satellite_C,2023-01-01 06:10:00,7005.045127286474,0
Satellite_C,2023-01-01 06:20:00,7009.329741979284,0
Satellite_C,2023-01-01 06:30:00,7010.684019677485,0
Satellite_C,2023-01-01 06:40:00,7009.112150026524,0
Satellite_C,2023-01-01 06:50:00,7006.414987671637,0
Satellite_C,2023-01-01 07:00:00,7012.609579117148,0
Satellite_C,2023-01-01 07:10:00,7006.657189459368,0
Satellite_C,2023-01-01 07:20:00,7009.039879239814,0
Satellite_C,2023-01-01 07:30:00,7011.546306734325,0
Satellite_C,2023-01-01 07:40:00,7009.180253555975,0
Satellite_C,2023-01-01 07:50:00,7013.900263089518,0
Satellite_C,2023-01-01 08:00:00,7009.958706920643,0
Satellite_C,2023-01-01 08:10:00,7010.544460432518,0
Satellite_C,2023-01-01 08:20:00,7009.179532508554,0
Satellite_C,2023-01-01 08:30:00,7014.65684102902,0
Satellite_C,2023-01-01 08:40:00,7014.512277964963,0
Satellite_C,2023-01-01 08:50:00,7007.893422840919,0
Satellite_C,2023-01-01 09:00:00,7007.224147237198,0
Satellite_C,2023-01-01 09:10:00,7010.243392967652,0
Satellite_C,2023-01-01 09:20:00,7011.297695815111,0
Satellite_C,2023-01-01 09:30:00,7014.263016277751,0
Satellite_C,2023-01-01 09:40:00,7017.897917324419,0
Satellite_C,2023-01-01 09:50:00,7011.433152842761,0
Satellite_C,2023-01-01 10:00:00,7011.329658058868,0
Satellite_C,2023-01-01 10:10:00,7013.55000437203,0
Satellite_C,2023-01-01 10:20:00,7009.544195378314,0
Satellite_C,2023-01-01 10:30:00,7011.452410701718,0
Satellite_C,2023-01-01 10:40:00,7010.317282278385,0
Satellite_C,2023-01-01 10:50:00,7012.850868507126,0
Satellite_C,2023-01-01 11:00:00,7011.15421778456,0
Satellite_C,2023-01-01 11:10:00,7013.773219484828,0
Satellite_C,2023-01-01 11:20:00,7013.379215665553,0
Satellite_C,2023-01-01 11:30:00,7011.720123398385,0
Satellite_C,2023-01-01 11:40:00,7014.624392205592,0
Satellite_C,2023-01-01 11:50:00,7015.27978732108,0
Satellite_C,2023-01-01 12:00:00,7017.075868064336,0
Satellite_C,2023-01-01 12:10:00,7014.496124955417,0
Satellite_C,2023-01-01 12:20:00,7017.067423928144,0
Satellite_C,2023-01-01 12:30:00,7019.376703394168,0
Satellite_C,2023-01-01 12:40:00,7007.405707156702,0
Satellite_C,2023-01-01 12:50:00,7014.125826860467,0
Satellite_C,2023-01-01 13:00:00,7015.043580293872,0
Satellite_C,2023-01-01 13:10:00,7014.863270191456,0
Satellite_C,2023-01-01 13:20:00,7012.894748134202,0
Satellite_C,2023-01-01 13:30:00,7017.269102576874,0
Satellite_C,2023-01-01 13:40:00,7020.875118891798,0
Satellite_C,2023-01-01 13:50:00,7015.177848848434,0
Satellite_C,2023-01-01 14:00:00,7020.09750891191,0
Satellite_C,2023-01-01 14:10:00,7016.990853417079,0
Satellite_C,2023-01-01 14:20:00,7015.7234533715455,0
Satellite_C,2023-01-01 14:30:00,7014.893612321932,0
Satellite_C,2023-01-01 14:40:00,7014.752952288257,0
Satellite_C,2023-01-01 14:50:00,7025.391117523177,0
Satellite_C,2023-01-01 15:00:00,7018.1211620788845,0
Satellite_C,2023-01-01 15:10:00,7021.180176833567,0
Satellite_C,2023-01-01 15:20:00,7015.68278461889,0
Satellite_C,2023-01-01 15:30:00,7015.4406692462135,0
Satellite_C,2023-01-01 15:40:00,7018.896190725788,0
Satellite_C,2023-01-01 15:50:00,7015.69663855393,0
Satellite_C,2023-01-01 16:00:00,7020.632249577814,0
Satellite_C,2023-01-01 16:10:00,7020.003985518455,0
Satellite_C,2023-01-01 16:20:00,7023.026178110871,0
Satellite_C,2023-01-01 16:30:00,7018.428110053226,0
Satellite_C,2023-01-01 16:40:00,7020.999260038415,0
Satellite_C,2023-01-01 16:50:00,7018.214387725835,0
Satellite_C,2023-01-01 17:00:00,7023.47411072137,0
Satellite_C,2023-01-01 17:10:00,7027.265048816747,0
Satellite_C,2023-01-01 17:20:00,7024.648433612893,0
Satellite_C,2023-01-01 17:30:00,7021.0161996493125,0
Satellite_C,2023-01-01 17:40:00,7026.260518099193,0
Satellite_C,2023-01-01 17:50:00,7018.81925110878,0
Satellite_C,2023-01-01 18:00:00,7019.1210983315295,0
Satellite_C,2023-01-01 18:10:00,7025.834073770563,0
Satellite_C,2023-01-01 18:20:00,7019.204740111365,0
Satellite_C,2023-01-01 18:30:00,7023.514400435914,0
Satellite_C,2023-01-01 18:40:00,7020.773396888691,0
Satellite_C,2023-01-01 18:50:00,7025.272692107014,0
Satellite_C,2023-01-01 19:00:00,7028.890713424911,0
Satellite_C,2023-01-01 19:10:00,7020.906257942703,0
Satellite_C,2023-01-01 19:20:00,7025.785425693563,0
Satellite_C,2023-01-01 19:30:00,7024.749993012421,0
Satellite_C,2023-01-01 19:40:00,7025.880755663773,0
Satellite_C,2023-01-01 19:50:00,7022.620244901253,0
Satellite_C,2023-01-01 20:00:00,7019.954275090361,0
Satellite_C,2023-01-01 20:10:00,7026.972775748049,0
Satellite_C,2023-01-01 20:20:00,7024.601858503936,0
Satellite_C,2023-01-01 20:30:00,7023.8661442713255,0
Satellite_C,2023-01-01 20:40:00,7029.307080801562,0
Satellite_C,2023-01-01 20:50:00,7023.351774657237,0
Satellite_C,2023-01-01 21:00:00,7023.923751188299,0
Satellite_C,2023-01-01 21:10:00,7022.033677947108,0
Satellite_C,2023-01-01 21:20:00,7029.0849722444855,0
Satellite_C,2023-01-01 21:30:00,7023.685349148314,0
Satellite_C,2023-01-01 21:40:00,7028.829570262411,0
Satellite_C,2023-01-01 21:50:00,7028.951685874301,0
Satellite_C,2023-01-01 22:00:00,7027.26221557169,0
Satellite_C,2023-01-01 22:10:00,7030.404886997357,1
Satellite_C,2023-01-01 22:20:00,7023.0040105734,0
Satellite_C,2023-01-01 22:30:00,7028.396912942692,0
Satellite_C,2023-01-01 22:40:00,7026.931832918891,0
Satellite_C,2023-01-01 22:50:00,7029.001614779114,0
Satellite_C,2023-01-01 23:00:00,7029.238982043912,0
Satellite_C,2023-01-01 23:10:00,7030.5103522125,1
Satellite_C,2023-01-01 23:20:00,7029.874788981141,0
Satellite_C,2023-01-01 23:30:00,7025.980741345154,0
Satellite_C,2023-01-01 23:40:00,7031.021188091649,1
Satellite_C,2023-01-01 23:50:00,7025.633484046459,0
Satellite_C,2023-01-02 00:00:00,7025.965605575001,0
Satellite_C,2023-01-02 00:10:00,7029.224496094594,0
Satellite_C,2023-01-02 00:20:00,7024.9295095932885,0
Satellite_C,2023-01-02 00:30:00,7033.724022229008,1
Satellite_C,2023-01-02 00:40:00,7032.862204465439,1
Satellite_C,2023-01-02 00:50:00,7032.562094301351,1
Satellite_C,2023-01-02 01:00:00,7027.672533270329,0
Satellite_C,2023-01-02 01:10:00,7032.9413529562835,1
Satellite_C,2023-01-02 01:20:00,7023.947712531596,0
Satellite_C,2023-01-02 01:30:00,7029.171665801657,0
Satellite_C,2023-01-02 01:40:00,7030.020198910388,1
Satellite_C,2023-01-02 01:50:00,7032.464470269532,1
Satellite_C,2023-01-02 02:00:00,7030.108010296279,1
Satellite_C,2023-01-02 02:10:00,7029.744904475721,0
Satellite_C,2023-01-02 02:20:00,7033.6051545714545,1
Satellite_C,2023-01-02 02:30:00,7039.853172985327,1
Satellite_C,2023-01-02 02:40:00,7031.008712500452,1
Satellite_C,2023-01-02 02:50:00,7028.180823766536,0
Satellite_C,2023-01-02 03:00:00,7028.130745272349,0
Satellite_C,2023-01-02 03:10:00,7034.020172976572,1
Satellite_C,2023-01-02 03:20:00,7030.1115445880105,1
Satellite_C,2023-01-02 03:30:00,7036.853518480281,1
Satellite_C,2023-01-02 03:40:00,7035.4493632454205,1
Satellite_C,2023-01-02 03:50:00,7028.714993292803,0
Satellite_C,2023-01-02 04:00:00,7034.917014713142,1
Satellite_C,2023-01-02 04:10:00,7035.397475099825,1
Satellite_C,2023-01-02 04:20:00,7033.901155047676,1
Satellite_C,2023-01-02 04:30:00,7034.064992647039,1
Satellite_C,2023-01-02 04:40:00,7033.430556962923,1
Satellite_C,2023-01-02 04:50:00,7035.903027404214,1
Satellite_C,2023-01-02 05:00:00,7036.835695369832,1
Satellite_C,2023-01-02 05:10:00,7033.0181197828115,1
Satellite_C,2023-01-02 05:20:00,7036.231138840073,1
Satellite_C,2023-01-02 05:30:00,7041.779820600772,1
Satellite_C,2023-01-02 05:40:00,7033.587135642318,1
Satellite_C,2023-01-02 05:50:00,7039.045468128355,1
Satellite_C,2023-01-02 06:00:00,7034.486125539138,1
Satellite_C,2023-01-02 06:10:00,7039.4512820936625,1
Satellite_C,2023-01-02 06:20:00,7033.779734498224,1
Satellite_C,2023-01-02 06:30:00,7043.3439998515305,1
Satellite_C,2023-01-02 06:40:00,7034.2562385610945,1
Satellite_C,2023-01-02 06:50:00,7035.036470589165,1
Satellite_C,2023-01-02 07:00:00,7035.269382239842,1
Satellite_C,2023-01-02 07:10:00,7041.192584033011,1
Satellite_C,2023-01-02 07:20:00,7038.5572199969665,1
Satellite_C,2023-01-02 07:30:00,7034.9841598919,1
Satellite_C,2023-01-02 07:40:00,7036.97242577421,1
Satellite_C,2023-01-02 07:50:00,7043.960028378225,1
Satellite_C,2023-01-02 08:00:00,7038.558670551276,1
Satellite_C,2023-01-02 08:10:00,7036.805978526709,1
Satellite_C,2023-01-02 08:20:00,7036.281260663074,1
Satellite_C,2023-01-02 08:30:00,7039.649654462896,1
Satellite_C,2023-01-02 08:40:00,7041.675587878286,1
Satellite_C,2023-01-02 08:50:00,7040.651798862354,1
Satellite_C,2023-01-02 09:00:00,7042.466310332613,1
Satellite_C,2023-01-02 09:10:00,7042.763331901812,1
Satellite_C,2023-01-02 09:20:00,7037.115797832894,1
Satellite_C,2023-01-02 09:30:00,7044.507335261724,1
Satellite_C,2023-01-02 09:40:00,7038.531220375286,1
Satellite_C,2023-01-02 09:50:00,7041.254796680422,1
Satellite_C,2023-01-02 10:00:00,7038.57878934875,1
Satellite_C,2023-01-02 10:10:00,7037.2376611757545,1
Satellite_C,2023-01-02 10:20:00,7043.909539936048,1
Satellite_C,2023-01-02 10:30:00,7039.560051936846,1
Satellite_C,2023-01-02 10:40:00,7041.208131424205,1
Satellite_C,2023-01-02 10:50:00,7041.055921219713,1
Satellite_C,2023-01-02 11:00:00,7042.059494476993,1
Satellite_C,2023-01-02 11:10:00,7043.278762223673,1
Satellite_C,2023-01-02 11:20:00,7042.586535617194,1
Satellite_C,2023-01-02 11:30:00,7042.451579867424,1
Satellite_C,2023-01-02 11:40:00,7040.220774829436,1
Satellite_C,2023-01-02 11:50:00,7041.863216017664,1
Satellite_C,2023-01-02 12:00:00,7043.87058918616,1
Satellite_C,2023-01-02 12:10:00,7047.153318522712,1
Satellite_C,2023-01-02 12:20:00,7045.204434187147,1
Satellite_C,2023-01-02 12:30:00,7042.754322987152,1
Satellite_C,2023-01-02 12:40:00,7039.571311718508,1
Satellite_C,2023-01-02 12:50:00,7043.485639447827,1
Satellite_C,2023-01-02 13:00:00,7045.295606416313,1
Satellite_C,2023-01-02 13:10:00,7044.3046991560295,1
Satellite_C,2023-01-02 13:20:00,7042.988824112002,1
Satellite_C,2023-01-02 13:30:00,7045.761771224363,1
Satellite_C,2023-01-02 13:40:00,7050.999253977484,1
Satellite_C,2023-01-02 13:50:00,7046.4638276892565,1
Satellite_C,2023-01-02 14:00:00,7046.564384996475,1
Satellite_C,2023-01-02 14:10:00,7048.476457426835,1
Satellite_C,2023-01-02 14:20:00,7053.145567903311,1
Satellite_C,2023-01-02 14:30:00,7046.697227186929,1
Satellite_C,2023-01-02 14:40:00,7042.6028896486305,1
Satellite_C,2023-01-02 14:50:00,7047.673615899786,1
Satellite_C,2023-01-02 15:00:00,7041.896797385291,1
Satellite_C,2023-01-02 15:10:00,7054.434983410145,1
Satellite_C,2023-01-02 15:20:00,7050.551146044602,1
Satellite_C,2023-01-02 15:30:00,7045.8943413526995,1
Satellite_C,2023-01-02 15:40:00,7046.7622068349365,1
Satellite_C,2023-01-02 15:50:00,7044.459995946992,1
Satellite_C,2023-01-02 16:00:00,7050.999339244623,1
Satellite_C,2023-01-02 16:10:00,7047.549433373348,1
Satellite_C,2023-01-02 16:20:00,7044.7836365093435,1
Satellite_C,2023-01-02 16:30:00,7048.907099418211,1
Satellite_C,2023-01-02 16:40:00,7049.302670983201,1
Satellite_C,2023-01-02 16:50:00,7050.473568150343,1
Satellite_C,2023-01-02 17:00:00,7051.070958517847,1
Satellite_C,2023-01-02 17:10:00,7052.468693788905,1
Satellite_C,2023-01-02 17:20:00,7047.634798098736,1
Satellite_C,2023-01-02 17:30:00,7050.524918603202,1
Satellite_C,2023-01-02 17:40:00,7046.652066765365,1
Satellite_C,2023-01-02 17:50:00,7050.303054867581,1
Satellite_C,2023-01-02 18:00:00,7048.433178343882,1
Satellite_C,2023-01-02 18:10:00,7050.762412667802,1
Satellite_C,2023-01-02 18:20:00,7054.861783976331,1
Satellite_C,2023-01-02 18:30:00,7053.962141991851,1
Satellite_C,2023-01-02 18:40:00,7054.863531732674,1
Satellite_C,2023-01-02 18:50:00,7052.295014120413,1
Satellite_C,2023-01-02 19:00:00,7051.10100275614,1
Satellite_C,2023-01-02 19:10:00,7051.71209829257,1
Satellite_C,2023-01-02 19:20:00,7053.511669434379,1
Satellite_C,2023-01-02 19:30:00,7054.562542349777,1
Satellite_C,2023-01-02 19:40:00,7055.116513253124,1
Satellite_C,2023-01-02 19:50:00,7051.210773040998,1
Satellite_C,2023-01-02 20:00:00,7053.752245493212,1
Satellite_C,2023-01-02 20:10:00,7047.385151468503,1
Satellite_C,2023-01-02 20:20:00,7047.593519710543,1
Satellite_C,2023-01-02 20:30:00,7051.824946070544,1
Satellite_C,2023-01-02 20:40:00,7052.585135112917,1
Satellite_C,2023-01-02 20:50:00,7052.722338039622,1
Satellite_C,2023-01-02 21:00:00,7052.990901449196,1
Satellite_C,2023-01-02 21:10:00,7051.7265182380725,1
Satellite_C,2023-01-02 21:20:00,7063.630129325641,2
Satellite_C,2023-01-02 21:30:00,7056.188590997906,1
Satellite_C,2023-01-02 21:40:00,7049.75849098931,1
Satellite_C,2023-01-02 21:50:00,7051.7477806079105,1
Satellite_C,2023-01-02 22:00:00,7053.903890799761,1
Satellite_C,2023-01-02 22:10:00,7059.515411558037,1
Satellite_C,2023-01-02 22:20:00,7058.722315269464,1
Satellite_C,2023-01-02 22:30:00,7052.982027988247,1
Satellite_C,2023-01-02 22:40:00,7055.089364154861,1
Satellite_C,2023-01-02 22:50:00,7056.372886112683,1
Satellite_C,2023-01-02 23:00:00,7057.989584783219,1
Satellite_C,2023-01-02 23:10:00,7055.89542161202,1
Satellite_C,2023-01-02 23:20:00,7057.574142153836,1
Satellite_C,2023-01-02 23:30:00,7055.43771975283,1
Satellite_C,2023-01-02 23:40:00,7060.917609946375,2
Satellite_C,2023-01-02 23:50:00,7059.063509597106,1
Satellite_C,2023-01-03 00:00:00,7058.243325887128,1
Satellite_C,2023-01-03 00:10:00,7062.009619203051,2
Satellite_C,2023-01-03 00:20:00,7062.073118088369,2
Satellite_C,2023-01-03 00:30:00,7056.620798578583,1
Satellite_C,2023-01-03 00:40:00,7059.420472674863,1
Satellite_C,2023-01-03 00:50:00,7055.222421464307,1
Satellite_C,2023-01-03 01:00:00,7061.991043823138,2
Satellite_C,2023-01-03 01:10:00,7060.2012218634845,2
Satellite_C,2023-01-03 01:20:00,7056.45968556633,1
Satellite_C,2023-01-03 01:30:00,7060.427739083045,2
Satellite_C,2023-01-03 01:40:00,7062.903772252017,2
Satellite_C,2023-01-03 01:50:00,7060.293226282515,2
Satellite_C,2023-01-03 02:00:00,7055.152665394629,1
Satellite_C,2023-01-03 02:10:00,7055.416013321111,1
Satellite_C,2023-01-03 02:20:00,7058.924269136152,1
Satellite_C,2023-01-03 02:30:00,7062.751846590943,2
Satellite_C,2023-01-03 02:40:00,7058.528904243972,1
Satellite_C,2023-01-03 02:50:00,7064.727011323988,2
Satellite_C,2023-01-03 03:00:00,7061.231235808099,2
Satellite_C,2023-01-03 03:10:00,7060.158520854649,2
Satellite_C,2023-01-03 03:20:00,7062.10496190772,2
Satellite_C,2023-01-03 03:30:00,7062.26342324388,2
Satellite_C,2023-01-03 03:40:00,7066.286176618444,2
Satellite_C,2023-01-03 03:50:00,7063.996778997488,2
Satellite_C,2023-01-03 04:00:00,7065.541780956714,2
Satellite_C,2023-01-03 04:10:00,7065.609350096761,2
Satellite_C,2023-01-03 04:20:00,7063.329397740364,2
Satellite_C,2023-01-03 04:30:00,7060.579635879154,2
Satellite_C,2023-01-03 04:40:00,7065.3437349180995,2
Satellite_C,2023-01-03 04:50:00,7066.090032247837,2
Satellite_C,2023-01-03 05:00:00,7063.3046498390995,2
Satellite_C,2023-01-03 05:10:00,7059.998522970746,1
Satellite_C,2023-01-03 05:20:00,7060.738725478792,2
Satellite_C,2023-01-03 05:30:00,7066.6233822109725,2
Satellite_C,2023-01-03 05:40:00,7060.3374762726335,2
Satellite_C,2023-01-03 05:50:00,7068.018260341813,2
Satellite_C,2023-01-03 06:00:00,7063.369993675276,2
Satellite_C,2023-01-03 06:10:00,7062.936390829113,2
Satellite_C,2023-01-03 06:20:00,7062.000722897916,2
Satellite_C,2023-01-03 06:30:00,7065.185006665607,2
Satellite_C,2023-01-03 06:40:00,7061.108132487237,2
Satellite_C,2023-01-03 06:50:00,7066.370575253561,2
Satellite_C,2023-01-03 07:00:00,7068.377000848909,2
Satellite_C,2023-01-03 07:10:00,7063.654228600703,2
Satellite_C,2023-01-03 07:20:00,7069.485518102797,2
Satellite_C,2023-01-03 07:30:00,7064.64657443315,2
Satellite_C,2023-01-03 07:40:00,7063.677455825503,2
Satellite_C,2023-01-03 07:50:00,7070.039918453665,2
Satellite_C,2023-01-03 08:00:00,7065.404536337065,2
Satellite_C,2023-01-03 08:10:00,7065.12849553971,2
Satellite_C,2023-01-03 08:20:00,7072.195213196598,2
Satellite_C,2023-01-03 08:30:00,7062.297478089378,2
Satellite_C,2023-01-03 08:40:00,7066.775147472558,2
Satellite_C,2023-01-03 08:50:00,7069.457518551448,2
Satellite_C,2023-01-03 09:00:00,7072.7460639977635,2
Satellite_C,2023-01-03 09:10:00,7066.2429555891995,2
Satellite_C,2023-01-03 09:20:00,7068.691044334606,2
Satellite_C,2023-01-03 09:30:00,7067.498592313625,2
Satellite_C,2023-01-03 09:40:00,7067.878823791669,2
Satellite_C,2023-01-03 09:50:00,7072.644565883591,2
Satellite_C,2023-01-03 10:00:00,7071.451320184493,2
Satellite_C,2023-01-03 10:10:00,7068.580117411932,2
Satellite_C,2023-01-03 10:20:00,7068.692823805726,2
Satellite_C,2023-01-03 10:30:00,7071.997266878943,2
Satellite_C,2023-01-03 10:40:00,7069.296324609835,2
Satellite_C,2023-01-03 10:50:00,7077.133284385678,2
Satellite_C,2023-01-03 11:00:00,7065.513508013209,2
Satellite_C,2023-01-03 11:10:00,7075.028954442573,2
Satellite_C,2023-01-03 11:20:00,7070.277379725137,2
Satellite_C,2023-01-03 11:30:00,7072.654788490344,2
Satellite_C,2023-01-03 11:40:00,7072.074694481778,2
Satellite_C,2023-01-03 11:50:00,7073.163123001327,2
Satellite_C,2023-01-03 12:00:00,7072.958337122933,2
Satellite_C,2023-01-03 12:10:00,7074.063330825616,2
Satellite_C,2023-01-03 12:20:00,7071.80308904204,2
Satellite_C,2023-01-03 12:30:00,7068.145800025876,2
Satellite_C,2023-01-03 12:40:00,7073.886670015813,2
Satellite_C,2023-01-03 12:50:00,7073.037137588433,2
Satellite_C,2023-01-03 13:00:00,7073.64523694133,2
Satellite_C,2023-01-03 13:10:00,7077.937704374332,2
Satellite_C,2023-01-03 13:20:00,7069.97861119441,2
Satellite_C,2023-01-03 13:30:00,7072.278074190037,2
Satellite_C,2023-01-03 13:40:00,7069.601197239416,2
Satellite_C,2023-01-03 13:50:00,7077.492540942482,2
Satellite_C,2023-01-03 14:00:00,7071.5073228655065,2
Satellite_C,2023-01-03 14:10:00,7079.448730237969,2
Satellite_C,2023-01-03 14:20:00,7075.217990383169,2
Satellite_C,2023-01-03 14:30:00,7074.051664177964,2
Satellite_C,2023-01-03 14:40:00,7072.134439114209,2
Satellite_C,2023-01-03 14:50:00,7077.03760508044,2
Satellite_C,2023-01-03 15:00:00,7083.638442036983,3
Satellite_C,2023-01-03 15:10:00,7081.837174280026,3
Satellite_C,2023-01-03 15:20:00,7071.1348616193,2
Satellite_C,2023-01-03 15:30:00,7076.47740231697,2
Satellite_C,2023-01-03 15:40:00,7077.021278794827,2
Satellite_C,2023-01-03 15:50:00,7074.255947358804,2
Satellite_C,2023-01-03 16:00:00,7079.726873252051,2
Satellite_C,2023-01-03 16:10:00,7075.670812657284,2
Satellite_C,2023-01-03 16:20:00,7074.001075496947,2
Satellite_C,2023-01-03 16:30:00,7075.274503514957,2
Satellite_C,2023-01-03 16:40:00,7080.263289828634,3
Satellite_C,2023-01-03 16:50:00,7079.898582931256,2
Satellite_C,2023-01-03 17:00:00,7078.03483113029,2
Satellite_C,2023-01-03 17:10:00,7079.699429561038,2
Satellite_C,2023-01-03 17:20:00,7081.020807281773,3
Satellite_C,2023-01-03 17:30:00,7075.660413116518,2
Satellite_C,2023-01-03 17:40:00,7078.1661835038285,2
Satellite_C,2023-01-03 17:50:00,7080.79533307981,3
Satellite_C,2023-01-03 18:00:00,7080.963305325425,3
Satellite_C,2023-01-03 18:10:00,7079.124882274529,2
Satellite_C,2023-01-03 18:20:00,7082.618315881066,3
Satellite_C,2023-01-03 18:30:00,7079.888071364461,2
Satellite_C,2023-01-03 18:40:00,7079.346235178217,2
Satellite_C,2023-01-03 18:50:00,7078.929078728138,2
Satellite_C,2023-01-03 19:00:00,7076.503495566803,2
Satellite_C,2023-01-03 19:10:00,7084.32634503364,3
Satellite_C,2023-01-03 19:20:00,7083.498249768691,3
Satellite_C,2023-01-03 19:30:00,7080.798100303609,3
Satellite_C,2023-01-03 19:40:00,7081.9634641587945,3
Satellite_C,2023-01-03 19:50:00,7080.979086207839,3
Satellite_C,2023-01-03 20:00:00,7076.944657917437,2
Satellite_C,2023-01-03 20:10:00,7087.250093465982,3
Satellite_C,2023-01-03 20:20:00,7085.384936902121,3
Satellite_C,2023-01-03 20:30:00,7079.675067940644,2
Satellite_C,2023-01-03 20:40:00,7080.892326737062,3
Satellite_C,2023-01-03 20:50:00,7081.770020368855,3
Satellite_C,2023-01-03 21:00:00,7086.795984289212,3
Satellite_C,2023-01-03 21:10:00,7086.817176516925,3
Satellite_C,2023-01-03 21:20:00,7082.06928183303,3
Satellite_C,2023-01-03 21:30:00,7084.663648846364,3
Satellite_C,2023-01-03 21:40:00,7084.056502049723,3
Satellite_C,2023-01-03 21:50:00,7079.600541245055,2
Satellite_C,2023-01-03 22:00:00,7085.4210032337,3
Satellite_C,2023-01-03 22:10:00,7083.319663130139,3
Satellite_C,2023-01-03 22:20:00,7084.271395138019,3
Satellite_C,2023-01-03 22:30:00,7087.98427868954,3
Satellite_C,2023-01-03 22:40:00,7086.997585506785,3
Satellite_C,2023-01-03 22:50:00,7088.562453723015,3
Satellite_C,2023-01-03 23:00:00,7085.600677565474,3
Satellite_C,2023-01-03 23:10:00,7086.876381358164,3
Satellite_C,2023-01-03 23:20:00,7085.375962820913,3
Satellite_C,2023-01-03 23:30:00,7085.8178430681,3
Satellite_C,2023-01-03 23:40:00,7085.159484512523,3
Satellite_C,2023-01-03 23:50:00,7086.825677417374,3
Satellite_C,2023-01-04 00:00:00,7095.149315663665,3
Satellite_C,2023-01-04 00:10:00,7091.63926924715,3
Satellite_C,2023-01-04 00:20:00,7093.130149209111,3
Satellite_C,2023-01-04 00:30:00,7089.003120276598,3
Satellite_C,2023-01-04 00:40:00,7086.307633136278,3
Satellite_C,2023-01-04 00:50:00,7085.146877873014,3
Satellite_C,2023-01-04 01:00:00,7084.37052676884,3
Satellite_C,2023-01-04 01:10:00,7089.528074406988,3
Satellite_C,2023-01-04 01:20:00,7090.889418134329,3
Satellite_C,2023-01-04 01:30:00,7091.749360424904,3
Satellite_C,2023-01-04 01:40:00,7091.170853180378,3
Satellite_C,2023-01-04 01:50:00,7089.73898454979,3
Satellite_C,2023-01-04 02:00:00,7093.5087713846415,3
Satellite_C,2023-01-04 02:10:00,7094.006925102017,3
Satellite_C,2023-01-04 02:20:00,7089.766510356241,3
Satellite_C,2023-01-04 02:30:00,7081.726082790431,3
Satellite_C,2023-01-04 02:40:00,7094.2061659383,3
Satellite_C,2023-01-04 02:50:00,7090.321911312463,3
Satellite_C,2023-01-04 03:00:00,7088.786469018579,3
Satellite_C,2023-01-04 03:10:00,7087.566326782349,3
Satellite_C,2023-01-04 03:20:00,7091.931809107196,3
Satellite_C,2023-01-04 03:30:00,7089.7647833011315,3
Satellite_C,2023-01-04 03:40:00,7090.663427361654,3
Satellite_C,2023-01-04 03:50:00,7085.601075741066,3
Satellite_C,2023-01-04 04:00:00,7091.539876641077,3
Satellite_C,2023-01-04 04:10:00,7094.661739637846,3
Satellite_C,2023-01-04 04:20:00,7090.965378252239,3
Satellite_C,2023-01-04 04:30:00,7091.4929614205685,3
Satellite_C,2023-01-04 04:40:00,7083.71413294616,3
Satellite_C,2023-01-04 04:50:00,7090.175587645351,3
Satellite_C,2023-01-04 05:00:00,7093.313630535149,3
Satellite_C,2023-01-04 05:10:00,7094.078383196204,3
Satellite_C,2023-01-04 05:20:00,7091.666482806162,3
Satellite_C,2023-01-04 05:30:00,7091.419769752226,3
Satellite_C,2023-01-04 05:40:00,7095.003151116488,3
Satellite_C,2023-01-04 05:50:00,7093.537866408247,3
Satellite_C,2023-01-04 06:00:00,7091.946581975234,3
Satellite_C,2023-01-04 06:10:00,7094.031145491179,3
Satellite_C,2023-01-04 06:20:00,7089.614933170865,3
Satellite_C,2023-01-04 06:30:00,7095.038464004563,3
Satellite_C,2023-01-04 06:40:00,7096.207215683862,3
Satellite_C,2023-01-04 06:50:00,7094.815863365133,3
Satellite_C,2023-01-04 07:00:00,7098.65613918045,3
Satellite_C,2023-01-04 07:10:00,7089.893041181082,3
Satellite_C,2023-01-04 07:20:00,7096.387293820487,3
Satellite_C,2023-01-04 07:30:00,7090.931540103581,3
Satellite_C,2023-01-04 07:40:00,7097.182160007463,3
Satellite_C,2023-01-04 07:50:00,7096.006406368446,3
Satellite_C,2023-01-04 08:00:00,7096.786630193841,3
Satellite_C,2023-01-04 08:10:00,7094.688170285004,3
Satellite_C,2023-01-04 08:20:00,7095.252294460683,3
Satellite_C,2023-01-04 08:30:00,7093.761618820161,3
Satellite_C,2023-01-04 08:40:00,7094.952941949534,3
Satellite_C,2023-01-04 08:50:00,7093.471692769249,3
Satellite_C,2023-01-04 09:00:00,7097.137358217947,3
Satellite_C,2023-01-04 09:10:00,7102.683274368498,3
Satellite_C,2023-01-04 09:20:00,7101.863888906231,3
Satellite_C,2023-01-04 09:30:00,7099.336421874957,3
Satellite_C,2023-01-04 09:40:00,7101.238345374317,3
Satellite_C,2023-01-04 09:50:00,7096.707856324181,3
Satellite_C,2023-01-04 10:00:00,7098.068468185676,3
Satellite_C,2023-01-04 10:10:00,7098.61466903781,3
Satellite_C,2023-01-04 10:20:00,7100.942522522657,3
Satellite_C,2023-01-04 10:30:00,7102.154016023412,3
Satellite_C,2023-01-04 10:40:00,7098.145090614277,3
Satellite_C,2023-01-04 10:50:00,7101.251034472583,3
Satellite_C,2023-01-04 11:00:00,7095.039472415678,3
Satellite_C,2023-01-04 11:10:00,7099.302954686149,3
