Timestamp,Value,Category
2020/7/1 4:48,42166.2781,0
2020/7/1 12:12,42166.3053,3
2020/7/1 20:49,42166.3364,3
2020/7/2 3:43,42166.3574,3
2020/7/3 21:04,42163.7581,3
2020/7/4 13:20,42163.8004,3
2020/7/5 13:33,42163.8644,3
2020/7/6 12:48,42163.9255,0
2020/7/7 21:32,42164.0152,0
2020/7/8 13:02,42164.0634,0
2020/7/9 15:45,42164.1492,0
2020/7/10 17:30,42164.2411,0
2020/7/12 4:54,42164.4774,0
2020/7/13 21:17,42164.5708,0
2020/7/14 20:01,42164.6737,0
2020/7/15 12:46,42164.7709,0
2020/7/16 17:26,42164.9271,0
2020/7/17 12:39,42165.0367,0
2020/7/18 21:13,42165.2279,0
2020/7/19 13:09,42165.321,0
2020/7/20 11:13,42165.4522,0
2020/7/21 16:19,42165.6251,0
2020/7/22 14:34,42165.7527,0
2020/7/23 20:00,42165.9192,0
2020/7/24 11:30,42165.9994,0
2020/7/25 21:57,42166.0723,0
2020/7/26 4:51,42166.1046,3
2020/7/27 13:35,42166.2585,3
2020/7/28 11:59,42166.4315,3
2020/7/29 0:02,42163.5952,3
2020/7/30 9:27,42165.8553,3
2020/7/31 21:56,42164.1222,3
2020/8/1 10:53,42164.1231,3
2020/8/2 5:41,42164.1766,3
2020/8/3 10:58,42164.175,0
2020/8/4 7:39,42164.2302,0
2020/8/5 16:22,42164.1677,0
2020/8/6 10:15,42164.2417,0
2020/8/7 2:02,42164.3084,0
2020/8/8 10:26,42164.2837,0
2020/8/11 22:48,42164.5315,0
2020/8/12 8:36,42164.6081,0
2020/8/15 8:57,42164.9372,0
2020/8/16 22:07,42165.0734,0
2020/8/18 10:01,42165.349,0
2020/8/19 21:29,42165.5593,0
2020/8/20 20:59,42165.6823,0
2020/8/21 13:14,42165.7662,0
2020/8/22 13:14,42165.8996,0
2020/8/23 15:27,42166.0392,3
2020/8/24 13:28,42166.1421,3
2020/8/25 13:35,42166.2705,3
2020/8/26 22:19,42164.6456,3
2020/8/27 22:26,42163.51,3
2020/8/28 22:34,42163.6084,3
2020/8/29 12:20,42163.669,0
2020/8/30 21:05,42163.7531,0
2020/8/31 14:18,42163.8142,0
2020/9/1 21:19,42163.9123,0
2020/9/2 14:32,42163.9717,0
2020/9/3 18:27,42164.0625,0
2020/9/4 21:33,42164.1677,0
2020/9/5 13:19,42164.2265,0
2020/9/6 21:54,42164.3468,0
2020/9/7 13:25,42164.411,0
2020/9/8 15:33,42164.517,0
2020/9/9 20:33,42164.6358,0
2020/9/10 20:40,42164.7356,0
2020/9/11 13:53,42164.8124,0
2020/9/12 14:01,42164.9198,0
2020/9/13 5:31,42164.9885,0
2020/9/14 12:31,42165.1295,0
2020/9/15 15:38,42165.2503,0
2020/9/16 22:04,42165.3967,0
2020/9/17 17:44,42165.4959,0
2020/9/18 21:37,42165.6422,0
2020/9/19 20:00,42165.7608,0
2020/9/20 21:51,42165.9125,3
2020/9/21 13:21,42166.0059,3
2020/9/22 13:28,42166.1466,3
2020/9/25 22:27,42163.6379,3
2020/9/26 15:10,42163.7001,3
2020/9/27 22:41,42163.7999,3
2020/9/28 13:51,42163.8484,0
2020/9/29 13:26,42163.926,0
2020/9/30 13:41,42164.0135,0
2020/10/1 17:59,42164.1164,0
2020/10/2 6:03,42164.1688,0
2020/10/3 6:10,42164.2722,0
2020/10/4 13:31,42164.3723,0
2020/10/5 20:11,42164.4819,0
2020/10/6 11:41,42164.5408,0
2020/10/7 13:32,42164.6367,0
2020/10/8 22:16,42164.7583,0
2020/10/9 15:18,42164.8346,0
2020/10/10 5:54,42164.9021,0
2020/10/11 10:41,42165.0202,0
2020/10/12 21:01,42165.1906,0
2020/10/13 15:11,42165.287,0
2020/10/14 10:49,42165.3995,0
2020/10/15 14:03,42165.5674,0
2020/10/16 12:53,42165.7011,0
2020/10/17 21:37,42165.8965,0
2020/10/18 13:13,42165.989,0
2020/10/19 21:51,42166.1853,3
2020/10/20 13:21,42166.2616,3
2020/10/21 6:35,42166.3429,3
2020/10/22 18:09,42163.5182,3
2020/10/23 22:19,42163.5204,3
2020/10/24 21:13,42163.5922,3
2020/10/25 14:25,42163.6412,0
2020/10/26 14:04,42163.736,0
2020/10/27 14:11,42163.8195,0
2020/10/28 19:28,42163.912,0
2020/10/29 14:25,42163.9793,0
2020/10/30 19:43,42164.088,0
2020/10/31 19:50,42164.1822,0
2020/11/1 21:36,42164.2961,0
2020/11/2 13:24,42164.3602,0
2020/11/3 21:54,42164.4886,0
2020/11/4 11:41,42164.5402,0
2020/11/5 15:30,42164.6624,0
2020/11/6 13:39,42164.7625,0
2020/11/7 20:39,42164.9038,0
2020/11/10 19:17,42165.2119,0
2020/11/11 3:25,42165.5626,0
2020/11/12 10:55,42165.7381,0
2020/11/13 23:05,42165.6532,0
2020/11/14 21:29,42165.7897,0
2020/11/15 15:00,42165.8976,0
2020/11/16 15:00,42166.042,3
2020/11/17 14:57,42166.187,3
2020/11/18 15:55,42166.323,3
2020/11/20 22:12,42163.4991,3
2020/11/21 6:49,42163.5554,3
2020/11/22 20:43,42163.6465,3
2020/11/23 20:50,42163.7351,0
2020/11/24 22:40,42163.8288,0
2020/11/25 15:23,42163.88,0
2020/11/26 14:18,42163.9669,0
2020/11/27 14:25,42164.0569,0
2020/11/28 14:59,42164.1514,0
2020/11/29 15:05,42164.2448,0
2020/11/30 15:23,42164.3488,0
2020/12/1 20:03,42164.4738,0
2020/12/2 14:38,42164.5576,0
2020/12/3 15:07,42164.6672,0
2020/12/4 4:54,42164.7323,0
2020/12/5 6:45,42164.857,0
2020/12/6 13:26,42164.996,0
2020/12/7 14:37,42165.1146,0
2020/12/8 21:59,42165.2688,0
2020/12/9 20:57,42165.3838,0
2020/12/10 13:54,42165.462,0
2020/12/11 14:52,42165.5775,0
2020/12/12 21:58,42165.7858,0
2020/12/13 20:32,42165.9251,0
2020/12/14 13:09,42166.0146,0
2020/12/15 15:19,42166.1915,0
2020/12/16 14:20,42166.3179,3
2020/12/17 15:16,42166.4354,3
2020/12/18 4:50,42166.4959,3
2020/12/19 19:22,42164.6703,3
2020/12/21 22:25,42163.5285,3
2020/12/22 14:00,42163.5779,3
2020/12/23 14:43,42163.6723,0
2020/12/24 12:56,42163.7595,0
2020/12/25 14:40,42163.8621,0
2020/12/26 21:17,42163.9857,0
2020/12/27 14:33,42164.0561,0
2020/12/28 6:01,42164.1304,0
2020/12/29 14:57,42164.2689,0
2020/12/30 13:09,42164.3695,0
2020/12/31 14:59,42164.4867,0
2021/1/1 22:00,42164.6319,0
2021/1/2 11:47,42164.6972,0
2021/1/3 14:58,42164.8287,0
2021/1/4 14:15,42164.9551,0
2021/1/5 13:52,42165.0793,0
2021/1/6 12:15,42165.2055,0
2021/1/7 22:43,42165.3944,0
2021/1/8 3:53,42165.4185,0
2021/1/9 4:00,42165.5567,0
2021/1/10 15:45,42165.7726,0
2021/1/11 15:39,42165.9103,0
2021/1/12 13:49,42166.0345,3
2021/1/13 14:48,42166.1578,3
2021/1/14 9:45,42166.2425,3
2021/1/15 13:19,42164.5556,3
2021/1/16 20:19,42164.1531,3
2021/1/17 22:10,42163.8826,3
2021/1/18 20:57,42163.9513,0
2021/1/19 13:47,42164.0034,0
2021/1/20 14:07,42164.1023,0
2021/1/21 14:02,42164.1862,0
2021/1/22 14:09,42164.2761,0
2021/1/23 14:16,42164.3687,0
2021/1/24 14:27,42164.4699,0
2021/1/25 15:50,42164.5882,0
2021/1/26 19:47,42164.7048,0
2021/1/27 14:57,42164.7883,0
2021/1/28 13:08,42164.8895,0
2021/1/29 20:08,42165.0308,0
2021/1/30 13:34,42165.0967,0
2021/1/31 20:22,42165.243,0
2021/2/1 13:36,42165.3241,0
2021/2/2 11:14,42165.4317,0
2021/2/3 22:27,42165.6131,0
2021/2/4 22:34,42165.739,0
2021/2/5 20:58,42165.857,0
2021/2/6 6:38,42165.9049,0
2021/2/7 5:24,42166.0333,0
2021/2/8 13:58,42166.2273,3
2021/2/9 23:09,42166.3162,3
2021/2/10 16:23,42165.774,3
2021/2/11 21:18,42163.6185,3
2021/2/12 18:21,42163.6236,3
2021/2/13 13:18,42163.6866,3
2021/2/14 20:18,42163.7727,0
2021/2/15 20:25,42163.877,0
2021/2/16 13:39,42163.9462,0
2021/2/17 5:09,42164.0205,0
2021/2/18 13:53,42164.1424,0
2021/2/19 15:02,42164.2419,0
2021/2/20 13:17,42164.326,0
2021/2/21 17:41,42164.4502,0
2021/2/22 21:15,42164.5399,0
2021/2/23 12:45,42164.5991,0
2021/2/24 11:09,42164.7087,0
2021/2/25 19:53,42164.8598,0
2021/2/26 16:33,42164.9565,0
2021/2/27 18:23,42165.0737,0
2021/2/28 17:03,42165.1788,0
2021/3/1 16:39,42165.2907,0
2021/3/2 15:18,42165.3941,0
2021/3/5 20:00,42165.811,0
2021/3/6 8:53,42165.8842,0
2021/3/7 21:03,42166.0675,0
2021/3/8 21:11,42166.2077,0
2021/3/9 21:18,42166.3274,3
2021/3/10 8:31,42166.3824,3
2021/3/11 21:32,42166.5534,3
2021/3/13 13:09,42164.2232,3
2021/3/14 13:16,42163.2961,3
2021/3/15 22:00,42163.4226,3
2021/3/16 17:10,42163.4918,0
2021/3/17 15:21,42163.5779,0
2021/3/18 12:01,42163.6527,0
2021/3/19 17:11,42163.7791,0
2021/3/20 13:58,42163.8702,0
2021/3/21 14:05,42163.9801,0
2021/3/22 20:52,42164.1183,0
2021/3/23 13:01,42164.1918,0
2021/3/24 12:14,42164.2977,0
2021/3/25 19:44,42164.4429,0
2021/3/26 20:15,42164.566,0
2021/3/27 11:21,42164.6364,0
2021/3/28 13:12,42164.7631,0
2021/3/29 20:12,42164.9131,0
2021/3/30 20:19,42165.0291,0
2021/3/31 20:26,42165.1572,0
2021/4/1 20:33,42165.2884,0
2021/4/2 20:40,42165.4278,0
2021/4/3 15:20,42165.5279,0
2021/4/4 15:08,42165.6501,0
2021/4/5 12:25,42165.7712,0
2021/4/6 12:32,42165.8923,3
2021/4/7 21:16,42165.9072,3
2021/4/8 10:26,42165.9417,3
2021/4/9 17:32,42163.4826,3
2021/4/10 21:37,42163.5624,3
2021/4/11 19:02,42163.6527,3
2021/4/12 18:24,42163.7441,0
2021/4/15 10:08,42164.0432,0
2021/4/17 7:09,42164.2027,0
2021/4/18 22:33,42164.402,0
2021/4/19 16:40,42164.5509,0
2021/4/20 21:04,42164.7188,0
2021/4/21 14:49,42164.8264,0
2021/4/22 21:18,42165.0176,0
2021/4/23 17:58,42165.1469,0
2021/4/24 12:55,42165.2643,0
2021/4/25 18:12,42165.4362,0
2021/4/26 12:41,42165.534,0
2021/4/27 13:30,42165.6549,0
2021/4/28 9:57,42165.7418,0
2021/4/29 11:47,42165.8391,0
2021/4/30 13:38,42165.9237,0
2021/5/1 14:59,42165.9969,0
2021/5/2 19:50,42166.0732,0
2021/5/3 13:59,42166.1211,0
2021/5/4 12:22,42166.1791,0
2021/5/5 17:39,42166.2604,3
2021/5/6 12:36,42166.3151,3
2021/5/7 12:43,42166.3916,3
2021/5/8 21:27,42163.0837,3
2021/5/9 6:04,42163.131,3
2021/5/10 9:38,42163.2423,3
2021/5/11 9:42,42163.3491,0
2021/5/12 16:14,42163.4873,0
2021/5/13 16:52,42163.6042,0
2021/5/14 11:49,42163.6995,0
2021/5/15 20:33,42163.8683,0
2021/5/16 18:57,42163.9899,0
2021/5/17 20:47,42164.1377,0
2021/5/18 13:05,42164.2319,0
2021/5/19 13:35,42164.3816,0
2021/5/20 15:58,42164.5467,0
2021/5/21 17:49,42164.7098,0
2021/5/22 19:39,42164.8677,0
2021/5/23 19:46,42165.0059,0
2021/5/24 13:00,42165.0947,0
2021/5/25 9:40,42165.1928,0
2021/5/26 10:49,42165.2988,0
2021/5/27 17:19,42165.4096,0
2021/5/28 13:28,42165.4704,0
2021/5/29 10:08,42165.5276,0
2021/5/30 13:45,42165.6016,0
2021/5/31 17:16,42165.672,0
2021/6/1 20:49,42165.7443,0
2021/6/2 23:47,42165.822,0
2021/6/3 17:37,42165.8769,0
2021/6/4 21:10,42165.9683,0
2021/6/5 12:41,42166.0235,3
2021/6/6 20:13,42166.1452,3
2021/6/7 10:01,42166.2044,3
2021/6/8 21:39,42163.1908,3
2021/6/9 15:14,42163.2718,3
2021/6/10 18:26,42163.4043,3
2021/6/11 18:33,42163.5282,0
2021/6/12 18:40,42163.6578,0
2021/6/13 18:47,42163.7915,0
2021/6/14 18:54,42163.9297,0
2021/6/15 19:01,42164.0732,0
2021/6/16 14:53,42164.1932,0
2021/6/17 14:05,42164.3375,0
2021/6/18 15:14,42164.4934,0
2021/6/19 14:31,42164.6327,0
2021/6/20 7:33,42164.7283,0
2021/6/21 12:51,42164.8814,0
2021/6/22 21:23,42165.028,0
2021/6/23 13:04,42165.0877,0
2021/6/24 18:21,42165.1889,0
2021/6/25 13:18,42165.2453,0
2021/6/26 20:18,42165.3297,0
2021/6/27 13:32,42165.3768,0
2021/6/28 20:32,42165.4564,0
2021/6/29 20:39,42165.5234,0
2021/6/30 17:20,42165.5848,0
2021/7/1 19:10,42165.6655,0
2021/7/2 12:24,42165.723,0
2021/7/3 12:30,42165.8099,0
2021/7/4 14:35,42165.9114,0
2021/7/5 19:38,42166.0347,3
2021/7/6 13:56,42166.1177,3
2021/7/7 14:29,42166.2341,3
2021/7/8 18:16,42163.214,3
2021/7/9 9:46,42163.2961,3
2021/7/10 13:20,42163.438,3
2021/7/11 19:35,42163.6143,0
2021/7/12 13:34,42163.7155,0
2021/7/13 13:41,42163.8596,0
2021/7/14 18:47,42164.0379,0
2021/7/15 7:33,42164.1152,0
2021/7/16 12:44,42164.2893,0
2021/7/17 8:59,42164.4045,0
2021/7/18 13:19,42164.5587,0
2021/7/19 21:16,42164.709,0
2021/7/20 12:47,42164.7754,0
2021/7/21 12:54,42164.8671,0
2021/7/22 18:11,42164.9647,0
2021/7/23 21:05,42165.0434,0
2021/7/24 13:41,42165.0911,0
2021/7/25 20:15,42165.1727,0
2021/7/26 11:03,42165.2167,0
2021/7/27 11:52,42165.2868,0
2021/7/28 10:20,42165.3535,0
2021/7/29 12:06,42165.4353,0
2021/7/30 19:07,42165.5438,0
2021/7/31 21:13,42165.6439,0
2021/8/1 11:49,42165.7011,0
2021/8/2 13:27,42165.8105,0
2021/8/3 12:41,42165.917,0
2021/8/4 13:37,42166.0378,0
2021/8/5 13:58,42166.1626,3
2021/8/6 23:22,42166.3459,3
2021/8/7 14:53,42166.4312,3
2021/8/8 16:43,42162.9671,3
2021/8/9 13:23,42163.0769,3
2021/8/10 13:57,42163.2406,3
2021/8/11 20:05,42163.4254,0
2021/8/12 12:01,42163.5193,0
2021/8/13 10:25,42163.6482,0
2021/8/14 13:27,42163.7948,0
2021/8/15 10:50,42163.9011,0
2021/8/16 12:29,42164.0182,0
2021/8/17 16:03,42164.1293,0
2021/8/18 12:43,42164.2024,0
2021/8/19 21:27,42164.3064,0
2021/8/20 19:50,42164.3723,0
2021/8/21 21:41,42164.4457,0
2021/8/22 21:48,42164.5147,0
2021/8/23 20:11,42164.58,0
2021/8/24 18:35,42164.6487,0
2021/8/25 22:09,42164.7395,0
2021/8/26 18:49,42164.8099,0
2021/8/27 18:02,42164.8948,0
2021/8/28 20:46,42165.0008,0
2021/8/29 13:08,42165.0656,0
2021/8/30 12:24,42165.1673,0
2021/8/31 12:31,42165.2798,0
2021/9/1 19:31,42165.4351,0
2021/9/2 12:45,42165.5251,0
2021/9/3 17:45,42165.6874,0
2021/9/4 12:59,42165.7964,0
2021/9/5 18:16,42165.9742,0
2021/9/6 20:06,42166.1315,0
2021/9/7 21:56,42166.2876,3
2021/9/8 13:27,42166.3779,3
2021/9/9 5:57,42166.4752,3
2021/9/10 22:17,42163.299,3
2021/9/11 12:04,42163.3721,3
2021/9/12 13:59,42163.4941,3
2021/9/13 12:18,42163.5882,0
2021/9/14 12:49,42163.6799,0
2021/9/15 10:49,42163.7547,0
2021/9/16 12:39,42163.8358,0
2021/9/17 21:23,42163.9316,0
2021/9/18 12:53,42163.977,0
2021/9/19 13:25,42164.048,0
2021/9/20 11:24,42164.1144,0
2021/9/21 11:31,42164.1901,0
2021/9/22 13:13,42164.275,0
2021/9/23 13:28,42164.3602,0
2021/9/24 13:05,42164.448,0
2021/9/25 17:09,42164.5612,0
2021/9/26 21:15,42164.6829,0
2021/9/27 20:49,42164.7892,0
2021/9/28 22:40,42164.9148,0
2021/9/29 22:47,42165.0392,0
2021/9/30 12:34,42165.1127,0
2021/10/1 12:26,42165.2484,0
2021/10/2 17:55,42165.4261,0
2021/10/3 18:12,42165.5761,0
2021/10/4 20:07,42165.7362,0
2021/10/5 21:45,42165.8923,0
2021/10/6 21:52,42166.0328,0
2021/10/7 13:31,42166.1208,3
2021/10/8 11:46,42166.2397,3
2021/10/9 2:21,42166.3101,3
2021/10/10 18:53,42163.4713,3
2021/10/11 12:58,42163.5448,3
2021/10/12 12:14,42163.6283,3
2021/10/13 20:13,42163.7245,0
2021/10/14 13:39,42163.7766,0
2021/10/15 18:01,42163.8582,0
2021/10/16 14:25,42163.9171,0
2021/10/17 16:15,42163.9933,0
2021/10/18 10:36,42164.0505,0
2021/10/19 18:13,42164.1531,0
2021/10/20 20:03,42164.2448,0
2021/10/21 13:17,42164.3064,0
2021/10/22 16:50,42164.4144,0
2021/10/23 18:40,42164.5214,0
2021/10/24 12:56,42164.5982,0
2021/10/25 13:25,42164.7098,0
2021/10/26 10:25,42164.8105,0
2021/10/27 21:11,42164.9904,0
2021/10/28 9:31,42165.0572,0
2021/10/29 22:14,42165.2716,0
2021/10/30 12:36,42165.3599,0
2021/10/31 12:43,42165.511,0
2021/11/1 14:25,42165.6739,0
2021/11/2 19:50,42165.8556,0
2021/11/3 18:14,42165.9865,0
2021/11/4 13:11,42166.0925,0
2021/11/5 13:18,42166.2164,0
2021/11/6 13:24,42166.3274,0
2021/11/7 10:05,42166.4144,0
2021/11/8 13:38,42166.5136,3
2021/11/9 10:32,42166.5829,3
2021/11/10 15:35,42166.6698,3
2021/11/11 17:26,42163.3323,3
2021/11/12 19:16,42163.401,3
2021/11/13 20:25,42163.4758,3
2021/11/14 14:33,42163.5291,0
2021/11/15 12:43,42163.598,0
2021/11/16 14:24,42163.6833,0
2021/11/17 21:34,42163.7951,0
2021/11/18 14:03,42163.8557,0
2021/11/19 11:28,42163.9395,0
2021/11/20 20:12,42164.0799,0
2021/11/21 20:50,42164.1901,0
2021/11/22 13:51,42164.2689,0
2021/11/23 21:11,42164.4239,0
2021/11/24 18:56,42164.5385,0
2021/11/25 12:10,42164.6358,0
2021/11/26 12:16,42164.7765,0
2021/11/27 13:13,42164.9296,0
2021/11/28 14:00,42165.0858,0
2021/11/29 12:37,42165.2285,0
2021/11/30 7:34,42165.3473,0
2021/12/1 11:08,42165.5122,0
2021/12/2 12:58,42165.6549,0
2021/12/3 13:05,42165.776,0
2021/12/4 4:35,42165.8505,0
2021/12/5 9:55,42165.9689,0
2021/12/6 13:28,42166.0636,3
2021/12/7 14:05,42166.1407,3
2021/12/8 13:39,42166.2094,3
2021/12/9 22:23,42163.4831,3
2021/12/10 20:14,42163.4186,3
2021/12/11 14:00,42163.4643,3
2021/12/12 12:24,42163.5316,0
2021/12/13 12:31,42163.6062,0
2021/12/14 12:38,42163.6869,0
2021/12/15 16:44,42163.7884,0
2021/12/16 21:50,42163.9014,0
2021/12/17 20:05,42163.9925,0
2021/12/18 21:42,42164.104,0
2021/12/19 20:06,42164.2069,0
2021/12/20 20:03,42164.3218,0
2021/12/21 20:19,42164.4449,0
2021/12/22 13:33,42164.5388,0
2021/12/23 11:49,42164.6636,0
2021/12/24 20:40,42164.8545,0
2021/12/25 13:54,42164.9624,0
2021/12/26 13:49,42165.1115,0
2021/12/27 13:07,42165.2565,0
2021/12/28 17:41,42165.4286,0
2021/12/29 20:20,42165.5806,0
2021/12/30 12:45,42165.6675,0
2021/12/31 14:21,42165.7917,0
2022/1/1 16:25,42165.9044,0
2022/1/2 16:32,42165.9963,0
2022/1/3 13:13,42166.0667,0
2022/1/4 18:30,42166.1587,0
2022/1/5 18:36,42166.2279,0
2022/1/6 20:26,42166.3,3
2022/1/7 20:20,42166.365,3
2022/1/8 5:47,42166.3922,3
2022/1/9 10:27,42163.9782,3
2022/1/10 5:51,42163.179,3
2022/1/11 12:24,42163.2561,3
2022/1/12 12:31,42163.3466,0
2022/1/13 12:38,42163.4408,0
2022/1/14 13:27,42163.5439,0
2022/1/15 18:02,42163.6709,0
2022/1/16 19:51,42163.792,0
2022/1/17 13:49,42163.8817,0
2022/1/18 17:50,42164.0264,0
2022/1/19 18:29,42164.1609,0
2022/1/20 15:10,42164.2809,0
2022/1/21 14:19,42164.4177,0
2022/1/22 20:33,42164.5994,0
2022/1/23 19:05,42164.7367,0
2022/1/24 14:22,42164.8528,0
2022/1/25 12:17,42164.9803,0
2022/1/26 13:35,42165.1197,0
2022/1/27 14:30,42165.247,0
2022/1/28 10:54,42165.3426,0
2022/1/29 12:54,42165.4519,0
2022/1/30 13:33,42165.545,0
2022/1/31 12:58,42165.6249,0
2022/2/1 13:05,42165.7006,0
2022/2/2 13:12,42165.772,0
2022/2/3 16:46,42165.8517,0
2022/2/4 18:36,42165.9246,0
2022/2/5 18:43,42165.9938,0
2022/2/6 19:39,42166.0687,3
2022/2/7 12:03,42166.1225,3
2022/2/8 5:12,42166.1786,3
2022/2/9 17:27,42163.1714,3
2022/2/10 19:17,42163.057,3
2022/2/11 12:30,42163.1246,3
2022/2/12 14:17,42163.2432,0
2022/2/13 14:01,42163.3595,0
2022/2/14 18:01,42163.5027,0
2022/2/15 12:58,42163.6065,0
2022/2/16 20:41,42163.7822,0
2022/2/17 20:05,42163.919,0
2022/2/18 20:12,42164.0628,0
2022/2/19 21:13,42164.2134,0
2022/2/20 21:24,42164.3566,0
2022/2/21 20:57,42164.4909,0
2022/2/22 18:56,42164.6089,0
2022/2/23 13:37,42164.7039,0
2022/2/24 12:16,42164.8121,0
2022/2/25 20:59,42164.956,0
2022/2/26 21:06,42165.0499,0
2022/2/27 21:13,42165.1354,0
2022/2/28 12:43,42165.1833,0
2022/3/1 12:50,42165.2593,0
2022/3/2 13:50,42165.3347,0
2022/3/3 13:51,42165.4054,0
2022/3/4 12:36,42165.4721,0
2022/3/5 19:56,42165.5643,0
2022/3/6 20:34,42165.6406,0
2022/3/7 9:12,42165.6843,0
2022/3/8 13:02,42165.781,3
2022/3/9 20:38,42165.8971,3
2022/3/10 13:48,42165.9686,3
2022/3/11 20:51,42163.177,3
2022/3/12 17:32,42163.2631,3
2022/3/13 17:38,42163.3844,3
2022/3/14 22:55,42163.5428,0
2022/3/15 20:16,42163.6606,0
2022/3/16 14:54,42163.7707,0
2022/3/17 12:26,42163.8988,0
2022/3/18 19:56,42164.0861,0
2022/3/19 13:09,42164.1881,0
2022/3/20 11:33,42164.3171,0
2022/3/21 11:39,42164.4514,0
2022/3/22 13:29,42164.5873,0
2022/3/23 13:39,42164.7053,0
2022/3/24 11:59,42164.8051,0
2022/3/25 13:50,42164.9131,0
2022/3/26 13:56,42165.0045,0
2022/3/27 19:13,42165.1062,0
2022/3/28 12:26,42165.1595,0
2022/3/29 17:43,42165.2517,0
2022/3/30 19:33,42165.3288,0
2022/3/31 17:57,42165.3944,0
2022/4/1 14:04,42165.4555,0
2022/4/2 19:54,42165.5461,0
2022/4/3 11:24,42165.5999,0
2022/4/4 16:40,42165.6961,0
2022/4/5 13:20,42165.7723,0
2022/4/6 19:20,42165.8862,3
2022/4/7 20:27,42165.9918,3
2022/4/8 11:57,42166.0617,3
2022/4/9 20:41,42163.2482,3
2022/4/10 15:52,42163.3609,3
2022/4/11 14:01,42163.4868,3
2022/4/12 19:18,42163.6558,0
2022/4/13 19:24,42163.7999,0
2022/4/14 12:49,42163.9081,0
2022/4/15 21:49,42164.1108,0
2022/4/16 12:06,42164.1932,0
2022/4/17 13:27,42164.3387,0
2022/4/18 19:58,42164.5052,0
2022/4/19 14:41,42164.5954,0
2022/4/20 13:18,42164.7003,0
2022/4/21 16:51,42164.8178,0
2022/4/22 13:31,42164.8976,0
2022/4/23 23:58,42165.0179,0
2022/4/24 13:35,42165.0631,0
2022/4/25 12:26,42165.1331,0
2022/4/26 13:34,42165.2085,0
2022/4/27 17:38,42165.2904,0
2022/4/28 12:28,42165.3459,0
2022/4/29 3:58,42165.3947,0
2022/4/30 14:25,42165.5012,0
2022/5/1 19:41,42165.5971,0
2022/5/2 19:48,42165.6835,0
2022/5/3 20:15,42165.7765,0
2022/5/4 11:24,42165.8393,0
2022/5/5 21:35,42165.9854,3
2022/5/6 11:38,42166.049,3
2022/5/7 11:44,42166.1662,3
2022/5/8 21:42,42163.2045,3
2022/5/9 21:15,42163.3438,3
2022/5/10 12:04,42163.4329,3
2022/5/11 19:04,42163.6241,0
2022/5/12 22:09,42163.794,0
2022/5/13 12:30,42163.8806,0
2022/5/14 12:17,42164.0227,0
2022/5/15 12:03,42164.1587,0
2022/5/16 17:17,42164.3165,0
2022/5/17 11:07,42164.4017,0
2022/5/18 15:47,42164.5318,0
2022/5/19 9:37,42164.6036,0
2022/5/20 13:10,42164.7084,0
2022/5/21 11:33,42164.7841,0
2022/5/22 20:09,42164.8842,0
2022/5/23 20:23,42164.9548,0
2022/5/24 20:39,42165.0232,0
2022/5/25 14:01,42165.072,0
2022/5/26 15:33,42165.1458,0
2022/5/27 9:51,42165.2032,0
2022/5/28 12:00,42165.2865,0
2022/5/29 15:51,42165.3801,0
2022/5/30 21:55,42165.4917,0
2022/5/31 23:09,42165.5932,0
2022/6/1 20:45,42165.684,3
2022/6/2 16:14,42165.7704,3
2022/6/3 10:05,42165.8536,3
2022/6/5 6:12,42163.5927,3
2022/6/6 6:25,42163.6465,3
2022/6/7 12:04,42163.8722,3
2022/6/8 22:01,42164.085,0
2022/6/9 11:47,42164.1702,0
2022/6/10 11:19,42164.3157,0
2022/6/11 4:24,42164.4197,0
2022/6/12 12:25,42164.6027,0
2022/6/13 14:09,42164.7398,0
2022/6/14 19:21,42164.8805,0
2022/6/15 23:47,42165.0008,0
2022/6/19 13:22,42165.2907,0
2022/6/20 18:17,42165.37,0
2022/6/21 9:47,42165.4118,0
2022/6/22 13:47,42165.4875,0
2022/6/23 11:43,42165.5503,0
2022/6/24 8:23,42165.6151,0
2022/6/26 14:12,42165.7945,0
2022/6/27 12:09,42165.8789,0
2022/6/28 12:16,42165.9759,0
2022/6/29 13:22,42166.0832,0
2022/6/30 14:19,42166.1971,3
2022/7/1 13:08,42166.307,3
2022/7/2 10:58,42166.4191,3
2022/7/3 12:48,42163.1226,3
2022/7/4 12:01,42163.2653,3
2022/7/5 13:23,42163.4214,3
2022/7/6 11:24,42163.5546,0
2022/7/7 13:14,42163.7155,0
2022/7/8 12:00,42163.8537,0
2022/7/9 13:32,42164.0054,0
2022/7/10 15:26,42164.15,0
2022/7/11 11:57,42164.2551,0
2022/7/12 12:04,42164.3715,0
2022/7/13 13:21,42164.4822,0
2022/7/14 12:17,42164.5736,0
2022/7/15 14:12,42164.665,0
2022/7/16 10:46,42164.732,0
2022/7/17 12:36,42164.8077,0
2022/7/18 19:36,42164.8904,0
2022/7/19 11:06,42164.9316,0
2022/7/20 12:22,42164.9983,0
2022/7/21 10:31,42165.0611,0
2022/7/22 4:40,42165.1202,0
2022/7/23 11:31,42165.2161,0
2022/7/24 11:57,42165.3044,0
2022/7/25 18:38,42165.4253,0
2022/7/26 19:22,42165.5312,0
2022/7/27 12:47,42165.6086,0
2022/7/28 18:57,42165.7541,0
2022/7/29 19:30,42165.8791,0
2022/7/30 19:10,42166.0056,0
2022/7/31 20:09,42166.1466,0
2022/8/1 13:28,42166.2459,3
2022/8/2 12:36,42166.3858,3
2022/8/3 5:58,42166.4929,3
2022/8/4 23:09,42163.2014,3
2022/8/5 19:49,42163.3329,3
2022/8/6 12:25,42163.4377,3
2022/8/7 13:23,42163.5812,0
2022/8/8 12:08,42163.6984,0
2022/8/9 18:31,42163.8397,0
2022/8/10 11:44,42163.9168,0
2022/8/11 12:49,42164.0163,0
2022/8/12 11:57,42164.0995,0
2022/8/13 16:55,42164.1895,0
2022/8/14 20:53,42164.2714,0
2022/8/16 8:49,42164.3681,0
2022/8/18 6:53,42164.497,0
2022/8/19 20:12,42164.6131,0
2022/8/20 19:42,42164.6944,0
2022/8/21 12:45,42164.758,0
2022/8/22 17:26,42164.8755,0
2022/8/23 13:08,42164.9613,0
2022/8/24 13:22,42165.0737,0
2022/8/25 15:05,42165.201,0
2022/8/26 16:54,42165.3364,0
2022/8/27 20:15,42165.4867,0
2022/8/28 20:25,42165.624,0
2022/8/29 13:02,42165.7193,0
2022/8/30 19:56,42165.903,0
2022/8/31 13:05,42166.0073,0
2022/9/1 14:48,42166.1595,0
2022/9/2 12:29,42166.2848,3
2022/9/3 12:17,42166.416,3
2022/9/4 12:13,42166.5414,3
2022/9/5 19:41,42163.2266,3
2022/9/6 19:04,42163.2847,3
2022/9/7 12:20,42163.3679,3
2022/9/8 11:24,42163.4607,0
2022/9/9 18:24,42163.5669,0
2022/9/10 20:13,42163.6479,0
2022/9/11 20:20,42163.7194,0
2022/9/12 12:01,42163.7626,0
2022/9/13 13:47,42163.8327,0
2022/9/14 20:03,42163.9213,0
2022/9/15 19:02,42163.9891,0
2022/9/16 20:52,42164.074,0
2022/9/17 20:58,42164.1604,0
2022/9/18 18:35,42164.2442,0
2022/9/19 13:00,42164.3213,0
2022/9/20 13:05,42164.4298,0
2022/9/21 20:05,42164.5814,0
2022/9/22 13:05,42164.6675,0
2022/9/23 19:38,42164.8337,0
2022/9/24 13:03,42164.929,0
2022/9/25 13:04,42165.0673,0
2022/9/26 19:51,42165.247,0
2022/9/27 13:34,42165.3524,0
2022/9/28 13:06,42165.4909,0
2022/9/29 18:48,42165.6568,0
2022/9/30 13:13,42165.7622,0
2022/10/1 13:30,42165.8901,0
2022/10/2 13:10,42166.0081,0
2022/10/3 13:09,42166.12,0
2022/10/4 11:36,42166.2178,0
2022/10/5 11:37,42166.3154,0
2022/10/6 20:36,42166.4357,3
2022/10/7 13:39,42166.4943,3
2022/10/8 4:15,42166.5453,3
2022/10/9 20:38,42163.3418,3
2022/10/10 21:05,42163.4007,3
2022/10/11 20:29,42163.4828,3
2022/10/12 13:47,42163.5308,0
2022/10/13 20:01,42163.6278,0
2022/10/14 20:18,42163.7091,0
2022/10/15 20:51,42163.8004,0
2022/10/16 18:52,42163.8896,0
2022/10/17 18:58,42163.995,0
2022/10/18 13:31,42164.0833,0
2022/10/19 21:03,42164.2414,0
2022/10/20 18:33,42164.3574,0
2022/10/21 12:34,42164.4567,0
2022/10/22 13:30,42164.6002,0
2022/10/23 19:45,42164.7774,0
2022/10/24 18:10,42164.9091,0
2022/10/25 20:26,42165.0628,0
2022/10/26 20:25,42165.2001,0
2022/10/27 13:50,42165.2997,0
2022/10/28 12:18,42165.4213,0
2022/10/29 21:00,42165.5848,0
2022/10/30 12:10,42165.6577,0
2022/10/31 12:02,42165.7636,0
2022/11/1 13:35,42165.8679,0
2022/11/2 20:18,42165.9832,0
2022/11/3 13:24,42166.0418,0
2022/11/4 13:34,42166.12,0
2022/11/5 19:13,42166.2111,3
2022/11/6 12:00,42166.2593,3
2022/11/7 16:56,42166.3457,3
2022/11/8 16:55,42163.3617,3
2022/11/9 23:04,42163.362,3
2022/11/10 23:11,42163.3982,3
2022/11/11 20:17,42163.4727,0
2022/11/12 20:22,42163.5638,0
2022/11/13 18:20,42163.6558,0
2022/11/14 18:26,42163.7632,0
2022/11/15 18:32,42163.8803,0
2022/11/16 15:12,42163.9885,0
2022/11/17 20:14,42164.1461,0
2022/11/18 13:47,42164.2476,0
2022/11/19 10:46,42164.3703,0
2022/11/23 3:51,42164.9033,0
2022/11/24 12:01,42165.0821,0
2022/11/25 13:18,42165.215,0
2022/11/26 19:39,42165.3644,0
2022/11/27 12:47,42165.4421,0
2022/11/28 14:02,42165.5483,0
2022/11/29 20:57,42165.6675,0
2022/11/30 18:48,42165.7404,0
2022/12/1 13:17,42165.7987,0
2022/12/2 13:48,42165.8721,0
2022/12/3 20:22,42165.9602,0
2022/12/4 20:28,42166.0294,0
2022/12/5 20:56,42166.1012,3
2022/12/6 14:07,42166.1519,3
2022/12/7 5:46,42166.1999,3
2022/12/9 13:17,42163.5134,3
2022/12/10 18:57,42163.6205,3
2022/12/11 19:28,42163.7228,3
2022/12/12 21:14,42163.8408,0
2022/12/13 21:23,42163.9599,0
2022/12/14 18:03,42164.0701,0
2022/12/15 19:04,42164.2086,0
2022/12/16 21:10,42164.3611,0
2022/12/17 13:48,42164.4612,0
2022/12/18 11:34,42164.5935,0
2022/12/19 19:43,42164.7872,0
2022/12/20 12:46,42164.8895,0
2022/12/21 12:47,42165.0291,0
2022/12/22 12:16,42165.1606,0
2022/12/23 12:07,42165.2862,0
2022/12/24 12:19,42165.4045,0
2022/12/25 20:53,42165.5517,0
2022/12/26 12:24,42165.6097,0
2022/12/27 13:20,42165.7003,0
2022/12/28 12:34,42165.776,0
2022/12/29 11:42,42165.8447,0
2022/12/30 12:46,42165.9142,0
2022/12/31 18:02,42165.9932,0
2023/1/1 19:51,42166.0642,0
2023/1/2 19:57,42166.1346,0
2023/1/3 6:17,42166.1634,3
2023/1/4 20:10,42166.291,3
2023/1/5 13:22,42166.3521,3
2023/1/7 19:35,42163.1481,3
2023/1/8 20:48,42163.2521,3
2023/1/9 20:40,42163.3774,3
2023/1/10 20:46,42163.4991,0
2023/1/11 14:20,42163.5947,0
2023/1/12 21:02,42163.766,0
2023/1/13 21:30,42163.9109,0
2023/1/14 14:26,42164.0121,0
2023/1/15 15:07,42164.1615,0
2023/1/16 19:38,42164.3339,0
2023/1/17 14:53,42164.448,0
2023/1/18 14:06,42164.5826,0
2023/1/19 15:03,42164.721,0
2023/1/20 10:35,42164.8234,0
2023/1/21 10:52,42164.9422,0
2023/1/23 14:07,42165.1589,0
2023/1/24 19:57,42165.2643,0
2023/1/25 13:38,42165.317,0
2023/1/26 13:44,42165.3852,0
2023/1/27 15:09,42165.4516,0
2023/1/28 20:49,42165.5251,0
2023/1/29 16:38,42165.5806,0
2023/1/30 21:00,42165.6605,0
2023/1/31 12:30,42165.7095,3
2023/2/1 12:36,42165.7908,3
2023/2/2 12:42,42165.8794,3
2023/2/3 14:31,42163.0512,3
2023/2/4 12:55,42163.1655,3
2023/2/5 12:59,42163.2751,3
2023/2/6 20:42,42163.4262,0
2023/2/7 20:04,42163.5487,0
2023/2/8 15:05,42163.6519,0
2023/2/9 20:15,42163.8145,0
2023/2/10 18:38,42163.9437,0
2023/2/11 20:27,42164.0973,0
2023/2/12 14:12,42164.201,0
2023/2/13 14:31,42164.3451,0
2023/2/14 14:24,42164.4847,0
2023/2/15 13:55,42164.6179,0
2023/2/16 15:19,42164.7569,0
2023/2/17 17:11,42164.8906,0
2023/2/18 13:54,42164.9865,0
2023/2/19 12:45,42165.0858,0
2023/2/20 23:03,42165.2214,0
2023/2/21 14:08,42165.2691,0
2023/2/22 12:31,42165.3381,0
2023/2/23 14:15,42165.409,0
2023/2/24 14:58,42165.4715,0
2023/2/25 17:51,42165.5368,0
2023/2/26 14:43,42165.5932,0
2023/2/27 10:30,42165.6473,0
2023/2/28 12:06,42165.7264,0
2023/3/1 21:00,42165.8407,0
2023/3/2 18:49,42165.9246,0
2023/3/3 12:58,42166.0005,0
2023/3/4 13:50,42166.1102,0
2023/3/5 21:18,42166.2576,3
2023/3/6 19:23,42166.3687,3
2023/3/7 20:15,42166.4999,3
2023/3/8 22:49,42163.0882,3
2023/3/9 21:30,42163.2185,3
2023/3/10 19:55,42163.3483,3
2023/3/12 9:26,42163.5151,0
2023/3/13 13:52,42163.7315,0
2023/3/14 13:04,42163.8629,0
2023/3/15 13:09,42163.9964,0
2023/3/16 10:51,42164.1096,0
2023/3/17 20:06,42164.2795,0
2023/3/18 10:51,42164.3434,0
2023/3/19 11:31,42164.4502,0
2023/3/20 13:45,42164.5526,0
2023/3/21 20:43,42164.6571,0
2023/3/22 21:01,42164.7275,0
2023/3/23 13:46,42164.7743,0
2023/3/24 20:44,42164.8494,0
2023/3/25 19:14,42164.9075,0
2023/3/26 21:02,42164.9775,0
2023/3/27 19:24,42165.0451,0
2023/3/28 21:22,42165.1317,0
2023/3/29 12:42,42165.1872,0
2023/3/30 21:24,42165.3168,0
2023/3/31 15:51,42165.3953,0
2023/4/1 14:13,42165.4981,0
2023/4/2 19:57,42165.6425,0
2023/4/3 13:15,42165.7334,3
2023/4/4 13:41,42165.8629,3
2023/4/5 13:05,42165.9918,3
2023/4/7 22:07,42163.4985,3
2023/4/8 23:56,42163.6325,3
2023/4/9 14:32,42163.7124,3
2023/4/10 13:59,42163.8473,0
2023/4/11 21:37,42164.0233,0
2023/4/12 13:29,42164.1074,0
2023/4/13 22:20,42164.2711,0
2023/4/14 13:44,42164.3457,0
2023/4/15 11:41,42164.4413,0
2023/4/16 12:33,42164.5425,0
2023/4/17 14:15,42164.6369,0
2023/4/18 14:03,42164.7149,0
2023/4/19 12:58,42164.783,0
2023/4/20 19:50,42164.8643,0
2023/4/21 20:55,42164.9299,0
2023/4/22 13:08,42164.977,0
2023/4/23 13:13,42165.0437,0
2023/4/24 13:19,42165.1155,0
2023/4/25 13:24,42165.1951,0
2023/4/26 13:29,42165.2828,0
2023/4/27 20:33,42165.4107,0
2023/4/28 20:33,42165.5181,0
2023/4/29 12:04,42165.5915,0
2023/4/30 12:05,42165.7115,0
2023/5/1 15:09,42165.8536,0
2023/5/2 18:13,42166.0031,0
2023/5/3 19:15,42166.1458,0
2023/5/4 21:13,42166.296,3
2023/5/5 16:58,42166.4093,3
2023/5/6 10:55,42166.5108,3
2023/5/7 16:22,42163.4859,3
2023/5/8 22:52,42163.6592,3
2023/5/10 11:35,42163.8492,3
2023/5/11 11:35,42163.9661,0
2023/5/12 20:02,42164.1113,0
2023/5/13 12:51,42164.1817,0
2023/5/14 2:16,42164.2319,0
2023/5/15 14:18,42164.3577,0
2023/5/16 12:41,42164.427,0
2023/5/17 17:02,42164.5066,0
2023/5/18 17:20,42164.5722,0
2023/5/19 17:12,42164.6375,0
2023/5/20 17:17,42164.7065,0
2023/5/21 14:06,42164.7707,0
2023/5/22 12:18,42164.8419,0
2023/5/23 21:31,42164.9613,0
2023/5/24 16:43,42165.0345,0
2023/5/25 17:43,42165.1407,0
2023/5/26 20:21,42165.2649,0
2023/5/27 20:06,42165.3818,0
2023/5/28 21:14,42165.5141,0
2023/5/29 21:10,42165.6453,0
2023/5/30 21:12,42165.7821,0
2023/5/31 13:36,42165.8763,0
2023/6/1 9:42,42165.9918,0
2023/6/2 13:58,42166.1595,0
2023/6/3 13:50,42166.2994,0
2023/6/4 18:16,42166.4654,0
2023/6/5 13:29,42166.5736,3
2023/6/6 20:50,42166.7413,3
2023/6/7 15:12,42166.8357,3
2023/6/8 5:56,42163.0554,3
2023/6/9 8:40,42163.3732,3
2023/6/10 10:13,42163.4876,3
2023/6/11 15:43,42163.5933,0
2023/6/12 14:01,42163.662,0
2023/6/13 21:03,42163.7525,0
2023/6/14 10:10,42163.7889,0
2023/6/15 19:05,42163.8761,0
2023/6/16 18:19,42163.942,0
2023/6/17 17:56,42164.0135,0
2023/6/18 12:08,42164.0729,0
2023/6/19 19:50,42164.1836,0
2023/6/20 13:02,42164.2464,0
2023/6/21 18:24,42164.3667,0
2023/6/22 18:38,42164.4735,0
2023/6/23 21:53,42164.605,0
2023/6/25 1:47,42164.7488,0
2023/6/26 9:56,42164.9209,0
2023/6/27 11:42,42165.0678,0
2023/6/28 11:47,42165.2077,0
2023/6/29 18:57,42165.3936,0
2023/7/1 0:11,42165.566,0
2023/7/2 1:16,42165.7137,0
2023/7/3 11:58,42165.9139,0
2023/7/4 16:04,42166.0639,0
2023/7/5 18:55,42166.1948,3
2023/7/6 20:13,42166.3064,3
2023/7/7 21:15,42166.4045,3
2023/7/9 18:57,42163.3245,3
2023/7/11 1:57,42163.4607,3
2023/7/12 9:51,42163.5375,3
2023/7/13 17:42,42163.6216,0
2023/7/15 1:38,42163.7133,0
2023/7/16 2:08,42163.792,0
2023/7/17 13:02,42163.9123,0
2023/7/18 13:08,42164.0062,0
2023/7/19 17:53,42164.129,0
2023/7/20 18:43,42164.2417,0
2023/7/21 18:59,42164.3591,0
2023/7/24 9:17,42164.693,0
2023/7/25 14:12,42164.8595,0
2023/7/27 14:09,42165.1429,0
2023/7/28 17:26,42165.3055,0
2023/7/29 19:37,42165.46,0
2023/7/30 21:35,42165.6106,0
2023/8/1 18:12,42165.8539,0
2023/8/3 9:46,42166.0415,0
2023/8/4 19:33,42166.1671,3
2023/8/6 1:26,42166.2652,3
2023/8/7 8:22,42166.3448,3
2023/8/8 23:55,42163.1767,3
2023/8/10 0:00,42163.2342,3
2023/8/11 10:24,42163.3256,3
2023/8/12 19:05,42163.4343,0
2023/8/14 0:19,42163.5386,0
2023/8/15 0:24,42163.6328,0
2023/8/16 0:28,42163.734,0
2023/8/17 11:32,42163.8885,0
2023/8/18 19:34,42164.0474,0
2023/8/20 1:35,42164.2044,0
2023/8/21 11:12,42164.3894,0
2023/8/22 11:17,42164.5276,0
2023/8/23 11:22,42164.6683,0
2023/8/24 18:34,42164.8514,0
2023/8/25 17:19,42164.9874,0
2023/8/26 9:55,42165.0869,0
2023/8/27 17:19,42165.2697,0
2023/8/28 18:47,42165.4118,0
2023/8/29 18:12,42165.5343,0
2023/8/30 0:56,42165.5699,0
2023/8/31 11:59,42165.7264,0
2023/9/1 13:47,42165.8214,0
2023/9/2 18:01,42165.9097,0
2023/9/3 13:36,42165.9616,0
2023/9/4 1:25,42165.9975,0
2023/9/5 10:29,42166.0701,0
2023/9/6 13:06,42166.1382,3
2023/9/7 13:59,42166.2077,3
2023/9/8 17:27,42166.2946,3
2023/9/9 12:31,42163.015,3
2023/9/10 13:00,42163.0935,3
2023/9/11 13:32,42163.1941,3
2023/9/12 11:31,42163.2861,0
2023/9/13 16:25,42163.4181,0
2023/9/14 19:57,42163.5501,0
2023/9/15 13:08,42163.6348,0
2023/9/16 13:21,42163.7612,0
2023/9/17 9:25,42163.8697,0
2023/9/18 13:36,42164.0272,0
2023/9/19 8:41,42164.136,0
2023/9/20 12:51,42164.2991,0
2023/9/21 17:32,42164.4657,0
2023/9/22 15:25,42164.5954,0
2023/9/23 22:22,42164.7771,0
2023/9/24 12:48,42164.8606,0
2023/9/25 17:51,42165.0188,0
2023/9/26 10:34,42165.109,0
2023/9/27 18:03,42165.2545,0
2023/9/28 13:09,42165.3339,0
2023/9/29 13:53,42165.423,0
2023/9/30 5:42,42165.4738,0
2023/10/1 4:03,42165.5382,0
2023/10/2 21:35,42165.6436,0
2023/10/3 20:54,42165.6997,0
2023/10/4 17:23,42165.751,0
2023/10/5 19:50,42165.8284,0
2023/10/6 18:29,42165.9016,0
2023/10/7 12:44,42165.9663,0
2023/10/8 14:05,42166.0636,3
2023/10/9 13:50,42166.1615,3
2023/10/10 13:29,42166.2658,3
2023/10/13 17:45,42163.3029,3
2023/10/14 14:05,42163.4097,3
2023/10/15 20:35,42163.5728,3
2023/10/16 20:39,42163.7079,0
2023/10/17 13:33,42163.8077,0
2023/10/18 19:04,42163.9762,0
2023/10/19 13:40,42164.0864,0
2023/10/20 14:04,42164.2282,0
2023/10/21 14:08,42164.3664,0
2023/10/22 14:33,42164.5029,0
2023/10/23 21:09,42164.6652,0
2023/10/24 14:23,42164.7488,0
2023/10/25 14:52,42164.8581,0
2023/10/26 14:18,42164.9509,0
2023/10/27 8:27,42165.0146,0
2023/10/28 20:25,42165.1264,0
2023/10/29 19:54,42165.1881,0
2023/10/30 20:48,42165.2506,0
2023/10/31 14:19,42165.2918,0
2023/11/1 13:30,42165.3538,0
2023/11/2 13:05,42165.4236,0
2023/11/3 20:14,42165.5256,0
2023/11/4 13:37,42165.5907,0
2023/11/5 11:30,42165.6759,0
2023/11/6 21:21,42165.8194,0
2023/11/7 8:28,42165.8685,0
2023/11/8 20:35,42166.0418,3
2023/11/9 12:04,42166.1194,3
2023/11/10 13:51,42166.2526,3
2023/11/11 17:21,42163.3141,3
2023/11/12 19:09,42163.3971,3
2023/11/13 14:04,42163.5069,3
2023/11/14 19:17,42163.6721,0
2023/11/15 12:05,42163.7721,0
2023/11/16 21:09,42163.965,0
2023/11/17 19:30,42164.0928,0
2023/11/18 14:08,42164.1954,0
2023/11/19 13:57,42164.323,0
2023/11/20 13:31,42164.4418,0
2023/11/21 19:47,42164.5806,0
2023/11/22 14:06,42164.6554,0
2023/11/23 13:57,42164.7432,0
2023/11/24 13:33,42164.8197,0
2023/11/25 13:57,42164.8909,0
2023/11/26 20:07,42164.9739,0
2023/11/27 21:55,42165.0409,0
2023/11/28 18:32,42165.095,0
2023/11/29 12:52,42165.1466,0
2023/11/30 19:26,42165.2413,0
2023/12/1 20:07,42165.3269,0
2023/12/2 13:50,42165.3961,0
2023/12/3 13:43,42165.4925,0
2023/12/4 13:47,42165.5968,0
2023/12/5 19:01,42165.7314,0
2023/12/6 19:05,42165.8491,0
2023/12/7 19:09,42165.9725,0
2023/12/8 14:08,42166.0734,3
2023/12/9 19:17,42166.233,3
2023/12/10 19:21,42166.3698,3
2023/12/11 21:08,42163.2597,3
2023/12/12 19:29,42163.3825,3
2023/12/13 12:40,42163.487,3
2023/12/14 1:38,42163.5653,0
2023/12/15 21:24,42163.8341,0
2023/12/16 14:15,42163.9159,0
2023/12/17 15:25,42164.0499,0
2023/12/18 21:36,42164.1915,0
2023/12/19 14:10,42164.2571,0
2023/12/20 14:43,42164.3488,0
2023/12/21 13:48,42164.425,0
2023/12/22 14:19,42164.4987,0
2023/12/23 15:27,42164.5685,0
2023/12/24 18:34,42164.6411,0
2023/12/25 14:04,42164.6924,0
2023/12/26 22:08,42164.7841,0
2023/12/27 20:42,42164.8528,0
2023/12/28 20:40,42164.9327,0
2023/12/29 14:31,42164.9994,0
2023/12/30 15:20,42165.0956,0
2023/12/31 20:27,42165.2164,0
2024/1/1 20:40,42165.3263,0
2024/1/3 12:37,42165.5209,0
2024/1/4 15:05,42165.6571,0
2024/1/5 12:27,42165.7723,0
2024/1/6 7:38,42165.8814,0
2024/1/7 15:26,42166.0605,0
2024/1/8 21:16,42166.2391,0
2024/1/9 12:44,42166.3308,0
2024/1/10 17:57,42166.5102,3
2024/1/11 14:44,42166.6319,3
2024/1/12 7:46,42166.7314,3
2024/1/13 18:09,42163.5624,3
2024/1/14 14:08,42163.6617,3
2024/1/15 21:52,42163.7976,3
2024/1/16 21:47,42163.8826,0
2024/1/17 17:49,42163.9487,0
2024/1/18 17:42,42164.0199,0
2024/1/19 21:58,42164.0934,0
2024/1/20 15:46,42164.143,0
2024/1/21 20:23,42164.2178,0
2024/1/22 10:08,42164.2554,0
2024/1/23 20:30,42164.3572,0
2024/1/24 20:02,42164.4334,0
2024/1/25 13:45,42164.4973,0
2024/1/26 13:49,42164.5873,0
2024/1/27 14:34,42164.6863,0
2024/1/28 14:16,42164.788,0
2024/1/29 19:53,42164.9223,0
2024/1/30 14:04,42165.0098,0
2024/1/31 19:17,42165.1572,0
2024/2/1 14:12,42165.2548,0
2024/2/2 12:08,42165.374,0
2024/2/3 16:11,42165.5315,0
2024/2/4 14:26,42165.6613,0
2024/2/5 14:46,42165.8074,3
2024/2/6 12:53,42165.9419,3
2024/2/7 13:17,42166.0917,3
2024/2/8 18:04,42163.6513,3
2024/2/9 18:07,42163.7203,3
2024/2/10 14:13,42163.8229,3
2024/2/11 13:20,42163.947,0
2024/2/12 14:21,42164.0569,0
2024/2/13 13:13,42164.1399,0
2024/2/14 21:51,42164.2327,0
2024/2/15 20:12,42164.2893,0
2024/2/16 16:02,42164.342,0
2024/2/17 13:27,42164.3944,0
2024/2/18 18:40,42164.4701,0
2024/2/19 22:10,42164.5495,0
2024/2/20 22:14,42164.6254,0
2024/2/21 13:42,42164.6779,0
2024/2/22 13:45,42164.7648,0
2024/2/23 10:23,42164.8455,0
2024/2/24 20:45,42164.9846,0
2024/2/25 14:05,42165.0625,0
2024/2/26 19:11,42165.1968,0
2024/2/27 19:12,42165.3142,0
2024/2/28 19:16,42165.4373,0
2024/3/1 21:02,42165.5744,0
2024/3/2 17:40,42165.6854,0
2024/3/3 21:09,42165.8433,0
2024/3/4 19:30,42165.9736,0
2024/3/5 14:24,42166.0875,0
2024/3/6 19:37,42166.2677,0
2024/3/7 12:48,42166.3715,3
2024/3/8 11:08,42166.5052,3
2024/3/9 0:18,42166.5862,3
2024/3/10 21:34,42163.7427,3
2024/3/11 19:54,42163.8436,3
2024/3/12 19:58,42163.933,3
2024/3/13 21:45,42164.0152,0
2024/3/14 4:37,42164.0376,0
2024/3/15 22:06,42164.1377,0
2024/3/16 4:44,42164.1567,0
2024/3/17 14:06,42164.2383,0
2024/3/18 11:43,42164.2938,0
2024/3/19 21:51,42164.3933,0
2024/3/20 16:07,42164.4508,0
2024/3/21 12:02,42164.5206,0
2024/3/22 15:25,42164.6215,0
2024/3/23 15:26,42164.7185,0
2024/3/24 12:02,42164.8068,0
2024/3/25 20:14,42164.9509,0
2024/3/26 14:05,42165.1525,0
2024/3/27 20:47,42165.3128,0
2024/3/28 12:11,42165.3908,0
2024/3/29 21:24,42165.5772,0
2024/3/30 13:54,42165.6692,0
2024/3/31 21:08,42165.7126,0
2024/4/1 16:33,42165.8253,0
2024/4/2 16:33,42165.9708,3
2024/4/3 14:20,42166.1046,3
2024/4/4 7:31,42166.2049,3
2024/4/5 19:35,42163.376,3
2024/4/6 19:39,42163.5047,3
2024/4/7 21:33,42163.6289,3
2024/4/8 14:36,42163.7037,0
2024/4/9 13:24,42163.7915,0
2024/4/10 12:16,42163.8677,0
2024/4/11 13:03,42163.9364,0
2024/4/12 13:06,42163.9961,0
2024/4/13 20:02,42164.0651,0
2024/4/14 20:05,42164.1262,0
2024/4/15 20:08,42164.1932,0
2024/4/16 20:12,42164.2666,0
2024/4/17 20:15,42164.3468,0
2024/4/18 20:19,42164.4343,0
2024/4/19 22:04,42164.536,0
2024/4/20 21:04,42164.631,0
2024/4/21 20:51,42164.7356,0
2024/4/22 22:14,42164.8536,0
2024/4/23 10:16,42164.9086,0
2024/4/24 13:45,42165.0451,0
2024/4/25 14:36,42165.1738,0
2024/4/26 15:01,42165.305,0
2024/4/27 22:30,42165.4833,0
2024/4/28 20:50,42165.6111,0
2024/4/29 20:53,42165.7527,0
2024/4/30 20:56,42165.8965,0
2024/5/1 14:06,42166.0022,0
2024/5/2 12:37,42166.1348,0
2024/5/3 11:46,42166.2663,0
2024/5/4 14:16,42166.4085,0
2024/5/5 12:50,42166.5167,3
2024/5/6 13:05,42166.6201,3
2024/5/7 12:46,42166.7079,3
2024/5/9 13:04,42163.4907,3
2024/5/10 12:58,42163.5453,3
2024/5/11 11:31,42163.593,3
2024/5/12 11:44,42163.6664,0
2024/5/13 19:00,42163.7612,0
2024/5/14 17:28,42163.8316,0
2024/5/15 17:44,42163.9154,0
2024/5/16 20:00,42164.0121,0
2024/5/17 13:11,42164.0808,0
2024/5/18 20:06,42164.2128,0
2024/5/19 18:36,42164.3151,0
2024/5/20 13:33,42164.4031,0
2024/5/21 12:45,42164.5153,0
2024/5/22 14:54,42164.6487,0
2024/5/23 20:21,42164.8063,0
2024/5/24 20:51,42164.9422,0
2024/5/25 22:10,42165.0869,0
2024/5/26 13:01,42165.1738,0
2024/5/27 3:22,42165.2584,0
2024/5/28 13:33,42165.4665,0
2024/5/29 13:06,42165.6058,0
2024/5/30 13:49,42165.7471,0
2024/5/31 13:52,42165.8761,0
2024/6/1 12:12,42165.9857,0
2024/6/2 13:58,42166.1001,0
2024/6/3 12:46,42166.1895,0
2024/6/4 17:57,42166.2873,0
2024/6/5 18:41,42166.3611,3
2024/6/6 20:24,42166.4317,3
2024/6/7 14:11,42166.4786,3
2024/6/8 22:12,42163.1383,3
2024/6/9 14:19,42163.1787,3
2024/6/10 21:12,42163.2079,3
2024/6/11 21:14,42163.29,0
2024/6/12 11:57,42163.3396,0
2024/6/13 5:52,42163.4097,0
2024/6/14 14:30,42163.5395,0
2024/6/15 19:42,42163.6678,0
2024/6/16 21:28,42163.787,0
2024/6/17 21:31,42163.9028,0
2024/6/18 19:53,42164.1427,0
2024/6/19 19:53,42164.1427,0
2024/6/20 22:06,42164.2868,0
2024/6/21 19:46,42164.4107,0
2024/6/22 12:53,42164.6557,0
2024/6/23 20:49,42164.7017,0
2024/6/24 15:01,42164.8138,0
2024/6/25 12:53,42164.9464,0
2024/6/26 12:53,42165.0858,0
2024/6/27 20:46,42165.2545,0
2024/6/28 22:01,42165.3784,0
2024/6/29 13:28,42165.4471,0
2024/6/30 4:26,42165.5119,0
2024/6/30 13:46,42165.5438,0
2024/6/30 18:40,42165.5621,0
2024/6/30 22:09,42165.6579,0
